sepal length,sepal width,petal length,petal width,3.2355023849,1.50973239475,2.45545004384,1.76515297686,3.13017283592,4.46662536628,4.06173320987,1.69751566301,3.28393599569,3.61521985671,2.22714970783,2.75560761438,3.56192354834,2.22432472136,3.94906415312,3.03319734337,2.62174819033,3.43265586043,1.98526173764,4.49291969337,4.53270120419,1.63744402179,1.86699390568,2.49885216554,3.77403134049,1.44395429129,1.73309641397,2.69043493357,3.11240108857,3.84919461903,4.21159548173,4.32801771377,1.38510025515,3.5052271589,3.7737723657,2.8089477375,2.54658476843,4.21651726513,2.04303000771,3.10170142352,3.97213177537,2.09463451685,1.37237189448,2.1589889679,1.32759236979,3.20437917916,2.26819054574,4.6036452439,1.20735316409,1.30426897888
5.1,3.5,1.4,0.2,1.77547825004,4.74854425489,4.19914208817,1.77732755104,3.08229616034,4.58464990395,4.57549006807,1.47186345394,4.58027988344,3.99131568349,1.70338279209,4.92813909214,3.89576379706,3.48809768837,4.74748737673,3.26033618709,3.64211919726,3.82016503018,3.4550192802,2.88647821488,2.69498919014,3.74111667213,1.36164075961,1.53122996996,3.15001931471,4.93287969758,3.69396184976,3.513466502,3.74033850229,3.41151570714,1.50699093238,4.2995704245,4.95364327025,1.42051419143,4.73459681688,4.95788412339,3.67802965488,3.90753699846,4.06992717925,2.74358766299,3.8932436819,1.56439521811,2.2722301236,4.13079126467,1.62016239932,2.63685728326,3.14729383384,3.34852216103,1.90559604602,2.51637152335
4.9,3.0,1.4,0.2,2.26354659375,4.33242413135,3.28638118343,2.07845060942,1.1517702415,3.31335824614,4.40748486578,1.94783138294,3.87328037088,3.72188721238,1.71740882758,2.8165321811,1.28224661878,4.51716923961,4.74342848899,2.45151472018,3.54057244106,1.15904677126,3.70479779814,3.77384973364,2.62002759371,3.3623750519,4.0687193441,1.89485111087,3.11257639873,3.05597288938,4.25299618883,3.48954557212,4.65186211198,4.37699909164,2.07665880565,3.45301327149,4.99647855032,4.46139107111,2.03172326901,1.75920242369,2.34589908073,4.06089607401,2.49811021544,1.59689385791,2.90686402742,3.77489823468,3.36162389932,4.53791302099,1.39961518674,4.56728538798,1.59595529165,2.84360724415,1.89957123044,2.68609247909
4.7,3.2,1.3,0.2,2.90342563782,2.5103691285,4.5207361713,1.96818756505,3.68009411183,1.13389014855,1.95985057757,2.20373057513,2.29665360502,4.37290859772,3.65024079015,2.22551491692,4.07640908086,1.26460513938,1.90102795056,4.00245611223,4.14325103447,4.81534573782,3.75775010191,1.33255979786,4.11646135402,1.71414533144,2.076357425,1.4004741452,4.196621966,3.60828662775,4.4327421432,4.88167975427,3.19490343187,2.52298007442,4.15026413633,1.65998563745,4.70045682597,2.66577405072,2.20210486043,3.03660974269,4.89695096818,4.61076605785,2.85137258286,2.51890098618,1.31817636071,3.89871370016,4.54891250496,2.2406108229,1.00788438108,1.46320244448,3.60121829828,3.38473267948,1.25811024032,1.44792708875
4.6,3.1,1.5,0.2,1.33272177309,2.29696313121,3.66217550868,4.94970005926,4.72776995858,4.44492188614,2.66311759049,4.14752085795,3.54790750656,1.92103819664,4.46323715334,4.20804712642,2.56592503582,2.21825360156,4.53166456568,4.59689063564,4.25141093931,4.94034471237,2.48983781124,2.25386603523,3.24905303978,4.78018471821,1.53338568535,4.02753709501,3.01677968222,4.50168654837,4.02327915756,3.98174107633,3.48567946124,2.61027485717,2.25809309263,2.63800445785,1.2664122292,2.44069954977,4.18652782773,3.18146261398,2.82125255433,4.23072109055,2.45426231601,1.70090288518,3.82155132021,4.45599861587,4.48352524035,3.73018779038,4.31709019087,2.90593241991,1.38277401729,2.83395799784,3.87355409071,3.50948559551
5.0,3.6,1.4,0.2,1.96473253937,3.4498741238,4.64923293428,3.40146731905,2.92756746082,4.99665294664,2.62765583397,4.86591051548,4.5748349166,3.8066505273,3.11448607759,3.57318013266,2.27520458816,2.19355530407,2.61340043731,4.14273520409,3.92400091203,1.99799547692,4.96805053463,4.64323187016,4.1930482134,1.94099412736,3.75906772372,1.00031911183,4.49005755473,4.80191655599,3.6024988236,4.06408193467,1.36964814667,4.56816466987,2.72014431415,3.97605426262,1.9482689899,2.95483083402,3.42958972721,3.46342546089,4.41493957629,4.6032188935,2.94543308448,4.15184704088,4.47816624167,1.17775409421,4.77814856068,2.68114390427,3.38868738691,1.04916958554,2.61748769052,1.49871975892,4.42543430624,4.59874908674
5.4,3.9,1.7,0.4,1.12763506186,1.93426813172,3.24299798514,4.71619990013,1.08312617199,1.50386432061,2.31887721448,1.93592765213,2.39397599184,2.92998274724,2.29678683146,1.71235068851,1.60090366634,1.46925798988,2.08458648405,2.51444574677,3.49943508523,2.87988021387,4.76364140233,3.51672861734,3.30824939264,2.81305974066,3.59210693396,1.38335116355,3.85162169485,3.40446909204,3.43713626421,3.09607727156,1.18154584894,1.61936796743,4.82399561254,1.07897226795,3.90933931454,4.61868786205,1.33293944696,1.00390521291,3.29678537681,3.10163209108,3.70395544175,4.29311572646,2.62585450354,2.14104354161,1.66495009828,2.51320294178,4.03850802856,4.22489241814,3.63183472519,2.39095078026,4.88743124788,3.84191983995
4.6,3.4,1.4,0.3,4.31774561347,3.7096099999,4.03321231621,4.80946158394,1.07454287617,4.41695161014,2.75827802137,4.91127703598,1.38116321839,1.24014933343,2.10210462145,1.42567466303,4.6071087376,2.96598022471,1.00382494427,3.97869761183,4.70454065819,3.02724538909,1.60157349302,4.03750717176,2.72630406481,3.49125816538,3.3589244575,2.91399305357,4.99391558486,3.26053896188,3.17099607999,3.43916071124,3.32260653219,2.12041815398,4.8946627184,3.25036570113,2.66709204921,2.65561326806,1.09494683092,4.13575155942,2.35594095279,2.81681749832,1.32089017092,4.37161801955,2.54493476004,1.92882609614,4.17680019605,4.81414630585,2.00794731406,3.47446692649,1.9113384576,2.27345728039,1.95944204775,3.00532639213
5.0,3.4,1.5,0.2,2.83328579487,3.65581003098,2.13100477046,4.40047183719,3.61515854949,3.39243482881,2.11450021137,2.89865371617,1.32447162096,2.10771065816,1.75443699657,1.35517042168,1.62633092045,3.92253504243,2.72337833105,3.75030342695,3.2803223145,3.38583023554,3.01147862305,4.86580052093,3.9316059481,2.42238786838,4.60531674002,1.25459470908,2.52774440082,1.70026137122,3.86849913842,1.23808418767,4.41881818071,3.54977632535,1.76790204844,1.17150714973,3.7280550857,1.64466037834,4.28319591776,4.97442453248,4.82619990728,2.3593613163,1.1426839276,4.96548342083,2.6939384593,4.93171146135,3.60575088127,4.46072893084,1.87188222286,4.43430649653,2.32231447855,1.83755139212,1.57511359832,3.2906190068
4.4,2.9,1.4,0.2,3.08607221728,2.9415327983,3.38034293552,1.66485541833,2.11330427403,4.89934099647,3.45748679555,3.35067027163,2.86270419691,1.27843780026,2.10929383852,3.80898519211,4.00927584574,1.4859912149,3.79837827187,1.76877890726,4.70415122936,2.58875778151,4.91015240148,4.2551437753,3.93586115011,4.16776951453,3.26696991232,3.28083768006,1.96991594847,2.95966095185,3.06877535648,2.76185853337,4.46663383428,2.07067360492,3.11965896999,2.60145640572,4.58166987926,2.01316707827,2.02205918026,3.76603931287,4.44148019997,3.21822224482,2.05131936858,3.70479184964,3.65137683471,3.55656866955,4.58335769833,4.83740853995,3.52489681615,1.64304545087,2.53743761051,3.6853343602,4.78768572702,3.03205331483
4.9,3.1,1.5,0.1,4.33581099159,3.98111833516,1.72600922836,2.31135355736,4.25172514032,4.1878750476,2.09126588212,3.44980349284,1.4314997946,3.72444473451,2.68684528387,4.62664733358,4.88908389583,1.35327374055,4.77442252779,2.50060337971,4.03414649956,1.54551935478,4.73882525007,2.57926833311,2.01336640325,2.52388336808,3.45918812449,2.35982537378,4.09017871112,1.42783566913,3.37442429308,2.71155888741,4.44338737993,2.98827535849,3.45215940822,2.35378462202,3.13595810531,1.55779627754,3.30477100241,3.52804922154,3.31041880617,3.23068056256,1.56596566093,4.66509510011,4.16820751179,4.16781606024,1.4129096335,2.30769111898,4.87090173164,1.66697183496,3.57605061325,4.33472055834,3.93867255994,3.61485843228
5.4,3.7,1.5,0.2,4.8726171521,3.29868984461,1.02408330666,2.79784544989,3.9181705512,3.44652806092,2.16451862736,1.08904684531,3.0520205543,2.56602338917,3.75159165576,4.80792994938,2.96065832216,2.5174744594,2.41401063552,2.12506479253,4.42732405246,2.44591037115,2.84370396468,1.32922036672,1.49090480197,1.0202536604,2.78287919448,2.18039203388,1.43006439561,4.49948882172,3.86602208222,1.3843823023,4.90673275106,1.76002982588,4.01149200246,1.0839935087,4.17672574836,3.18268308704,1.78453556978,1.09319686686,3.01266975119,3.32784500048,2.7692998478,2.45487500831,4.22426599883,3.61964704286,1.52646433889,2.80953965764,1.36772526347,4.02979361253,4.47827792099,3.24074541835,1.5725566409,2.65258607902
4.8,3.4,1.6,0.2,3.6722719758,2.43080887691,1.30800763815,1.80079881722,4.67353250303,3.55550201171,2.83013818048,4.5016692035,2.18336453415,3.54402820833,4.77501158769,2.89876981056,3.54698031446,3.02729683938,3.02386775004,4.56786047956,1.10389664632,1.08340749904,3.58315126832,1.58537327134,2.46199402144,2.56050476575,1.35392923741,2.37727508123,2.70575628314,2.42253113944,3.31325230083,4.1806407375,3.28877558119,3.94535406873,3.15591468599,3.94671323318,1.24004403813,1.44316458926,1.91753107567,3.92194863919,3.90755651484,2.89347819076,3.64784854056,1.27384947524,2.69013039902,3.97021983437,2.17148691027,4.08430321688,4.89887686392,2.4745166053,1.16524950561,4.22153037431,3.54813324437,4.79148366498
4.8,3.0,1.4,0.1,3.00599834205,2.57371580092,2.41264392436,4.63554050852,3.88861535747,2.46376397499,4.82940071446,2.94053463631,4.22319763438,3.01481673157,3.45278963898,1.27222049713,2.54545721583,4.04733209335,2.8153673346,3.66077294568,4.2553648113,3.77500205749,3.75652765362,2.65360177543,3.11798402058,2.08586237876,2.51599450657,3.425662434,1.32643167673,2.70999451771,3.47711853671,3.38050877837,3.81810983698,3.24087299526,1.05261064114,2.51012962588,2.41391620496,4.34512504404,3.51033699009,2.79697364596,2.54220538357,3.36923307228,2.24986305323,1.57415643936,3.38097402403,3.26767914818,1.22801953517,2.50992760827,3.11523665557,1.2906670065,4.10605968578,3.87462523086,2.99473691866,4.47366821634
4.3,3.0,1.1,0.1,4.34138618818,3.82356301794,3.22521475644,1.6646765943,4.91850151843,3.37020097696,4.35704212208,2.38345544952,3.81987305722,1.68272291001,2.44002604251,4.0901167485,3.62487581256,1.32456493307,2.7000375978,2.52033516731,2.61425912723,3.20051781159,2.19064602705,1.15969601652,1.39232017476,1.36398167838,4.70076653653,1.80303302328,4.67898149324,3.31991258477,1.57303936901,4.58824146963,1.92549438309,2.28671747244,2.89861519557,2.20067715498,4.33001639592,4.31790795981,3.27600972036,1.92794988199,1.26291052778,1.05641858529,4.74945328914,4.8734829017,1.10707566625,3.84542392464,3.72411493297,4.25077810554,1.06066568342,4.48626122562,2.88538012045,2.01170891113,3.7191669026,3.03511667873
5.8,4.0,1.2,0.2,3.78131883328,4.47048033866,3.92688752289,3.87603459114,2.42981245527,1.18056428285,1.3830809888,2.02126368995,3.8623510052,3.84365860523,4.19280981042,1.92546213714,2.20048634816,4.85493177304,2.73722645007,4.07907644201,2.28447612563,3.06988924318,4.07186564385,4.82913621149,2.6291874169,3.67562640238,4.27469658695,4.13168256046,3.93518007199,4.5495724948,2.07996585648,2.56135398933,2.86144506101,4.57368608415,2.23254674002,4.43896455821,2.78235165392,1.59986425595,2.35589933269,3.59643263454,4.39354089558,2.58439889729,2.62626858321,4.8332226533,1.29271145873,1.89410685817,4.02328433348,3.05505598057,2.36555382962,1.47288099898,2.80595017808,1.58794025684,4.296702084,4.6400222913
5.7,4.4,1.5,0.4,4.78886839501,3.22118204682,1.17439324461,2.37545630829,1.65639349762,3.96490218436,2.34709566949,4.72230137036,4.34397821599,3.66531592978,2.62507810926,4.41062027146,4.54557775338,4.85972903968,4.02599743456,3.04136572251,2.16115511325,4.74384642312,2.8790128933,3.46803359831,2.29045756606,4.65769936514,1.78970715139,4.43573266567,2.09643535458,3.77951558617,2.08106655952,1.44367844972,1.88759054977,1.21974101729,3.66491172047,1.68179727981,3.66751515243,1.46414753715,1.44353370055,4.01404781518,3.81516064846,1.51668943823,3.27044054363,4.43821551824,3.66712066878,2.49699638936,3.58362018589,2.85574865628,3.7354095036,2.09202176335,1.34227611054,2.31119551784,3.21820476633,1.1506281436
5.4,3.9,1.3,0.4,4.90787210987,3.04070896919,4.30915070442,2.12255363627,2.20010578029,4.30595792579,3.26576781011,1.9330760068,4.76533516988,4.30870748059,4.50861005413,2.07903900631,1.06270180012,4.20723705509,2.27762494397,2.94063709269,1.54303690825,4.65317310035,1.10440060684,3.43710131781,3.31755436505,1.3047395781,3.8085039315,3.679528188,2.75638488023,3.8811192898,4.63267958732,1.13152419018,4.23090138275,4.39849082681,2.62956745433,3.31760465705,2.03797062646,1.18749552019,2.54342785179,4.12002317534,2.44948806026,4.1679392113,2.36349455532,4.40085793004,4.03477509685,3.38023541163,3.07703006975,2.66672101994,1.1856707337,1.39237171011,1.07029188751,1.99739302859,4.71162877382,1.55763172717
5.1,3.5,1.4,0.3,1.68592489789,4.90489479193,2.82576972935,2.46263821013,3.60968837961,2.77823430232,2.99560464557,2.69942523223,3.29770326186,3.34494548136,1.43908220194,3.00623286893,4.8333417597,2.05611588947,2.10110619149,3.29915964035,3.96223385773,3.72489945908,4.78309425578,3.01510051057,2.43326101774,2.3094013457,4.50759095106,2.24656565674,1.23698385699,1.14014308292,1.66670175029,4.20158067452,2.80424063129,2.61276088034,4.91695858467,2.11099203135,1.18523527072,2.04720576792,1.22981678493,2.93439394024,3.58842828002,1.19995407321,3.09869059611,2.7777883751,4.3350694505,4.44221470326,2.92126197649,4.04601125536,1.30286907286,4.22601560783,3.1713954197,3.88062954264,4.51004368736,3.6617524556
5.7,3.8,1.7,0.3,1.40171565328,1.94542106753,3.82458865226,4.53690011668,3.86108818951,4.53353302493,2.94710144199,2.06512244869,1.1845865488,3.76425118229,1.69160199743,3.99591995564,3.30397621624,1.84012428504,3.5289217112,3.42734464168,2.47488272082,4.12430235008,2.19305647598,3.3880134677,3.89090953996,4.32508512653,2.02707876007,4.25708667727,2.42439717651,3.0592586264,1.31942750388,4.86613926404,1.29176916695,3.05325067918,3.45568106269,3.30280848304,1.29551666624,3.88718091798,2.43260192669,2.18769483445,1.29080858638,4.31453460766,2.2945232269,1.04530041167,1.40978487677,1.92425948988,1.28773443544,4.63051501849,3.42858273506,1.60804258897,2.74532602423,1.74621819495,3.89553689958,3.46707793933
5.1,3.8,1.5,0.3,4.97375729151,3.65237835779,2.60128827206,4.74094874146,4.55196199773,2.52784842533,3.65131141757,1.57126965592,4.25971313234,3.73138127153,2.89812760907,2.29302955151,4.46968606598,2.2718480683,2.85578190773,3.5272083005,3.55653772841,2.87960210495,1.39946841951,2.01034472971,1.01236271857,2.94799333038,4.03937554959,3.42339265652,4.82308315684,4.60607944701,3.89639590394,2.36847515766,2.55145228377,1.90572845891,1.73406197369,1.59223594386,3.03135626066,2.03776809721,1.95772032878,1.70202698042,4.04835097617,3.94557880281,4.68066973864,2.47235187614,4.60620067731,4.79738083651,4.29615803624,4.86057699806,4.07194847225,4.44968834908,1.43824713129,4.26209743992,2.58273086777,1.63155058726
5.4,3.4,1.7,0.2,4.60788033462,4.58127577634,2.55649306478,4.70039176802,4.10424340086,3.54751137603,4.61582399272,1.79535028391,1.8763928899,1.09377204198,3.74726082477,3.9416606966,1.79884310742,3.41323266505,3.15777157332,3.74946088425,3.33829331367,4.29461581542,3.67982131011,3.01248443465,2.66936406539,2.27243422639,3.76344432531,1.09626132943,1.99922364968,3.47984083686,2.67781032385,4.04249693747,3.05681595639,3.18704879085,1.4299116333,2.83027498673,1.61899243389,1.44766532092,1.70921254889,2.90281983116,3.30293511437,2.59202260143,3.58255976661,2.32417722033,4.50665591456,4.43106242195,1.77828918724,2.85045635056,4.09514035323,1.39517904519,2.47876424381,1.4548735007,3.05080213044,2.26839682037
5.1,3.7,1.5,0.4,1.59073013268,4.14425822522,2.30776245115,2.12289443758,3.02206155714,3.58875889293,1.73899753378,4.0130700669,3.01930437656,2.00969436552,3.77183289594,1.51630289064,1.59700277381,4.74311424958,4.96582542394,1.60602243981,3.30479280385,3.13934049517,4.29656331285,3.96905732989,2.02176077382,4.76221319509,4.75462450498,4.20681257713,4.0309939887,1.22999241518,1.29414489908,3.30797281439,2.68976228889,3.38693688715,1.36781432985,2.97351959156,2.35075645112,3.94123032067,3.73131088043,3.53732276267,4.00008040203,1.98701953122,3.7847837844,1.98656363596,3.45946961765,4.78204508217,4.06848492404,2.99151821697,3.6429608899,4.65933907551,1.79535667505,4.37500011856,4.56742862524,2.57250752822
4.6,3.6,1.0,0.2,3.53462866536,4.07179594749,4.64365177284,2.70820285736,4.45429756409,2.49693405815,3.34703010984,2.86372503687,1.36913451946,2.08921602636,2.7770435722,3.41284041893,4.90861424205,1.66460439171,1.4436565705,3.36647230281,1.26676562478,4.08655463595,2.95519368225,1.85930298422,4.62874432686,3.25219912879,1.7535416847,4.85930497209,1.63147914382,3.5897660509,2.41025127994,3.84842240818,2.7092286809,4.87594772411,2.51000359435,4.74306082239,1.76739542065,4.01323791654,3.11504746327,2.07818094506,2.02902155727,2.39900447293,3.8501823585,2.36670822506,3.11310550843,2.73773750547,2.06260720022,3.93195025803,1.52952077572,3.66962662951,3.34868685595,2.30578435421,2.60681036119,4.8821095089
5.1,3.3,1.7,0.5,4.31697451879,4.45348428803,1.4349905083,1.56557156034,1.67448692163,2.52838931468,2.00841587257,1.41388496387,2.50139133455,1.5880808872,1.08397591621,3.45401386783,4.80444010635,4.24466249474,2.33242041907,2.22476545986,4.92421089496,4.55317283058,1.33019692801,4.12603170051,4.61933753914,1.90727597728,4.36415852105,1.15577373842,3.25282637465,2.84412355288,2.20659223549,4.28368934303,4.43804897095,2.47500680588,4.83038971529,2.01187498856,2.85155691001,3.23692819911,3.9169195832,1.60028863241,2.69082069779,2.42791598192,3.59297516462,1.0292563611,4.88971581309,4.44800932456,2.66250869412,3.48158582619,1.11671421898,4.07830173248,1.27139262025,2.79701138073,4.43835369375,2.71709357218
4.8,3.4,1.9,0.2,2.04279501654,1.62355343788,1.40282887158,2.27653278534,3.69993149263,4.68538586403,1.38870595667,2.68224747003,2.48056081723,3.0483210301,4.57389170789,3.43041727268,3.84300296857,3.53330428898,1.38937301547,1.91710751677,2.62508914526,4.58515774606,1.02101823049,2.64082166903,2.36539470844,1.22953165064,1.03457858141,3.36682495609,4.70000789512,3.49138577378,1.62732482403,3.30989146113,2.29940441408,2.45285316204,3.63602905126,3.53930420876,3.59035456433,1.8059680084,3.10486842311,3.07095459979,4.32183422921,3.44084924829,1.53410230023,1.87291182602,4.17506987249,4.86298636086,3.69410353795,3.65366631174,3.38365157656,1.31496546315,2.48359979301,2.42440730286,3.11464115047,3.16901964099
5.0,3.0,1.6,0.2,4.15170722033,2.58362623162,4.97410748105,3.3203156909,4.46729776056,3.26217953205,1.75640853272,4.83781226907,1.98704716936,3.43059203853,2.85939825152,4.87772186782,1.47129636072,2.76678875367,2.29798453762,2.59399171401,4.6713370938,2.18430713898,2.93926706994,2.97483588987,4.50894038978,1.94346490891,3.7711940653,1.90037853784,2.31406910862,4.69197337957,2.14473269858,3.10396841502,4.05014326778,2.35664976239,4.41547902161,3.56610368091,3.57028499379,1.30597257479,2.50121203458,4.64735289271,3.46293032301,3.38986093193,2.43348306255,2.28367879024,4.16682396052,2.24038716367,2.30808218154,2.69985096911,3.07032416959,3.06802070911,3.42291714958,2.66991517914,2.11932629939,1.66853506491
5.0,3.4,1.6,0.4,2.40537498475,1.75735427581,3.67427353433,2.769519008,1.40334375869,1.21873247125,4.12001152411,3.04847184573,3.44373257386,1.14138874969,4.11193042285,3.46419860938,1.97914433187,3.61752723867,4.319373383,4.36941893015,4.42204814252,4.56643749191,4.22754388595,4.34347523439,4.01685346763,2.23904717566,3.71672032716,4.41548901292,3.05831922093,2.62608840888,4.77060454725,2.82450515813,4.39659799882,3.60967999131,4.88820191428,2.37903549306,3.03940725232,3.60856119134,3.48112899088,4.87620566029,2.23782963814,3.79047713866,1.18551909078,4.77254052433,1.88500061206,3.72029500068,3.6685713911,4.34527402513,2.88522624698,2.94007400887,4.48586016379,2.76042582586,2.20429968225,1.99844030378
5.2,3.5,1.5,0.2,3.88064278817,3.17674074641,2.99218765993,1.20584367617,3.90727568479,2.403771908,3.10792672127,3.8635077184,4.66502159216,4.30759588612,2.64636669367,3.03475071439,3.14018594956,2.52685384053,3.61797987215,3.23249989018,3.77586778306,2.41249350346,1.89194604281,3.57945459736,4.43029660666,3.97641718545,1.52469909335,4.15390377438,4.01514725737,2.49886705503,2.80686862601,1.91160405628,3.87029671444,1.87013213089,4.41524199306,3.89693414764,1.54433831573,4.76216935125,3.94175075913,3.64109101192,3.55601092636,3.08716320186,2.12768861134,1.59365705376,4.3517249109,2.94379357422,2.83302093564,3.25552613734,4.79398935211,4.5149620475,1.38238038229,2.40030127925,2.04721562472,4.56765264681
5.2,3.4,1.4,0.2,3.23491674285,2.89316414215,1.45967823281,2.83489257343,1.1844985409,1.73956858368,1.62714079216,4.5103008527,1.20646818803,2.61890168367,4.21619987738,3.8239061587,1.59600813954,4.93753973145,4.42081944682,4.23493235586,3.59888888313,3.31457004241,3.39951558276,4.91498514156,4.53959081046,4.18859016938,2.10577996834,1.01383053914,3.20938355106,4.28466911803,4.08718469198,1.00981721443,2.84280208545,2.87165483281,1.17440512228,3.34835071813,4.32675164875,4.69707102683,4.07269975077,4.60705561849,4.92132300581,1.45535673568,2.84460653825,1.21683816451,4.12474977305,1.45018433946,1.80541588319,2.87611473243,2.39867990281,1.69280417313,3.3702994039,3.49879121807,2.65388215916,3.79030947897
4.7,3.2,1.6,0.2,3.73017260956,3.68269529041,2.75769603978,3.60705402775,1.40168681375,4.92011199457,4.93315951032,4.8165296642,4.83168178986,4.80567303792,4.44232758478,2.68546292986,1.84060618748,4.38566957515,3.33507909033,3.99634826371,2.72630884508,4.53470357129,4.80928995937,1.63068596517,4.49836466557,1.76837764117,3.93337002602,4.85096318155,4.19326624514,4.05831824774,1.91361460229,3.07354362151,4.06164770464,2.77535039288,4.396020275,4.55302408361,2.52234363703,1.96644640849,3.31759553554,4.88608231234,1.56128736767,1.70276419932,2.42852016033,2.13127124613,2.9307525975,2.32718484665,3.43835823781,3.33565041541,2.34988388403,2.94597758801,3.16631649357,1.84206392933,3.23926640371,4.30471885085
4.8,3.1,1.6,0.2,3.44609024038,2.47424551779,3.91454889864,2.26499275711,1.46865004244,4.92973217834,3.21884502893,3.87371442529,2.59999840776,1.83848542871,1.82585407447,2.52329004438,3.99098912208,3.62668968694,1.19515171396,4.66519785699,4.18116601093,3.81059421189,3.33981527356,3.88331168118,4.38468023905,4.71402454069,4.50277718852,2.67332342419,3.41012219064,1.29429639443,4.10033164328,4.78029193611,1.36518374677,2.1975244829,3.92029232546,3.65956742983,2.89380136186,1.23298985477,2.19743278778,2.07758308148,4.57543747647,4.47269619739,4.7385048292,4.81688269023,1.25522986618,2.81404962687,2.82951012897,4.49306874797,2.49538301088,2.25480665226,4.37927134314,2.7452734129,1.97837150687,3.01123092572
5.4,3.4,1.5,0.4,1.16120412188,2.63166759654,1.41505397747,1.68918880675,1.70564341909,1.2916253747,3.34693828613,4.73087161277,4.40094459321,2.85878220236,2.71763185558,4.93117661502,3.83471827696,1.50021585525,2.48812087666,3.46489613217,1.16634119784,1.20664474062,3.79125193292,3.32126834094,2.69954412086,1.98170668023,1.65996801549,1.86815997311,3.01692447273,2.34291016646,4.34478487021,1.95595076022,1.22247724172,2.33465624069,1.50509930396,2.20826048785,2.26302110504,4.6312052453,3.58590524299,4.76908853128,2.85647925936,2.77209336294,2.20565169617,1.05601417606,4.60996062582,3.16849894579,3.47221224725,4.10265577243,1.73101788548,3.86212345749,4.06083591941,1.17985862115,1.44443454902,1.16155057982
5.2,4.1,1.5,0.1,4.74279304904,4.82808041041,2.90310421492,3.31846334216,1.09396140524,3.15770569755,3.73196205204,4.52350246696,4.86834933548,1.79634668622,3.83389847369,4.98083256565,2.38802121562,3.75410450733,2.02433390986,3.82039954815,2.71849678886,3.71622356169,3.08810077039,1.97883316146,1.92045677737,4.49921692253,1.8555614648,4.76976166846,3.26012983029,1.36328577349,3.18540003499,2.54636651327,2.76248052959,1.62201411174,1.78704465772,1.19577691161,1.32463152169,4.74713196093,3.26746769808,4.60334302312,1.78759676971,3.13559583293,3.51951886909,4.08311919376,4.36683496369,4.87780726724,4.10014137743,4.54914798148,4.10251973093,3.5178008158,2.82759870011,2.51307223675,3.54236670746,4.39811397183
5.5,4.2,1.4,0.2,1.46648028236,1.12315405848,3.29113149263,1.12384048698,1.29688672673,4.28644092826,3.97887982902,3.17054699042,3.45757736303,3.40689533284,2.53618757368,2.95508447297,3.25152925215,3.71105043444,3.59604832253,2.91345855705,3.31483191407,4.93783494372,3.04732094956,4.41383962026,1.84640480185,3.576295392,1.57844940162,2.73061843874,1.41097855636,1.93782129285,3.20644135445,1.27110109495,2.29044110697,4.57749313447,1.94227968537,2.96137464335,4.22926652699,1.55044501264,4.00333237235,3.72167292725,1.85846664136,4.90996627007,3.6960241958,3.94262309328,1.11436450848,1.15006559827,4.74574223957,1.07398054816,4.69767640752,2.60318578258,4.51717018522,4.8871553627,1.1324458551,3.77252170158
4.9,3.1,1.5,0.1,2.70233869606,3.00360581192,4.03054678739,2.15014209066,1.66972479191,1.7277205156,1.6553337524,4.46811183278,2.95115946135,2.21098766634,1.22864871981,2.24414372925,3.95572069236,1.51934937402,1.04654090434,4.44205214804,3.77092227151,4.98024139923,3.63692611616,4.44483607073,3.37950355213,1.21683978934,4.05131911153,2.94744271932,2.0026964345,3.36336310558,4.54729424753,3.82725701789,2.29704029673,1.99628159273,2.79072278512,1.25234724264,1.30445000655,3.22583993974,4.91482364409,4.3307688955,3.58740807689,2.3247005463,1.10514085414,2.90503450228,2.11477869905,1.52910480981,4.39798005457,3.06277207198,1.04441644194,3.48753764104,1.88725802763,3.18998774333,3.67483271606,4.35424392081
5.0,3.2,1.2,0.2,3.87215404137,4.76510116311,1.04911741821,3.89404571941,3.06984279705,2.42937190149,2.38696854324,1.64131937669,3.92917178671,3.66527796639,2.35160066695,4.19664721758,2.4608090969,2.14710227922,3.63618898756,1.35603575618,1.89649412898,3.3800341915,4.67546687287,1.90746311693,3.34571686583,1.77711784484,1.87777368597,3.5138402261,1.11857281884,2.6375011643,1.665347759,3.09193605973,2.70481265234,1.48408185671,3.286998589,3.44132041577,2.22863962566,1.71156602531,4.524851206,1.63800014514,2.62029394225,1.8589880496,2.29161126678,4.65585698299,1.35915306242,3.18513773426,2.8983953473,1.97755106276,1.41433771827,1.98563400442,4.75240207042,4.86269598387,4.90565733548,1.61730484402
5.5,3.5,1.3,0.2,2.61270119041,2.15161748084,2.46186867327,3.75122621473,2.63392120173,1.37238225372,2.59868596085,3.32015268963,2.80188736976,4.43654960668,4.76871151372,1.84194927184,3.26387473412,1.13647562788,1.5606558347,2.17180804014,1.49285981945,2.01123650588,3.79505062251,2.04853483142,2.79339386063,2.78602155533,3.31969961323,3.90189551147,2.24319126119,4.22075951865,1.79087824655,4.1754337644,2.30552131642,3.83352349165,1.9508605077,2.81541833925,4.81571704624,1.66130399991,4.74260715622,1.1898680476,4.71125840964,4.93867476337,4.93692282168,1.66093919149,4.98069903924,2.91858851371,3.99479149662,1.94001471954,2.30988784113,3.96011176276,4.86555858859,2.63156114614,1.49972475456,3.5026359009
4.9,3.1,1.5,0.1,1.51278809685,2.36182471859,1.58488117255,1.5783518956,3.94032935191,2.17413740558,1.60116906978,4.15398164303,1.71451752151,3.17199980768,2.65869230556,4.75429072069,2.6585901957,1.06952185949,2.97544583789,3.50471451365,2.80209209767,4.69694735885,3.09462976312,3.42034525496,4.33994159133,2.79004446348,2.91963885293,2.13716979883,3.62459642353,1.25451901567,1.35931303314,1.55303520415,3.66199447507,2.77010607712,4.58842253429,3.35544144759,2.25878884165,3.92516303264,1.87604942009,2.9537707625,4.77558657208,3.4657063397,1.767812245,3.99961792035,4.89090025719,3.42185247714,1.43200997256,2.56049502701,2.90255332435,4.33009680148,3.52060543226,2.12209564769,1.96489039489,2.2699636079
4.4,3.0,1.3,0.2,4.12751451703,4.65409242311,2.31648287156,3.5452656746,2.9358696486,1.72821952339,3.6379705808,4.09177844863,2.63917092121,4.85280551116,3.78106745095,4.98257921469,4.8537539684,4.19315548697,2.08971159963,3.85770699953,2.93163290993,1.03816041197,3.97205878163,2.15894504199,3.30176600912,3.60063235495,1.29954306411,2.89839744452,4.84458559645,3.16077187076,2.13421358661,3.79940136135,1.31039638879,1.30152967335,3.43074606834,4.40701136421,1.47486182676,3.00051295952,1.19497781347,1.18777985149,4.71250358953,1.51195295482,4.84523261413,1.08990650821,1.31787442592,2.15648020481,1.45392467176,3.46439770011,2.42973313157,1.75508025096,1.0379360992,4.05414957574,2.12082599968,1.97811945668
5.1,3.4,1.5,0.2,1.8007437538,4.46080600971,3.06254862476,1.34181860602,3.11311038914,2.57511135855,1.63574762479,1.38707119346,3.99755546857,1.00808555651,4.71492630153,4.47660435101,4.56503428446,1.60928657785,4.80145509288,3.09314122149,4.20687042808,4.86605363009,2.83074595856,1.23556800833,1.94579828098,2.9012907724,1.97123576532,3.40738877957,2.90364893288,2.74124020084,1.31806957062,1.52046919101,1.1100605046,4.35493293879,1.07914679224,3.98595789709,4.41282773979,3.28253607787,4.44665410004,3.05006324843,4.32978961301,1.09568980208,4.77615980285,2.03998884889,1.27636494699,1.78887138617,4.15446437555,2.49606428346,3.36782407497,3.11982971345,3.51266865652,2.16734188537,1.9121759892,3.48301381239
5.0,3.5,1.3,0.3,2.09940418047,4.92561106095,2.82103831145,4.52585154025,4.60754785747,3.58000383486,3.87286208815,2.95533727581,4.2177125396,4.98705510733,2.15899640025,3.09938065405,1.33520496717,4.33319349494,2.76365249486,2.56954806841,2.95660352839,4.97601319858,2.92666169552,3.80561868019,2.32770778356,4.05897161953,4.27006497742,1.53474812213,1.85413569801,1.82555093091,4.18061960153,1.23303326692,4.04199955581,1.4733359081,2.3355149142,1.60715809168,1.86104611616,1.63934096013,1.31302252971,3.46854308988,3.60982934001,3.70088523933,2.11444447615,3.94145184769,3.88752786102,1.75433799582,2.38535813307,4.97125532921,3.53125227159,1.35606763645,2.03250205406,1.11541057059,4.71335349887,2.94116126275
4.5,2.3,1.3,0.3,2.87736522102,4.6581644421,3.52349150263,2.16742063112,1.48947083409,3.79937187793,3.80603808138,3.8480740942,1.29335218261,1.91309405072,4.35399875911,4.6312575022,3.1232244941,1.60726937394,3.87871248628,2.11236599323,1.02490192906,3.40935752382,3.12268137886,3.37836668567,4.77631346938,1.46309703312,1.84652071835,4.50167808956,1.3292315483,4.46551320868,2.01792284236,2.95578054908,4.39602183985,2.17787151683,2.17488647676,4.64513756842,1.36587904677,4.31994040477,2.77628319471,2.57316725186,4.57986957966,2.52908278756,1.18728165084,1.56949519053,1.37990917032,1.5345734161,3.70765441457,3.99369155054,4.98864267826,1.34588406441,2.13547388521,3.82013838022,3.89378836428,1.21920760156
4.4,3.2,1.3,0.2,2.90912720327,2.5692935279,1.49815095059,1.60780290533,3.78148948003,3.69878377354,3.30915982972,4.83735237631,2.25521962871,4.95119052649,2.91157508603,2.64082854016,2.39159256834,3.48451136777,4.7657330064,1.32794710794,3.01612196651,3.61476311441,3.28533013927,1.4737325535,4.7448368112,1.69434450381,2.82756336798,1.50807479946,4.02027617814,4.74134603633,1.36158117519,3.38725954647,3.69301458818,3.21997249345,4.68575597335,4.35779480402,4.35328573333,1.99833133309,1.9862085583,3.78158982259,2.86183643442,3.15426121916,4.82174674177,2.67050715126,4.24411192809,4.33393588679,4.83371758211,4.72083697128,3.16168960327,4.90644673872,2.03931718356,4.24558332768,4.15921084303,3.6465292382
5.0,3.5,1.6,0.6,1.90576748658,1.59257379528,3.45985125583,3.10034612803,4.51572487637,2.55251527771,4.36857569885,4.56970085218,1.56938663628,1.0342586292,2.14605737506,3.64030777912,1.03233064482,3.19326294588,2.94375180374,2.64395011958,3.04636520698,2.99152856296,4.67905109238,3.41913841376,3.55336036569,4.06293205018,2.87467839031,1.24114349862,3.87718943437,2.36287901701,1.4754986304,4.550954071,2.2989580549,2.27592019184,2.7223195791,1.42079997482,2.59621964,3.60537920756,1.75981652629,3.1950953288,1.14787184766,1.18975417243,1.96758420061,3.45740793747,4.26319504267,2.60738111326,3.4860347325,1.38266064267,4.09603551227,2.59917551363,2.86784313984,4.87209154164,2.5988165575,4.67475079372
5.1,3.8,1.9,0.4,2.47105299648,1.97153707004,4.15527701023,1.82891693885,1.77230719553,2.20390709056,1.96984186801,1.1477156031,1.87177578229,4.73572703973,4.58432326279,2.44351945288,2.70218889242,3.55065284298,1.98927928231,1.582829509,4.56249187885,2.93028052859,4.76871741452,1.29194766925,3.0620361952,3.20870095275,1.11667756209,2.48135065875,4.14702559074,2.05463322482,4.39775345388,3.55463545661,4.23884431401,2.5890157883,3.7897041911,3.84246827223,1.42072941649,1.75358641448,4.06203251541,4.64074425076,4.57977239467,4.73168521121,1.39399890466,4.49527100064,2.47734358259,4.35092519044,3.80030980033,4.40166200746,2.37086117194,3.72608726847,3.8798327594,1.74710560989,4.2702370206,1.32470574006
4.8,3.0,1.4,0.3,2.54857473599,3.52218385902,3.48728240255,2.62702292346,1.62648881934,4.61985639163,2.19322130282,2.66819234186,2.10000688854,1.65049206675,4.37169031783,3.33593248155,4.18631314446,3.28734108627,4.28959441043,1.75299551389,4.80537039646,4.62454936017,3.4297123994,2.59080081966,3.33185534083,2.71468377371,1.32785181019,4.66720764505,4.12512982085,3.10466006612,4.19793981113,4.03533943134,1.31937935101,4.97330969272,2.14560044899,3.38223684271,4.54873920596,2.33870684948,2.75443266361,4.23594620606,2.40465932076,4.57549950699,2.21420182231,3.16495520158,4.54160478089,4.8963028417,4.26145446789,2.27364212969,2.38123377456,4.45851926928,3.50693725786,1.97338139277,1.83058154057,3.377796542
5.1,3.8,1.6,0.2,3.37272576675,1.739655727,2.90878164567,3.77793070037,1.34168710066,3.3848375889,4.04079680906,1.70567925397,3.02763698134,3.26068434561,4.38328801822,3.43464325444,3.63685765332,1.94943694856,4.68912635902,2.73596883013,4.86360907769,3.6209129429,2.67427651525,3.72139041326,1.51133381868,2.80520409912,2.96096116406,1.89499267797,4.53873293782,1.06561564806,1.57604283511,3.86113070778,4.00594398469,2.44300187354,4.33887798795,3.134950941,2.01885535919,3.86866533377,4.99669659788,4.62438984919,1.6223834316,2.91294482538,2.2447813394,1.9932618794,1.84668083914,1.67682937606,3.87674965054,1.52332897801,4.52349183973,1.15191054056,2.96662406176,3.35758774487,2.45074983786,4.0894951483
4.6,3.2,1.4,0.2,2.83986217849,2.09596394539,1.53309034103,3.63980328471,4.486982077,4.03432715701,2.33210090904,3.11661886304,2.83683287835,1.13001742375,4.86503876487,1.39256590792,4.20354443041,1.56496705229,4.81913596101,1.5726837746,3.50464401431,1.80916184367,4.3575145593,1.80632518495,4.06204654271,2.96639929719,2.722606392,1.68380880154,2.17423500288,4.25668768119,3.48695158977,1.6852507337,4.84848462992,2.43825008126,3.33510839224,4.81191612797,2.086843344,2.81649576444,4.92448323908,1.25715901093,2.57240986786,2.49865665585,3.16740548213,3.50551860685,1.92937616389,3.88149202878,1.09391800598,3.02189921474,2.05659418537,3.26659642317,3.45622151665,1.06181527938,3.23040800787,3.80385564439
5.3,3.7,1.5,0.2,2.54467572579,1.19829155661,4.78708577613,3.10067646924,3.52077589664,2.69686295395,1.918037138,2.33251594619,4.34222669842,2.39707231691,1.76779783185,3.11924850024,3.63160058878,2.66395671957,4.86633099998,3.65356525718,1.34711406481,3.64062254364,3.31694035004,2.78082244789,1.36199531946,2.186949179,4.51402073767,2.34432891705,1.44775579297,4.13214879701,4.17863905102,1.06350824412,3.04477187918,3.82727663273,4.5206539514,2.26491203495,2.53937131968,4.01330186188,1.92856777151,1.53649225725,3.80703058415,2.71287234693,4.53340797103,1.77625271823,2.93104319531,4.99937659975,3.70590193652,1.54302911807,2.72070927669,1.25811790447,4.78588560902,1.9237653255,3.48882586765,3.51219148282
5.0,3.3,1.4,0.2,2.43625367274,2.52675400638,2.5809227004,1.57384515587,4.78929859005,4.11981141962,2.78948544354,1.33362758321,3.55484800174,4.89689036385,2.32352159944,3.87932357829,2.60376675824,3.15215869498,3.81103829807,4.45771610334,3.54196139142,4.19936905471,3.28239798769,4.94695310622,3.65477031674,3.25856579593,1.31975277079,4.81960907039,3.21360295259,3.85624830294,4.080420316,4.19116875244,4.60009962725,3.37359557202,1.27365114132,3.56286289601,2.63842520384,1.78667845297,2.75710507104,1.57041665563,4.16708833271,3.27048948573,3.93778224794,3.63115078384,4.63034561924,4.00432798799,4.87426438169,2.65891744828,4.13265148008,2.37622914147,1.27670729244,2.86287498138,2.08988366369,3.29118634915
7.0,3.2,4.7,1.4,4.54599517232,1.52834560296,4.55665878845,1.18028337357,3.07212989901,3.93747531549,4.99696498555,4.53721230454,4.58051313039,1.45357293678,2.0598043227,4.63172936859,1.46130728946,3.63962553779,2.05582033598,3.55966391418,3.99171367971,3.48316144323,3.63421389513,4.14784020246,4.56567121343,3.22372913092,2.38717919018,2.90760045356,2.89087274876,4.55357086304,3.75876121078,1.29000318864,2.09969063023,2.03037075028,4.6569879083,1.25790427207,2.30667574963,3.52499098141,4.91458024787,3.19241620832,4.06147662084,2.25786345127,2.08192458566,4.12491871823,1.2584258613,2.71528406207,4.08619507849,4.42955266762,2.54775917159,3.18067164698,2.98389503706,2.30380147307,1.30227143479,3.47400282338
6.4,3.2,4.5,1.5,1.59923273967,4.83691708399,3.87853825264,3.07879810724,4.26945510938,2.98982008418,3.80198837654,4.64212394412,2.9092692622,4.17030506534,2.5704825891,3.29581005262,4.26551269055,2.48538188672,3.87614987603,2.93464707652,1.98093965107,1.59398671655,1.43266360465,1.9242354464,4.93745029983,4.99874107893,1.29699269825,4.58285122979,3.60125275208,4.75476155424,4.36300543725,1.73798582115,4.62948390985,1.70523591145,2.23059876498,2.45505225955,3.89289829233,4.50607419053,2.57654605413,3.24712645424,3.4314473601,4.7813767504,2.2298931996,3.69235183907,4.81245080936,4.40658814136,1.70294345161,1.18468426745,1.90124795651,2.20473437656,4.45315946623,3.42708666953,2.88411703863,3.23804825434
6.9,3.1,4.9,1.5,1.09767412679,3.5713300535,2.44863804767,2.03552879577,2.69809600624,4.52997399758,1.06428484566,4.29033357544,3.25877257627,4.12477912131,4.80210842738,4.85588206736,2.98218273628,4.13185380341,2.46342690682,4.01769281315,2.74012138478,4.82531465962,4.4425028583,4.05777754258,4.57001266813,3.48246808986,1.73164949891,3.48742766247,3.76022053109,1.89149892197,3.93596663384,1.07107277442,3.46948772942,1.09088218077,3.21374932504,1.89017050959,4.53247740292,4.70970370952,3.13790222288,3.34022069869,3.83909273184,2.73487312514,1.95741594571,3.68120115938,4.92768247454,3.19860615715,3.4144619915,2.20831031878,4.35316376723,4.03952004974,4.00307466922,2.84746194906,2.04805913924,3.45322921448
5.5,2.3,4.0,1.3,3.77235699366,2.97064363638,4.44510715418,3.4817243823,4.96009956102,2.59180850444,3.94646637398,4.71584713226,2.40257794344,2.99055269557,1.0933267252,2.01336730959,2.09361186887,2.62979548887,2.19407605022,2.02141481343,2.84989747914,4.41015442912,2.19745481089,2.0157844299,2.47335238935,4.9341821594,2.16795406892,3.0025788512,2.49116922991,3.61173886559,1.56882328542,2.43136044732,3.08196170892,4.26512480812,3.13719367,1.00451721955,3.24201710939,2.05113451123,3.89363489456,4.31029083413,2.22746552146,4.08835075224,2.75324805058,2.98394372651,3.18449909096,1.74673946142,3.00660139307,2.47426219044,1.98706641745,2.57753911894,2.83403077526,1.80648350614,2.623622733,1.83205140095
6.5,2.8,4.6,1.5,2.14812492464,4.3165752166,2.1806409767,2.59813516241,4.14394926337,2.34205395847,1.16613788609,4.93225293963,4.83367957207,3.99418202892,3.01018225379,1.94922392002,1.25589685896,1.77613761656,2.22665538213,4.9670416863,3.52628548152,2.39775147952,2.70128300632,1.06444842427,2.81022393829,3.78826137654,4.97839029141,3.13713324868,4.9274016461,3.71693633055,2.48547267133,1.35590285387,1.51731527514,3.8651208291,4.60815613853,4.096921844,1.32427883649,2.90330234945,1.14662223637,2.49043710045,1.68746868125,4.30535380128,4.62305926589,2.19176746376,2.22974165128,3.09074289781,2.25190480089,3.04621678592,1.96463284726,3.61341410911,4.83722741503,2.49650625612,3.91477573715,1.19179877953
5.7,2.8,4.5,1.3,4.88278451907,2.82864624481,2.08422971196,4.452849458,3.17081286792,1.55926153243,3.11568517303,4.17686665456,1.63369668058,4.02089627783,2.24084820772,3.72329881135,1.560558919,3.39663813236,3.14771220014,3.39106554393,4.58380980182,2.94366996182,4.14666767837,4.03933621723,2.18645001129,1.04494997215,1.74248381575,4.23181682579,2.74274863649,4.36940315153,2.04391746785,3.32505825095,1.3053928889,1.12147134616,3.17945599629,2.83326372639,2.59502374388,3.26709412653,2.35005986253,4.92063769752,2.37459782625,4.81550152964,3.52126363354,2.54835576203,4.62478855131,2.81716098489,4.2355463846,2.31323911762,4.49540824515,3.53852609721,2.87794877941,1.03182239478,1.66494836114,1.31696352501
6.3,3.3,4.7,1.6,3.37998969234,3.263703937,1.80898832958,2.60450623422,3.94461949626,4.82846244807,1.54765943343,2.26060497559,2.28078524433,4.87408647531,2.65488947922,4.81926111588,3.09630524014,3.84080659015,3.42405425623,2.02420337074,1.80591090929,4.8275267008,2.81647928591,3.94605728841,3.2714414913,2.6500577885,2.60896965447,3.2078334281,3.44573650865,4.43876543475,3.09826398578,2.99371490733,2.24355750308,1.90654776358,1.27514821713,3.25493865132,3.06807760605,2.71292097147,4.88927883151,3.07163350879,2.48635363684,2.9815808897,4.43222600472,2.57885158838,1.62077984566,3.84728089803,3.5957947457,3.51352408831,3.55037038683,1.928168195,3.37919505625,3.13479579937,1.24593396513,1.45746691068
4.9,2.4,3.3,1.0,3.89859687737,4.63600393608,2.5494924485,1.51470549668,1.47980599696,3.59296976564,3.90819605228,4.91033154749,4.96124660776,4.87211350178,2.65810493845,4.61407481863,4.96260992942,1.96645084075,4.3379471435,2.79983419925,1.43356400262,2.32260754857,3.06735429166,3.7774519343,4.083816866,2.08613330006,2.46192699675,4.71708670184,1.07138584668,4.10678851096,3.25991627337,3.57285509729,2.82632704578,3.01821096225,3.44226344543,4.62784027658,1.42088013077,3.82918553452,1.8461457176,2.74011173502,3.61440448181,1.0782007632,1.25133822047,2.16570036487,3.12057120392,4.53906099311,4.57255126034,2.47003203304,2.15533908663,1.23122747133,2.78872997207,1.3097439819,4.29235649682,4.05139371473
6.6,2.9,4.6,1.3,2.30551594985,3.63582796266,4.56445499352,1.37110873873,1.93182488219,3.8337797934,2.4499412633,4.41789590297,1.93117676021,1.70526847093,3.03704244435,3.46670246356,2.88240839363,4.44843064612,4.00319102807,1.9776080121,4.66383979094,3.58957483274,2.31113508692,2.05130996713,3.74651406061,1.58667821123,4.26818737664,2.0027821096,1.68465278526,4.05268903103,3.07452474081,1.96695491853,2.28307664306,3.72792738772,2.28030547286,2.64309549742,4.49223650101,4.53768583987,1.27680267735,1.40650557416,4.8688077457,1.38391965128,1.77684974754,4.22809169693,1.69099072248,1.30814512119,4.30149649088,1.33303801409,3.50075616681,4.50808974778,3.85729882786,3.17960627434,4.71988408299,2.69843922351
5.2,2.7,3.9,1.4,2.95657388276,3.73826481361,3.25974907163,1.56834376495,3.11087612398,4.51226253102,1.53073552926,1.67023996171,1.13594552394,4.74484955135,1.63526533156,1.21392760254,2.5799798824,3.27550639619,4.43642480088,3.20022550492,4.26611082373,3.57632931372,4.28288135459,3.04101779335,2.6872799269,3.23391012362,4.45553655984,2.61980865429,3.11563890151,3.37772860966,4.64708701757,2.07799653348,1.91456823353,4.13266411153,3.26841960479,1.42887012653,4.97716418054,1.00847505354,3.5025786908,1.25639737218,3.47379902429,1.98989462888,1.6068047789,1.91647863145,3.42954238408,3.03924820307,2.10835904515,2.54630069419,3.91221834663,4.85728706528,1.80456558462,3.55141114581,3.55311882807,1.92933181865
5.0,2.0,3.5,1.0,2.44480386185,4.77966246555,2.24546315739,2.01473050135,4.87341874223,3.71476407385,4.27163857684,2.45577608664,1.47539375136,3.05958789528,2.47935724045,1.47316523326,2.83662681806,3.80765742215,2.35680051537,2.8531249624,1.42742646064,3.1207152177,3.74818267776,2.45874635812,1.82415464532,3.7388075465,2.29947831919,2.5418260655,3.94251910977,2.63859245023,3.64570952337,3.69611642588,4.33332857238,2.7128169337,2.11277999226,1.45411401594,4.29611713478,3.55977930285,4.07531240498,4.18974326324,3.90162595124,2.16773405801,3.95479543582,1.02780636188,2.77097756768,1.51583570325,4.4790250503,4.56485998073,3.74464508053,2.8918232183,1.26515244791,1.32353985795,4.96785072237,1.57378671825
5.9,3.0,4.2,1.5,3.36564511419,4.60464409294,1.40503095107,2.03196030175,3.58455816244,3.64487003496,3.53776208419,1.70307784547,2.39882291964,3.57307900555,3.10366181475,1.79549666436,1.20476315101,3.44481608128,2.72660502997,3.92582597401,2.60696159864,1.93672496032,3.54921040266,4.9388448286,4.31811679496,1.87148493246,1.73837816975,3.31385193717,2.84594161811,1.73798360375,3.33098341836,4.38155951217,1.91623014189,3.75467346693,1.59666484244,4.88323523593,1.55125658243,1.89661197757,2.82770356629,4.00298573222,1.0830014074,4.8015853454,3.15632929117,2.25140086677,2.78593424197,4.06295824189,2.44638786043,3.70102908588,2.33534773765,3.58535038328,2.38542919646,4.10246692221,4.37899885341,2.74049606994
6.0,2.2,4.0,1.0,3.53956403876,4.1637257002,3.38674503962,1.3178399689,1.78048771913,1.39252426141,4.18458111104,1.64392343599,1.00303032084,3.56596906236,4.79601229899,4.82682039636,1.99102719199,3.21181881648,4.27682721521,1.98962016407,2.50737035679,3.61139436515,1.87512303001,2.97828746973,2.35353024386,4.82900645697,4.75334450628,3.51179927795,2.48772059326,4.1462227233,2.32542626476,4.37561907575,3.12937744769,4.32152772043,2.26823413498,2.3173100293,3.67713588088,4.118321925,1.01450005721,2.69922070492,4.54951207168,1.03254154907,2.11439245766,3.89106593503,2.69367827369,2.55700160676,1.44391201458,1.5231721437,2.14731333273,2.81163579744,2.61983352548,2.36686259963,2.77101302207,1.43792541448
6.1,2.9,4.7,1.4,3.10976705892,4.66539384583,3.44865562475,2.62306824179,1.94713035595,3.24180764895,3.39320674623,2.72917717994,4.00310275815,1.62131781559,1.02051919151,1.94771908258,1.98669018219,1.52383820859,2.9466371455,2.15193195593,2.19746363835,2.48808663869,4.0128292333,1.50052168738,1.1544287246,4.92769307096,4.2283602696,2.40621694659,2.6484509709,1.89694472411,3.34680618361,1.59783921684,2.05192221,3.82587409496,1.92529268355,2.87643496098,2.9907387052,1.97448267571,4.83894398154,2.91113912978,2.26433460423,2.76469929194,3.91535038567,4.89089644863,2.66154977316,4.15236978769,3.16749466881,3.5300957976,2.28452012293,4.35933165343,1.52555096184,2.95817474091,3.71700052321,1.84778240553
5.6,2.9,3.6,1.3,4.54284409857,1.55807104732,4.45348945598,1.86348613558,1.81428081147,2.85392928867,4.90139538632,2.72625921007,1.40267173561,2.15380691086,1.634334491,3.79962751118,1.98139734942,1.32996545996,4.95977582337,1.55441354585,4.66410203874,4.94813196993,3.2735900781,2.30983145404,2.31831399036,3.68585727604,4.59389352351,1.78602283008,3.78866187887,4.22738812006,4.24392693732,3.09151069227,3.55949127736,1.20179006602,1.91952805802,2.53115542095,4.68029787524,3.52058026792,3.95089553634,2.18206176426,4.54374613567,2.61763673134,4.51109125905,4.87167123443,2.66498534875,2.38055254755,4.03035397134,4.13910492624,1.16280411044,4.81596308298,3.7686357034,1.93946144039,4.99020244441,3.8285314724
6.7,3.1,4.4,1.4,3.73948654001,1.18970686366,2.78226255381,2.60326672463,2.8775478434,2.55981290336,1.00919036363,3.48688593334,4.28583520129,1.35135900369,2.31475130373,3.14750620524,3.09983000013,1.20346435894,1.06443502885,2.99501331433,2.82852401296,4.05771746444,4.64470410635,1.44734082301,1.53129685093,3.15130827836,4.36894557907,2.9926113962,2.43873536164,1.06119880414,3.98945243235,1.44922691672,1.77814227359,3.03234263156,1.11433287209,3.4579184765,4.13359147614,4.36077788962,3.96506717339,2.85612080632,1.65828298158,1.31292001181,1.21172030889,1.12646520853,4.48747591994,2.99772439962,4.65953338105,3.79604120163,3.96027150174,1.50063773475,2.10916007608,2.7509912818,3.71782984605,2.56746106421
5.6,3.0,4.5,1.5,4.03346515984,2.60302186689,3.2129596837,4.74625209342,4.72719392485,4.52494840069,4.5221391953,1.53883762118,3.77775706005,3.40323837737,1.1128344562,4.67163058592,3.9726614591,1.82357335589,1.81215822959,3.84770755026,4.39399125564,1.84014781974,2.01423217039,4.59996120717,1.32903920241,4.85361948589,2.21762971219,1.89492592812,4.09786763402,2.8821215062,2.75197337814,4.34165410886,3.65934434855,2.61574353888,4.35057540828,2.81489715171,4.82437302535,3.280800288,2.56770565725,3.7727853866,4.66751437646,4.65430069537,4.52605789156,2.70697396488,3.72084407496,3.27194213924,4.18522588491,1.8338386622,2.47057471968,4.36273426844,4.23822543434,4.69292926026,3.1718452492,4.7817150527
5.8,2.7,4.1,1.0,2.47527837891,1.5643847735,3.16546800495,4.87294806178,2.39862560261,4.07033379565,1.67869333509,2.49638220825,2.12742517466,2.18035350459,1.72884413248,1.67368172165,2.0935038172,2.95226644071,4.10949276345,4.43018576318,2.52791544732,4.37177892344,3.35639844197,3.46439498075,3.89178263717,1.53468560494,3.58214762062,1.87354714681,3.07857443378,4.66547676174,2.31562572719,2.85418061982,4.88999252916,2.3502459058,1.39111312986,1.46489332029,3.35804756663,4.6341012912,3.59345887925,4.97490983606,2.40286291986,2.49916504402,2.92890733973,1.84143784124,4.74206252188,4.04016615368,3.20677220899,3.44171637095,1.99642105952,2.95008500405,1.13643851696,2.06879423961,3.71611065616,2.23211656301
6.2,2.2,4.5,1.5,1.23775251923,4.00013974357,2.23538553731,1.78037404158,3.537567682,4.61422947177,2.27688360464,1.16309798415,3.61929869857,4.93226441916,4.84292853617,4.17528964025,3.59492565425,1.17675006953,4.72771211922,1.4702652547,3.51240105525,1.55304504414,3.98866151814,3.39378377115,2.02925364875,4.26098488568,4.30776355318,4.6250701806,1.30214385944,3.93864338811,1.29942299578,3.7702683397,2.42400978351,4.63368585397,1.77896383969,4.26927805855,4.1871063037,4.44494918058,1.54845485887,1.31658021256,2.65181042711,1.01632388689,4.22320858428,1.62198007409,4.12123120359,4.0322577216,3.63748640968,1.6712219648,4.32472576649,4.34174573982,4.28107816442,3.6901533428,4.46921064041,2.27278593854
5.6,2.5,3.9,1.1,1.73437761211,1.62144290168,2.92840684819,2.55627936567,1.32622608282,2.43055066976,1.85206517536,3.76808776228,1.73002043707,3.72780056651,3.25364018639,4.77250026334,2.20652743411,4.29848472049,2.43713892654,1.21143174075,3.40047147385,2.16870028236,1.36030431266,4.16108852251,4.11715971138,4.46615916559,4.72635921119,3.53665051976,1.44754779106,1.29997726726,4.25823191168,2.65473665945,4.18446659381,3.44363168129,1.64227350753,1.49758294541,1.76131092545,1.60413691097,1.48523771069,2.24852677532,3.60931765456,1.25010121314,2.29159607185,3.78630332851,4.38034940257,3.39414026169,3.93163280581,2.59235729144,2.55913844512,3.72727385059,2.33686153452,2.15545430757,3.82222415466,4.98821134214
5.9,3.2,4.8,1.8,4.14915562464,4.18820180096,3.36608100031,1.29238848635,2.36535114178,1.95799867051,3.37050576434,2.59893941847,4.59610874542,4.37104491969,4.80392087564,2.72977607865,2.79448046484,4.0904061245,1.84364373023,4.84717329511,4.21983221391,4.6454566694,1.74593980793,2.4685536373,2.62215886585,4.33798138179,3.36228782295,3.91956715825,1.98087067601,4.88082425169,3.14704743383,2.57707385123,1.74109294735,1.54530160279,4.46148719085,2.29562218655,1.32567956811,2.94909455616,2.99871922297,3.16766839469,4.44256593863,4.24602658496,3.90523323093,2.38136179646,2.02642796354,1.11314063528,3.24390392209,1.56688688154,2.99786792356,4.6490523182,1.77672281097,1.45742073917,1.12975148901,1.89655927696
6.1,2.8,4.0,1.3,2.48443114566,4.45257309941,4.50562501805,1.04464971879,3.04925614314,4.6719260877,4.82215630603,4.36050965994,4.28642296741,3.94693482001,3.40208510677,2.20278562362,4.76086942041,1.94961915146,2.71227773445,4.30171622517,1.94903308908,3.2449161714,3.00025440802,1.15806301549,1.45387136329,1.23235592006,4.53971390005,4.14380687704,2.0704085403,4.50702285599,2.06848798385,1.55313971499,4.57633272184,3.24076169434,3.30237294548,1.6551164457,3.17796665841,2.59318078325,2.59984031848,3.8360572995,2.07266725936,4.92457434786,3.57610597604,1.42918889282,1.46957147644,1.96399341934,2.46072885506,1.52966628168,3.53688812507,2.32173512581,4.96582954121,4.02590410522,4.08238794073,2.26986735747
6.3,2.5,4.9,1.5,2.08059953662,3.21303157986,1.45313378063,2.34166287175,2.1992680621,1.33010940401,2.81104469642,1.92737987013,3.78372701685,2.99033210295,4.55503109317,4.62562044517,3.82786703467,2.32894744149,3.98617744014,1.72790227152,4.06299715313,3.59099532003,3.24496585834,3.02363847101,4.041723183,1.63521138952,1.88045775285,1.1914651672,4.09395504837,2.53241715219,2.61904965606,4.40230160683,1.9099271917,2.92871937393,3.45543546145,1.72902651783,3.83319228071,1.00367727291,4.47818096692,2.69486854629,3.24088944483,3.44479114224,3.86437078184,2.42851195045,4.01964544851,1.91556864903,2.09376024025,2.06137076959,1.07541358834,4.07369100418,4.53164409711,4.13511393342,1.0825114568,1.45795311128
6.1,2.8,4.7,1.2,2.39624873738,4.0436394405,1.18809510644,3.30361680056,4.51661381548,1.4713134193,1.40462945507,4.47259289377,2.66356382058,3.84151227791,3.98301097328,4.72619175711,1.57386266081,3.70898230553,4.25770063635,3.31416074462,3.95633484423,4.44355055835,1.23063061789,4.59547699963,3.66727710756,3.42808143012,3.72122733354,3.77848034881,3.97272629163,3.91255718545,4.69765769523,1.29457051388,4.28596689739,4.30247134784,2.66858383908,4.38310106728,3.25316156889,3.90927954462,2.97595500395,2.97987292367,2.46566155593,2.46320085243,4.1301091603,3.03444305723,4.3026396978,3.25200517193,3.57643273358,1.67846477981,3.38484715361,2.87525051806,3.7126993471,3.75896346225,1.7134330767,2.04290947803
6.4,2.9,4.3,1.3,2.81152995332,4.72091586173,4.97531086136,4.83413204035,1.24995038126,2.26335225804,2.44806508626,3.12957673179,2.64328628529,2.90204091423,3.23957657832,2.84060976317,3.93551929791,4.88627109803,1.90480629539,4.29399159129,4.95508322787,4.26819991263,4.34531939427,3.01994010787,3.89897138123,3.70597716152,2.75902315372,2.83407881063,1.90269032422,4.79321842451,4.64267735851,3.71066447563,3.17915888057,4.87244916617,1.85199545634,3.00467176008,3.60940078138,1.61817888191,2.9752416006,4.37244160065,3.48915144789,1.95171065454,2.10026945204,4.81950104726,3.80676335518,1.71215022165,2.04819809001,4.3603018678,3.65317516794,1.25723600657,3.96428490335,2.25138956951,4.60994062403,2.77444591033
6.6,3.0,4.4,1.4,3.35252671723,3.32707460174,3.83809208227,4.57372030709,4.95809265573,3.62619227176,4.32749461301,2.00957575094,2.77032409261,2.84024264934,1.02675229867,3.61771235063,4.20939762313,2.26282145863,1.1519053555,1.79911739103,4.93226763571,3.32978978707,1.01099295683,1.3436725131,2.52626564769,3.11466226868,3.4882349277,3.72363096015,3.54593208304,2.12310864244,1.3420967698,3.37594170856,4.43690052603,4.39828221317,3.88512851336,3.83561258605,2.13721473983,4.67819227846,1.70475275412,4.143688178,2.08515638674,1.84902824009,2.17326006977,3.3139474026,4.02650390768,3.23675510048,3.76500660408,4.40663270707,2.67229746212,3.07822343436,3.82580845936,2.99803325153,2.44323901593,1.93636747739
6.8,2.8,4.8,1.4,4.2576220484,4.16675941821,1.04996377386,3.27705743076,1.50729099525,3.87587168818,4.25252707301,4.77059918861,1.55582089368,4.53644567271,3.75666466093,4.86205449946,4.09921414866,4.14517580437,1.70979335192,1.80799914455,4.02496876662,3.90767454454,4.86738960375,1.42142454728,3.62136405925,3.57754745412,1.03339449539,4.73594236716,2.10794565234,3.21088588741,4.43856634826,3.24724404501,1.78849682341,4.20909995266,3.57979512353,4.20563437247,3.27209212851,3.61778712422,4.58277623075,4.25197648374,3.93157251463,4.43903142281,2.43602440518,4.4763140804,3.00373342486,4.45760094988,2.94169434432,4.36810710189,1.17829655428,2.73643264207,3.4557219942,2.8863072729,1.97312691454,4.81752592767
6.7,3.0,5.0,1.7,2.37267169238,3.2290606521,1.31723894867,2.55408941216,1.66434195357,2.05064697859,2.45548842638,4.98496878709,3.39480360388,4.60739708039,3.81403415899,3.53218825255,1.70588116155,1.98966344607,4.92924869218,2.93938857001,4.23297768402,3.48938796246,4.11625725651,3.99516400191,3.4580849911,1.18099904361,4.10288618393,1.90632767244,2.45193561307,2.66527698564,2.97071143026,4.53547944786,3.95950328231,4.25368263973,1.71058325365,3.90363303824,1.632658763,4.32782766655,3.05615753903,4.18914338575,4.74316905093,3.58016562095,3.21107510667,1.39767387891,4.44025011664,1.32829405952,3.70210122002,3.04145362326,3.09431932143,3.92329220537,4.65999170996,3.6313304587,4.70197453715,3.66569565007
6.0,2.9,4.5,1.5,2.06056319636,1.01001824975,3.72373276051,1.54778937178,2.2853070507,4.51175733081,1.33801347392,1.12084284345,4.34042033097,3.16571478128,4.99774033401,1.48733783006,1.52415439871,2.91518019308,3.71909064999,1.90390644806,2.65861033506,1.32500146762,3.07494517412,3.28020303807,2.73203317519,4.05615250532,4.16124519673,1.373049046,3.03029745866,3.91434200388,3.8871548436,1.95765965562,3.55232418318,2.78608295364,3.24392228084,3.4640199003,1.37779355841,3.12813742554,2.65901993072,4.82168711414,2.56543297048,1.0612953524,4.82458499969,2.70397585791,4.61781759009,1.36026495975,4.8077355383,2.02959410486,2.38078709779,3.97988020787,4.05476744087,2.32987184715,1.66790665086,3.12841372246
5.7,2.6,3.5,1.0,3.55476954397,2.02464221281,3.09679789242,4.40624610059,2.52296105342,1.75098698219,2.916613503,4.25009333035,3.33711028396,1.67597705801,1.06474729049,2.91444989252,2.66558139908,1.1038719859,1.53152279913,3.01315186838,4.80369681485,1.94250801339,4.4219552538,4.62849005649,3.31743384927,2.2432124732,3.84803682006,4.93100037433,4.23331866065,2.13274754232,2.86196287677,2.77972001454,2.13909932595,1.57153406714,4.94729403323,4.13339700663,4.41918413277,3.45568274383,2.82303400228,3.7811427198,4.81561574084,1.2768692315,4.06442827893,3.11136480172,2.28953382128,2.01793697745,2.70908023383,1.51399778905,1.99304153794,3.60998282752,1.60895463503,3.34868586164,2.15068664393,2.61590082275
5.5,2.4,3.8,1.1,1.4743607991,1.81275266657,3.6366985718,3.40296308237,2.444978084,3.12107480108,4.69586292197,4.81162418984,1.6287930217,3.6708376067,3.94893893508,3.85854823578,3.01148339067,2.48044008573,1.39181623428,4.12162506299,4.99919591279,2.32113871839,4.27930287111,3.62196760197,3.95881204836,1.74733396911,2.77730229897,2.12205754622,3.05222435618,4.86445483053,1.42464707149,3.43813007037,3.56690520076,2.85637973589,1.22291945522,3.95128684813,1.59578681771,3.15177348523,3.45775272811,4.94096649503,3.25389872735,1.07041707486,1.71456232794,3.26656059733,1.4095046625,2.02034716096,1.62279202066,4.12949098378,2.62048885069,1.96738333737,4.08979143394,3.44982686415,4.5551755437,4.96884544785
5.5,2.4,3.7,1.0,2.92850264433,1.25416250915,2.85099522231,1.57991731038,2.01536208277,2.04506772307,4.97741855423,4.97113784069,4.45680559893,4.05841007749,3.49713783904,3.61347413012,2.57834759314,2.42423400751,3.98605803269,4.58050158378,2.26778696155,1.37221345218,3.23964825542,2.80437348613,1.49452268097,2.27739823006,1.07892502725,2.22103897603,1.83006842676,3.06989972597,4.33118449939,2.91306228672,3.03034244913,2.92819621351,1.05372535221,2.60728955619,4.65651870091,2.96537006636,3.52780713095,1.17081796042,1.81537683675,3.30143561943,1.61332294939,1.90649348113,2.35435299095,1.41516845714,2.3562100078,3.03943057591,1.56052010545,1.44689637089,4.30859852291,2.12484163031,4.66452962513,1.89546751665
5.8,2.7,3.9,1.2,1.82333378763,2.05787038072,2.38615653542,3.93271187523,2.60954940919,4.22823980139,2.89464107228,3.79488951102,3.32980540809,2.61397023335,3.37363502915,3.89550953961,4.12354400437,4.93162771368,1.84250037768,4.97800242462,1.6262623597,4.14464731649,2.65996779186,1.543939236,2.5556254385,3.54437751113,3.99583156661,4.80509869208,2.68392034929,1.02137876026,2.4581572197,1.89699958891,3.93886293624,2.58929040039,1.97055728359,3.97416241202,4.47836552941,3.37895634095,4.9918419787,2.39299011156,2.21655504127,3.2521781964,4.48849898058,1.52212950622,3.71633706571,3.67663601785,4.37319799126,3.43048239174,4.45851163881,2.44876578104,4.74000998436,4.71584703301,3.38801722174,1.97042895433
6.0,2.7,5.1,1.6,4.99916947637,4.289983892,1.30895484208,1.38284941781,1.5084886349,3.71837609395,3.65297982707,4.3859746494,4.1184044307,4.68027646265,1.28858787398,1.59624503649,2.27201764037,4.4362285959,1.0210950019,2.36778765224,3.77917001556,4.84279927574,4.69762152902,1.08839377675,3.57199273604,1.9884517223,4.77880224846,2.0721356737,2.61206368089,3.97341998696,2.27039864725,4.50796479062,4.57085433488,1.32892413574,4.0917695064,4.21492945378,1.56495907498,3.85337501017,3.11386049221,4.14896517481,3.45719768323,1.36206903617,4.9542335218,1.84219504009,2.80292875129,1.92814464949,1.38287760413,1.25246977416,2.94939591527,4.01765744409,1.39459266303,2.88854125249,2.40642622072,2.4305700237
5.4,3.0,4.5,1.5,2.52075185155,1.94672709122,4.05695480665,1.35141659006,1.35889483026,3.96795751915,3.22901688262,2.01141104136,3.85701987878,3.84445579762,2.40550763553,4.6668014203,3.7008029639,3.21833620097,2.5015026459,1.41597830596,2.9742956443,3.97130474002,1.23023301243,3.80826577565,1.79255472217,1.81660331253,3.30429540697,2.55162132002,4.65049992695,1.32436226137,2.32339018334,4.10233771054,4.70217507055,4.65620439387,3.09112268971,1.74661122542,1.2813703351,3.82213452572,3.08834562806,2.44877843492,1.94722987041,4.14449150583,2.08792761386,1.83175278983,3.69725753514,3.93541433937,1.89570903489,1.31884208688,2.44021663405,3.56684700959,4.50627970778,4.8530632445,1.77247410232,2.34181080826
6.0,3.4,4.5,1.6,4.03584858681,1.9976755448,2.8728617708,3.19185897172,1.61701414175,4.06473501686,2.3149410043,3.03925590539,2.00200585003,2.96047991462,1.55321667692,1.1776038172,2.88531523079,4.37452395124,2.184319865,4.2297345664,3.53961741194,4.98845309437,3.44994117256,4.35455132716,3.8012101883,4.47052603314,3.09602795285,3.19886011533,1.97886386007,4.41334733154,3.9354056827,1.46288000456,4.50054152054,1.79507715387,3.55380444327,1.59554489089,1.66800876943,1.9141379612,3.42016223788,1.46028297345,4.78141933769,3.26514456567,3.56928055957,2.10607348106,3.66847104403,1.25289916259,1.64040786037,2.17881587099,1.67007377777,1.48522257097,1.70388426532,1.57687896575,3.24005570417,2.93336430439
6.7,3.1,4.7,1.5,3.73994725706,1.89918679917,4.51485447042,1.60280912221,4.69069784278,1.17943439273,1.48512541163,1.82071643414,1.31389514891,4.88560499637,1.66811952552,1.75063669027,1.61847541748,4.95537064369,1.07771292835,1.26505378514,1.93991274885,3.83067507188,2.01152612705,2.11161934627,1.00068038818,2.64169298932,3.19423521482,2.90790322133,2.75921720768,3.4516098822,2.16333182044,3.79143321432,2.11711570919,3.59766840616,4.04085107312,1.29579462794,4.46043868141,4.71609249102,1.84462687758,3.5557191218,4.56142809013,4.0287272517,3.24286083452,2.84335765459,3.24232701147,4.03042229402,3.65524904541,2.46397694812,1.86782608259,1.3758507422,2.14461814354,1.82398615127,3.1268976388,2.41235178178
6.3,2.3,4.4,1.3,4.57896925498,1.49503056763,4.78369736835,3.62211488511,3.53169238912,4.16165236095,2.37696513591,4.96447069956,4.9894116417,3.62609171936,1.81178865665,4.57704099276,2.51141307128,4.03248039658,3.59071048507,1.11325273256,3.55093544804,4.70199437734,4.80671897633,3.80559207679,2.97026166038,2.4397591018,1.42572542289,1.35319855145,1.8212520179,2.70854673074,4.77866996089,1.67323777817,4.15129321871,3.59043305548,3.84039978771,3.7958184204,2.94828162171,4.49859965943,4.07339216622,2.35561483758,4.27177358389,3.4615912358,4.63624902218,4.01368265093,3.38259999678,2.0856216457,3.02893634149,4.16204380672,3.5117287324,2.32722465343,2.18800169346,4.95561842798,3.50783957071,4.84021926066
5.6,3.0,4.1,1.3,1.30802112041,1.80502745044,2.75531003973,4.41395816495,3.16616960158,3.4495890702,1.65014064642,4.64214937705,3.49919550449,1.64862043637,1.37920854261,3.01085755333,3.8188830898,2.29467872945,2.31758588363,3.81789260231,3.36960748097,1.44243371626,2.43462634083,1.05186051679,3.09820865145,1.80879397602,3.02822678145,1.84604092767,4.00454559994,1.49542373727,1.90868426429,2.96125125295,1.53610885647,4.66726911364,3.23132204818,4.98432010107,4.60190293422,1.42861938137,3.85367369277,3.43699081142,1.19583104132,2.74246417214,2.55355633578,3.97645773562,4.22669688242,2.99798089523,1.4664605116,4.39039611568,2.91238250592,3.10411953939,3.75533792389,2.2243444184,3.83476247959,3.39304294873
5.5,2.5,4.0,1.3,1.19894363988,2.39392977308,2.05095531693,4.3024242394,3.13471079101,1.17093945846,3.8593588476,3.48407977801,1.40211703759,4.96793081772,1.92817558941,4.95672191323,3.92859273377,2.31992348679,2.0039392966,4.6945757298,1.03195033101,3.39043689562,4.87686190541,1.58964657865,2.71541979879,4.78191018355,2.5166954785,2.46800793209,4.69639226784,1.6790746521,4.30421565719,3.86608078916,3.02702160218,3.01513630716,1.26854249739,3.25085725994,4.46097231184,2.75106293355,3.57243556372,2.13280343517,4.64395868009,2.90762015047,4.63366312107,3.61802252528,4.28511384755,4.5077266453,4.2570833671,3.75462638583,4.86607231851,4.09145512142,4.17396210511,2.5864663791,1.33926004883,4.48924795454
5.5,2.6,4.4,1.2,3.29992524253,2.85112156035,2.72273864579,3.77469066033,4.5818470221,3.70645640512,4.04426786884,3.55612068586,2.56153176388,4.17984840151,4.62483392538,3.48102574602,4.45240995816,3.76759942156,1.31775642375,1.81691414208,2.28741475109,1.83252825927,1.4109102641,2.20611542315,4.93012026273,1.649285908,3.50697463446,3.42630266267,1.28850375649,4.93129616434,1.14850098022,4.71784751326,1.32932648559,3.77944432954,3.36513656224,4.86982439513,1.38596729959,3.25175716773,4.55769391053,3.09895509598,2.72760689848,4.56257289064,3.23334155772,3.85111982777,4.46453683375,2.78036855321,3.57844896993,4.45851809974,1.31093405329,3.34155887539,1.55664837659,4.3152717674,4.40384173733,3.19057881681
6.1,3.0,4.6,1.4,1.59267132396,4.10694533466,1.91796857431,3.26643297607,2.01502467711,2.56784012404,4.22969748414,3.6198643866,1.16862723004,4.35777171807,4.70099467761,3.64895772311,3.51689910506,3.72456859032,2.25789420721,4.57465287138,1.65075112743,1.51149568611,2.76271010499,4.14313516872,2.01314925237,3.23021929682,1.31832237083,4.47211637778,2.08200493408,3.13320842664,3.38896888421,1.06427022394,2.35268741631,2.58474627991,1.66073180309,3.02921521439,3.44351152839,4.62081063339,2.96619477927,3.49401171699,2.38012711246,4.52338749194,3.40869727336,1.24912437166,3.37435175653,3.32240019975,3.00187870461,1.9143898191,2.21225805242,3.7379212548,3.60292271754,3.54358695639,4.23806375442,3.90406653826
5.8,2.6,4.0,1.2,2.44848305706,1.75891020714,4.28300789185,2.40785176829,4.70925521007,3.75131962905,4.07017754517,2.38207230542,2.74590433834,1.07646508772,1.77225767886,1.08989713601,3.55602468124,3.41991377353,3.27386331969,1.31021221706,4.40795496004,3.01267232425,2.3133374082,3.36418098564,1.53777940534,1.46500609357,4.53505839068,2.44142663066,2.77216112429,1.93458965115,2.20579450814,1.71047837177,1.31777285969,1.40042377557,2.0993643264,1.28180759867,4.39132298907,2.12271393858,1.73980407097,3.44102885454,2.77399951525,3.69846240867,2.64342220168,4.12274459099,2.5544194792,4.09925343228,3.40540983023,4.68327903168,1.25487066138,1.86124292627,3.84508766135,1.98070059624,4.33709261326,2.31918614233
5.0,2.3,3.3,1.0,2.15113536364,2.33259698995,2.20681667709,3.47944826028,4.34643940271,1.78366160438,4.59391462092,4.74169941484,1.57731704443,2.70455639854,4.80382196006,3.67871870685,3.74880135973,2.35901325947,3.88639715155,2.33220454725,3.19000403696,1.46300718699,1.8504329468,3.95424647858,4.3860589534,2.66057887765,2.32347342781,2.44329950246,3.47414870526,3.43021088341,1.04700393505,3.87427148535,3.71443694826,4.02146382413,4.35066099888,1.8065923159,1.45779823701,1.20599765257,2.0225129482,4.82902482074,1.21647217557,2.53584772856,4.92553868536,2.9943918695,4.60994636332,2.73222955423,1.38171818706,4.34938536212,4.30828261145,1.98409955422,4.12305150235,1.16451244078,1.39362956008,4.08758219695
5.6,2.7,4.2,1.3,2.70811595935,4.67324847252,4.23180198893,4.83596873171,4.25479865485,2.66774141523,4.13073395542,3.4286748743,1.36193955372,3.98073259395,3.3023055001,1.29931801941,4.24661851553,3.73158539147,2.61183940777,1.94497993145,4.64853697042,2.56067327035,1.60018664299,1.28570627197,2.88890268792,3.11373491116,1.01899431685,3.7219918983,1.53806547083,3.78936949518,2.55981774094,1.58380625711,1.94044784141,2.21050908519,2.67999607664,4.22562070878,3.1011905648,3.99258895354,4.85608130192,2.27412113379,4.77417588859,4.55329210454,2.797118338,1.38848145143,4.73945218319,4.74895732563,4.00765662993,2.37441567137,4.28759969747,3.61419973319,4.13022065969,4.56996434609,3.25131302232,3.52596073748
5.7,3.0,4.2,1.2,2.51645303657,1.44116665468,2.16712159206,4.97442561489,3.70193158087,3.24738108684,4.19868984689,1.25504116287,4.3345568126,3.94078707457,4.93538735821,1.49021900673,1.88370291874,1.65192006886,2.75767577597,2.44839627501,3.59816606498,2.3392967791,3.65631478303,4.72588786886,3.98921157163,1.5597532628,3.04896218016,1.4854558521,2.94274285829,4.07860524114,3.17894363139,1.0821574747,2.5524270106,3.68547886088,1.38743945049,3.00721155256,3.08871485813,1.099026622,1.1239878651,2.20390076111,4.18967803023,3.19637772962,1.99947044469,3.0768402938,2.86942939214,4.18539061072,1.63773637746,4.88673847467,4.97557563404,2.81179243086,1.4482192423,2.87224577042,1.87652141177,2.65082123496
5.7,2.9,4.2,1.3,4.82027231166,1.10743450314,3.69362124929,4.09256830557,3.34850627717,4.95721337564,4.85265197602,3.77111339294,3.96752972357,4.36836091418,1.04188055331,2.66631527774,1.21338652826,1.05949403875,3.59701718829,2.90385597719,3.34034663559,1.09504599067,3.07717840973,1.96897443386,3.02335681497,4.90405968823,4.04325772348,4.15888977483,3.15728046296,3.25774605318,2.24363449646,3.05428636871,3.11454643144,4.07168513626,2.28170340648,4.09125399986,4.14831809795,4.32288876186,1.34733485244,1.18920160674,4.64737714118,4.43660108087,3.78612010207,2.42408334825,1.08100743001,2.70973689886,3.76224170482,1.6347247997,4.34418479479,3.27971179261,3.81201661798,3.09279564193,4.71949792806,4.05814622452
6.2,2.9,4.3,1.3,4.91485259745,1.71856983338,4.68315524046,4.91793840268,1.18799626811,1.8398984182,2.90115168444,1.67778427602,2.81544665844,3.38005712771,2.42363415266,1.19210064146,2.27893674435,2.48951006029,1.30128176568,2.61480679099,1.64339577945,2.433818132,3.41773665419,1.21946826643,1.49261518497,2.48160007325,2.06582701735,3.95351199312,4.99350131597,2.27735321916,2.60532942184,1.20043129355,1.29177929241,3.09850938563,4.98242068583,4.27922533319,3.47527217322,1.76274253036,3.28144849211,1.02620018745,4.82298446597,2.97742009976,3.7737254963,2.94309614315,1.89520388312,1.49972970619,4.35618229093,4.55668417254,4.35259053522,1.10158942278,4.8853380759,1.46325026264,1.78296690517,2.66866821688
5.1,2.5,3.0,1.1,3.14714536542,2.85310144715,1.40444013071,2.75549696599,4.9243570043,1.71139214582,4.34183164481,4.09129573421,2.25806419249,2.67282732712,2.41789165941,3.8544933791,2.98741448401,3.60526878551,4.59540056996,1.72789925738,3.03110925681,1.9739246631,3.89463689924,4.12945663008,1.52194748157,4.01602117094,1.03765102202,1.60317087905,4.95535434913,3.69056091808,3.8428305748,1.32739574038,4.48333211052,1.02290527504,4.63134435591,1.91478553483,4.85538668085,1.98426115185,3.57980916417,1.02486902309,2.04112997473,4.53122930782,3.93690725427,1.61390129142,4.26551001251,3.01505346431,1.15945973525,3.35639605435,4.02093279747,4.64246440087,1.25177733999,1.36487051445,4.20276088451,4.75351602993
5.7,2.8,4.1,1.3,1.65061714021,2.84246697518,4.31807544271,3.5410559184,3.15331468015,1.23712811975,4.32583482772,2.61252403723,3.7550385412,2.43919209943,2.4291041812,1.6867123061,3.51861720577,1.17450708042,3.61620678963,4.71102764005,3.4182903335,3.0966101872,2.53302830527,2.93791066716,2.3225030161,3.17065991122,1.64783732657,2.27310120141,3.14189451236,1.22268101416,3.52391104418,4.43196796798,2.87838610532,4.73517682355,1.60065553683,4.31000542078,4.68897788735,3.67998424789,3.21191188881,2.53951250213,1.9975106247,2.17120610817,1.84957030961,1.94343459616,3.39295616394,1.27718568165,4.13648010914,3.03939052872,1.49823132367,1.48637291764,3.04915374985,2.66014160728,2.84221741174,4.18590962855
