1.0,sepal length,petal length,"[-1.9316049918943683, 3.8460468760375974]"
1.0,sepal length,petal width,"[-1.1097806521055984, 8.14815176176359]"
1.0,sepal width,petal length,"[-2.461950925277035, 2.750226583840826]"
1.0,sepal width,petal width,"[-1.5701922286490626, 6.271482880017815]"
1.0,petal length,petal width,"[2.501428730667146, 0.334417277722798]"
1.0,petal length,3.11863578047,"[2.843742992429274, -0.7643711901161195]"
1.0,petal length,4.848865586,"[2.816391574059119, -0.686165585552515]"
1.0,petal length,3.05045191281,"[2.822997733865534, -0.5501336662216746]"
1.0,petal length,1.59101864024,"[2.8402883888450767, -0.7719767145879972]"
1.0,petal length,3.59076322185,"[2.7928228006521905, -0.2861004684916543]"
1.0,petal length,4.23003427086,"[2.8310029699007475, -0.6515852539861846]"
1.0,petal length,3.81027969874,"[2.835298842164309, -0.4881555892484571]"
1.0,petal length,4.50798754377,"[2.7586762546904255, -0.5645630996326703]"
1.0,petal length,4.08310833288,"[2.8449449961310247, -0.623886417427099]"
1.0,petal length,1.67291228473,"[2.7705794216107216, -0.41173754715287936]"
1.0,petal length,3.10344849404,"[2.8727871575786383, -0.9242201830157312]"
1.0,petal length,4.31184551989,"[2.815307512716279, -0.3156570324820925]"
1.0,petal length,4.00450551608,"[2.9006456265109746, -1.07950650201172]"
1.0,petal length,2.83268960733,"[2.900077287158796, -0.7570978662289272]"
1.0,petal length,4.30334663369,"[2.8025773027265535, -0.28147687720181697]"
1.0,petal length,2.18915816508,"[2.7893791342784735, -0.6351954397201113]"
1.0,petal length,1.96701262315,"[2.848649816384694, -0.611813690105221]"
1.0,petal length,2.37105084213,"[2.786370100940712, -0.7965229707191904]"
1.0,petal length,1.39372176315,"[2.838803363532149, -0.5169299814221532]"
1.0,petal length,2.20068026182,"[2.8175843428755605, -0.4685311084491851]"
1.0,petal length,1.43815375605,"[2.8061037482698987, -0.4866991674315219]"
1.0,petal length,2.21786097648,"[2.8629835515880875, -0.4813965986512151]"
1.0,petal length,3.67173551208,"[2.8177993997681163, -0.37020383659706374]"
1.0,petal length,4.63836060169,"[2.8096012498970264, -0.5922575291067951]"
1.0,petal length,1.35160925019,"[2.8475520432744457, -0.6566761731357652]"
1.0,petal length,3.2076341759,"[2.837349346855581, -0.8517608536111314]"
1.0,petal length,1.05906688143,"[2.8360338051286087, -0.5987362552520884]"
1.0,petal length,3.89848321708,"[2.7521771203270116, -0.68382946476687]"
1.0,petal length,4.54055100239,"[2.8476912654934843, -0.6714025505949014]"
1.0,petal length,4.78710192739,"[2.8892178446949357, -0.5164220015975336]"
1.0,petal length,4.58785423488,"[2.9150797574922294, -0.6989711675349268]"
1.0,petal length,1.40381566536,"[2.820530366815678, -0.37656406744145055]"
1.0,petal length,2.86938463469,"[2.8110338363049565, -0.5361363851905169]"
1.0,petal length,4.69030767216,"[2.878279747553379, -0.9465497829044012]"
1.0,petal length,2.23070662394,"[2.793943905065152, -0.5175517013942043]"
1.0,petal length,3.35233959378,"[2.7825780392289223, -0.5314091977794224]"
1.0,petal length,4.16560692491,"[2.9198502364974543, -0.7639942259869086]"
1.0,petal length,2.94963901858,"[2.822759680084585, -0.47523097104518286]"
1.0,petal length,4.07395539412,"[2.757347315017353, -0.1796702910191084]"
1.0,petal length,4.36685859536,"[2.863880751086834, -0.8529544333549623]"
1.0,petal length,4.13604818517,"[2.772731957003732, -0.3496859086718386]"
1.0,petal length,4.44655589802,"[2.9068923966356266, -0.7162511412329481]"
1.0,petal length,1.5367980777,"[2.8783992865751973, -0.6124918768885503]"
1.0,petal length,4.19201733307,"[2.8517845247606988, -0.6155287896777932]"
1.0,petal length,4.58176649585,"[2.7525944389668777, -0.18903475787062055]"
1.0,petal width,3.11863578047,"[6.7737988409616365, -0.5808518873442519]"
1.0,petal width,4.848865586,"[6.840939704119774, -0.6043418944596469]"
1.0,petal width,3.05045191281,"[6.790277285849902, -0.5972699174116646]"
1.0,petal width,1.59101864024,"[6.9652847420388015, -0.7464422545034967]"
1.0,petal width,3.59076322185,"[6.856223128879652, -0.4435030543014197]"
1.0,petal width,4.23003427086,"[6.857906568145967, -0.5065618215995125]"
1.0,petal width,3.81027969874,"[6.794785711091551, -0.48691361149300444]"
1.0,petal width,1.67291228473,"[6.751766468385504, -0.21910121635242746]"
1.0,petal width,4.31184551989,"[6.82161855744597, -0.29056349216588967]"
1.0,petal width,4.00450551608,"[6.904171435865274, -0.7244840782564321]"
1.0,petal width,1.6678434862,"[6.808823419589853, -0.36998977867321514]"
1.0,petal width,2.83268960733,"[6.823548717166436, -0.4503795381759053]"
1.0,petal width,4.30334663369,"[6.6310317792580875, -0.04522259136243033]"
1.0,petal width,2.18915816508,"[6.72892397944548, -0.4287540772424094]"
1.0,petal width,1.96701262315,"[6.882368830524738, -0.5628212766345745]"
1.0,petal width,2.37105084213,"[6.709259078148807, -0.6532282083887534]"
1.0,petal width,1.44967370203,"[6.910412951123958, -0.6417933850219649]"
1.0,petal width,1.39372176315,"[6.832094764521873, -0.41636314845728467]"
1.0,petal width,2.20068026182,"[6.748394930454804, -0.24523632274672708]"
1.0,petal width,1.43815375605,"[6.885567803338554, -0.39297322208096125]"
1.0,petal width,2.21786097648,"[6.870452188325872, -0.3625389705657849]"
1.0,petal width,3.67173551208,"[6.900214474206724, -0.4290368594645136]"
1.0,petal width,4.63836060169,"[6.823533614251155, -0.5167966589238158]"
1.0,petal width,1.35160925019,"[6.762395096463521, -0.48807176608193853]"
1.0,petal width,3.2076341759,"[6.89058632587955, -0.5986502143059154]"
1.0,petal width,4.54055100239,"[6.573123257505146, -0.5200921792065777]"
1.0,petal width,4.58785423488,"[7.01488549891508, -0.6330191810109398]"
1.0,petal width,1.40381566536,"[6.911111958670648, -0.42768677774740954]"
1.0,petal width,2.86938463469,"[6.834520424849506, -0.41512049368512993]"
1.0,petal width,4.69030767216,"[6.863066141276156, -0.6372009303871994]"
1.0,petal width,3.08313365782,"[7.106856156215162, -0.6385072110394494]"
1.0,petal width,2.23070662394,"[6.7147040195144925, -0.26065764722785073]"
1.0,petal width,3.35233959378,"[6.677320152028261, -0.17432865653627816]"
1.0,petal width,4.16560692491,"[6.975258764661866, -0.6879807862493065]"
1.0,petal width,2.94963901858,"[6.851768615590611, -0.38762138132464047]"
1.0,petal width,4.07395539412,"[6.781363436081908, -0.2037305685114807]"
1.0,petal width,4.29321971278,"[6.839792585312881, -0.5893249788181979]"
1.0,petal width,4.36685859536,"[6.8732943401475, -0.5618887073047432]"
1.0,petal width,4.13604818517,"[6.726946568239262, -0.33498645125012144]"
1.0,petal width,4.44655589802,"[6.858412789723056, -0.5061870978821942]"
1.0,petal width,1.5367980777,"[6.817327081420637, -0.3326702779603406]"
1.0,petal width,4.19201733307,"[6.9518904486858695, -0.6178259936356514]"
1.0,petal width,4.58176649585,"[6.681778882453584, -0.20076590882425865]"
0.99,petal length,1.6678434862,"[2.7934453592601023, -0.5849237816366726]"
0.99,petal length,1.44967370203,"[2.850524780023837, -0.6826121225629428]"
0.99,petal length,3.08313365782,"[2.856537938155616, -0.5217572200932347]"
0.99,petal length,1.96072370036,"[2.7246269029800625, -0.536949897034668]"
0.99,petal length,4.29321971278,"[2.773171722902229, -0.5117149497871768]"
0.99,petal width,4.50798754377,"[6.678103447686942, -0.42368261502688925]"
0.99,petal width,4.08310833288,"[6.5838415526188685, -0.3812078399191571]"
0.99,petal width,3.10344849404,"[6.673001243351586, -0.6765573437320133]"
0.99,petal width,1.05906688143,"[6.804499931953307, -0.5216314393997107]"
0.99,petal width,3.89848321708,"[6.652600846454998, -0.5395526255182403]"
0.99,petal width,4.78710192739,"[6.707845280612319, -0.3369447792805356]"
0.99,petal width,1.96072370036,"[6.535054893345759, -0.2852999777366564]"
0.98,sepal length,sepal width,"[3.480384551553971, -6.1022167650778965]"
0.87,sepal length,1.67291228473,"[2.129046423266432, 0.0]"
0.87,sepal length,1.6678434862,"[2.185752005044159, -0.06109203141130238]"
0.86,sepal length,3.05045191281,"[2.2396586879692983, -0.1757892667210005]"
0.86,sepal length,1.39372176315,"[2.090624176536239, 0.0]"
0.86,sepal length,1.43815375605,"[2.108226714847091, 0.0]"
0.86,sepal length,2.21786097648,"[2.125102042425326, 0.0]"
0.86,sepal length,1.40381566536,"[2.180314883501824, 0.0]"
0.86,sepal length,2.23070662394,"[2.127765013646772, 0.0]"
0.86,sepal length,3.35233959378,"[2.1313749860173865, 0.0]"
0.86,sepal length,1.5367980777,"[2.1928528090960353, -0.0918219392498691]"
0.85,sepal length,3.59076322185,"[2.1828845614020898, 0.06881824340940666]"
0.85,sepal length,3.81027969874,"[2.1769997417109663, -0.07052905694200365]"
0.85,sepal length,4.30334663369,"[2.1248886213740907, 0.11568874942027516]"
0.85,sepal length,2.20068026182,"[2.172706584875399, -0.05111485441740334]"
0.85,sepal length,3.67173551208,"[2.177475224652676, -0.06400007117289104]"
0.85,sepal length,4.54055100239,"[2.1147758301572672, -0.2030344852717889]"
0.85,sepal length,4.78710192739,"[2.172332713154221, -0.015892360885247737]"
0.85,sepal length,3.08313365782,"[2.1765242563754943, -0.05712856803630364]"
0.85,sepal length,2.94963901858,"[2.1600332897243275, 0.007856671204922536]"
0.85,sepal length,4.07395539412,"[2.1354194408221323, 0.21385956894922423]"
0.85,sepal length,4.13604818517,"[2.106612532129969, 0.0]"
0.85,sepal length,4.44655589802,"[2.1956531880677366, -0.14647524045281926]"
0.85,sepal length,4.19201733307,"[2.191348158227405, -0.12270637364741589]"
0.85,sepal length,4.58176649585,"[2.1737895081024217, 0.15589900080842906]"
0.84,sepal length,1.59101864024,"[2.249010444114091, -0.41232217742153554]"
0.84,sepal length,4.23003427086,"[2.2122903614383205, -0.2342676153716721]"
0.84,sepal length,3.10344849404,"[2.113742469558196, -0.3216996031238052]"
0.84,sepal length,4.31184551989,"[2.121807199193401, 0.060895032204773575]"
0.84,sepal length,2.83268960733,"[2.170404320232809, -0.16787730880053747]"
0.84,sepal length,2.18915816508,"[2.1670818264915184, -0.06088953225578579]"
0.84,sepal length,1.96701262315,"[2.1824078287146276, -0.15441530085975172]"
0.84,sepal length,1.05906688143,"[2.169961208826494, -0.05939199523975501]"
0.84,sepal length,4.58785423488,"[2.1964410156362413, -0.08883161177535007]"
0.84,sepal length,2.86938463469,"[2.1920446495767814, -0.1349873196818859]"
0.84,sepal length,4.69030767216,"[2.1134989786084653, -0.27807988317429444]"
0.84,sepal length,4.16560692491,"[2.1341081066181196, -0.1736027434355938]"
0.84,sepal width,1.6678434862,"[-2.9578411286912183, 0.15319619157774977]"
0.83,sepal length,4.848865586,"[2.2158456375620004, -0.1575770381205162]"
0.83,sepal length,4.50798754377,"[2.1894888917660977, -0.2857090778112529]"
0.83,sepal length,4.08310833288,"[2.2515761501912905, -0.2318686075075542]"
0.83,sepal length,4.00450551608,"[2.118507329978754, -0.5389085750180249]"
0.83,sepal length,2.37105084213,"[2.132064604950261, -0.36973668530515647]"
0.83,sepal length,1.35160925019,"[2.1864700135724577, -0.21934297446088757]"
0.83,sepal length,3.2076341759,"[2.300508465864446, -0.2911697339633294]"
0.83,sepal length,3.89848321708,"[2.27847993261363, -0.45332270422506826]"
0.83,sepal length,4.29321971278,"[2.1608633378865445, -0.16343730227469927]"
0.83,sepal length,4.36685859536,"[2.260443687083906, -0.2998248655879562]"
0.83,sepal width,1.59101864024,"[-2.946204428632098, -0.022230540994617732]"
0.83,sepal width,4.08310833288,"[-3.0377188527634447, 0.14593934659938293]"
0.83,sepal width,4.30334663369,"[-2.8709140990289055, 0.40195294911172685]"
0.83,sepal width,4.63836060169,"[-2.9537635361828105, 0.015297868563547675]"
0.83,sepal width,4.58785423488,"[-3.1259502772494447, 0.369274194071621]"
0.82,sepal length,3.11863578047,"[2.259657797208116, -0.3945193964835308]"
0.82,sepal length,1.44967370203,"[2.102183234231645, -0.2701153567452328]"
0.82,sepal length,4.63836060169,"[2.1799914916237624, -0.2053083351078395]"
0.82,sepal length,1.96072370036,"[2.1023223896960164, -0.26546323782212417]"
0.82,sepal width,3.11863578047,"[-2.984379477217992, 0.07495646453793779]"
0.82,sepal width,4.848865586,"[-2.953073050996704, 0.033905881909678595]"
0.82,sepal width,3.59076322185,"[-2.9408157598647637, 0.04331928760032199]"
0.82,sepal width,1.67291228473,"[-2.977967820633908, -0.06098950738191641]"
0.82,sepal width,1.96701262315,"[-2.949079053843038, -0.0425135288220756]"
0.82,sepal width,2.37105084213,"[-2.896192487419934, -0.08276403317496672]"
0.82,sepal width,1.44967370203,"[-2.8410491431576643, 0.0]"
0.82,sepal width,2.20068026182,"[-2.9516093444794174, 0.024647464252318757]"
0.82,sepal width,2.21786097648,"[-2.9675447749308894, 0.1983335074325416]"
0.82,sepal width,1.35160925019,"[-2.932333152928908, 0.0047111470690742105]"
0.82,sepal width,3.2076341759,"[-2.942654678965525, 0.12618099852405998]"
0.82,sepal width,4.54055100239,"[-2.8509628189797147, 0.0]"
0.82,sepal width,1.96072370036,"[-2.9122222586769904, -0.20064657815144246]"
0.82,sepal width,2.23070662394,"[-2.9479185801139693, 0.1496156030214042]"
0.82,sepal width,3.35233959378,"[-2.9588750222184426, -0.019060872993623974]"
0.82,sepal width,4.36685859536,"[-2.9610555417684106, 0.07219255476700256]"
0.82,sepal width,4.13604818517,"[-2.923429557946382, 0.3350700766188076]"
0.82,sepal width,4.58176649585,"[-2.895773578049942, 0.23029864587435767]"
0.81,sepal width,3.81027969874,"[-3.0109346106369554, 0.3106999407297228]"
0.81,sepal width,4.50798754377,"[-2.858190176202092, 0.0]"
0.81,sepal width,3.10344849404,"[-2.931260047120945, -0.07540506290235852]"
0.81,sepal width,4.31184551989,"[-2.9965821084470927, 0.5392335085990697]"
0.81,sepal width,4.00450551608,"[-2.8627722193075584, -0.20634757497512068]"
0.81,sepal width,2.83268960733,"[-2.9468306626500396, 0.0]"
0.81,sepal width,2.18915816508,"[-3.023938253324151, 0.14579251505065777]"
0.81,sepal width,4.78710192739,"[-2.9527086108044984, 0.0032796146682348244]"
0.81,sepal width,2.86938463469,"[-2.974936721737253, 0.20713982195947775]"
0.81,sepal width,4.69030767216,"[-2.8635490503095378, 0.0]"
0.81,sepal width,3.08313365782,"[-2.9718170897473764, 0.19984483114361254]"
0.81,sepal width,4.16560692491,"[-2.938409629860333, -0.008493705611246934]"
0.81,sepal width,2.94963901858,"[-2.904907370741963, 0.20789262671708242]"
0.81,sepal width,4.29321971278,"[-2.9631894807690604, 0.038347617422568106]"
0.81,sepal width,4.44655589802,"[-3.0318534556728407, 0.1735933204465069]"
0.8,sepal width,4.23003427086,"[-2.9834603229202146, 0.11893694355512147]"
0.8,sepal width,1.39372176315,"[-2.9668744495728676, 0.4431547084066513]"
0.8,sepal width,1.43815375605,"[-3.0112797391745896, 0.39538128745155315]"
0.8,sepal width,1.05906688143,"[-2.957919348753788, 0.08504117807952093]"
0.8,sepal width,3.89848321708,"[-2.9438652011808406, 0.019713524054003558]"
0.79,sepal width,3.05045191281,"[-3.1078906611005954, 0.2688088524739558]"
0.79,sepal width,3.67173551208,"[-2.913505544138994, 0.19129469815630892]"
0.79,sepal width,1.40381566536,"[-2.982027746361944, 0.18260734457506397]"
0.79,sepal width,1.5367980777,"[-2.9912900277641277, 0.2164309141800849]"
0.79,sepal width,4.19201733307,"[-2.9642962048262653, 0.1152157318167917]"
0.78,sepal width,4.07395539412,"[-2.8510782325725277, 0.5018932266827584]"
0.64,4.00450551608,4.07395539412,"[-0.41376275026096127, 0.43568378322683937]"
0.64,1.96072370036,4.07395539412,"[-0.35681955794413867, 0.3838394230873411]"
0.62,3.10344849404,4.07395539412,"[-0.33151209959772776, 0.34641777031991844]"
0.62,4.31184551989,2.37105084213,"[0.3532173547952617, -0.33864706431287556]"
0.61,1.59101864024,4.07395539412,"[-0.2888078057420626, 0.3311850700323706]"
0.61,4.31184551989,4.00450551608,"[0.4118204061118698, -0.3865097260041257]"
0.6,3.11863578047,4.31184551989,"[-0.2572514075412566, 0.30826966017771185]"
0.6,4.00450551608,4.30334663369,"[-0.3652142414763306, 0.38536261947449113]"
0.6,4.30334663369,4.54055100239,"[0.28114495238430726, -0.2672297049985822]"
0.6,4.30334663369,4.16560692491,"[0.2831899904427789, -0.24974311597820253]"
0.59,3.10344849404,4.31184551989,"[-0.3082387521357528, 0.32408375664985667]"
0.59,3.10344849404,4.30334663369,"[-0.3229445823681819, 0.3370736334351167]"
0.59,4.31184551989,3.89848321708,"[0.3015134763662439, -0.26120506293090046]"
0.59,4.00450551608,1.39372176315,"[-0.3942995690942779, 0.3966235090550291]"
0.59,4.30334663369,1.96072370036,"[0.33754038801146313, -0.3147036675463928]"
0.59,1.44967370203,4.07395539412,"[-0.30595450753980835, 0.3356907772611744]"
0.59,4.54055100239,4.07395539412,"[-0.3151734967574131, 0.35277298878460617]"
0.58,1.59101864024,4.31184551989,"[-0.2899213059116636, 0.33285349426574407]"
0.58,4.50798754377,4.31184551989,"[-0.26864327391765647, 0.3196878908811676]"
0.58,4.50798754377,4.07395539412,"[-0.23120288226732277, 0.31332700422460324]"
0.58,3.10344849404,4.58176649585,"[-0.2459760250771764, 0.25314854139177123]"
0.58,4.31184551989,4.69030767216,"[0.2938278293192238, -0.26379304867674375]"
0.58,4.31184551989,1.96072370036,"[0.3293580796237414, -0.3040006731504372]"
0.58,4.00450551608,1.43815375605,"[-0.3670222808394541, 0.3584778799128439]"
0.58,4.00450551608,4.58176649585,"[-0.28425753407034454, 0.2954238130661852]"
0.58,4.30334663369,2.37105084213,"[0.29733193787586815, -0.28638789224938005]"
0.58,4.30334663369,3.89848321708,"[0.24584695173752075, -0.23709034335860796]"
0.58,1.96701262315,4.07395539412,"[-0.20541338400034748, 0.3477215670431263]"
0.58,1.96072370036,4.13604818517,"[-0.26117990579201866, 0.2620798086248493]"
0.57,3.81027969874,4.00450551608,"[0.1965210388984738, -0.3184158686014444]"
0.57,4.31184551989,1.05906688143,"[0.28916146355436656, -0.10288865657516852]"
0.57,4.31184551989,4.54055100239,"[0.26230036264450246, -0.24250784221939387]"
0.57,4.31184551989,4.16560692491,"[0.25714821501944085, -0.20592497770421803]"
0.57,4.31184551989,4.19201733307,"[0.28666518580337114, -0.049354902158685036]"
0.57,4.00450551608,3.67173551208,"[-0.29577591094214334, 0.2104884338718215]"
0.57,4.30334663369,1.35160925019,"[0.28216313753633293, -0.2643688738097304]"
0.57,4.30334663369,4.07395539412,"[0.19135531316274115, 0.2790402144482728]"
0.57,2.37105084213,1.39372176315,"[-0.24295580927797314, 0.23859768257142092]"
0.57,2.37105084213,4.07395539412,"[-0.3704775710372306, 0.38556156249322493]"
0.57,2.37105084213,4.13604818517,"[-0.23004765275862482, 0.2232544183772133]"
0.57,1.39372176315,1.96072370036,"[0.2301056003085574, -0.22679691970482205]"
0.57,3.89848321708,4.07395539412,"[-0.31183042549596224, 0.3798292083001034]"
0.57,4.69030767216,4.07395539412,"[-0.2800956448406809, 0.3092100180009778]"
0.57,1.96072370036,2.94963901858,"[-0.22808504877879274, 0.2279335394189746]"
0.56,3.11863578047,4.30334663369,"[-0.2065709837038074, 0.2318254874526957]"
0.56,1.59101864024,1.39372176315,"[-0.20226368982368784, 0.22092180983184606]"
0.56,4.23003427086,4.31184551989,"[-0.1490852708551467, 0.29185275632167335]"
0.56,4.23003427086,4.07395539412,"[-0.162325314623259, 0.32308503264985844]"
0.56,4.50798754377,4.30334663369,"[-0.23024766676268346, 0.2661305668576778]"
0.56,3.10344849404,1.39372176315,"[-0.27907040630030777, 0.27621472174638356]"
0.56,3.10344849404,1.43815375605,"[-0.2757048524756333, 0.2722276101550512]"
0.56,4.31184551989,1.44967370203,"[0.3632780793636608, -0.33086075767553025]"
0.56,4.31184551989,1.43815375605,"[0.2892172171425599, 0.10794402250539145]"
0.56,4.31184551989,4.63836060169,"[0.3221609323131864, -0.21824831989847995]"
0.56,4.31184551989,4.13604818517,"[0.3280320991595407, 0.2030649782477507]"
0.56,4.31184551989,4.58176649585,"[0.2807987125282126, 0.10952322144893323]"
0.56,4.00450551608,1.96072370036,"[-0.26301316957648985, -0.13338197465758553]"
0.56,4.00450551608,2.94963901858,"[-0.33186741676210246, 0.2848067870501991]"
0.56,4.30334663369,1.44967370203,"[0.2849377442296233, -0.25949518133262356]"
0.56,2.37105084213,1.40381566536,"[-0.2488062835984693, 0.23264717632440018]"
0.56,2.37105084213,2.94963901858,"[-0.2229534464175878, 0.21530581880021557]"
0.56,2.37105084213,4.58176649585,"[-0.20856027728145385, 0.21296768411407183]"
0.56,1.39372176315,4.07395539412,"[0.1741783647545059, 0.3210281874450153]"
0.56,1.43815375605,1.96072370036,"[0.2439307040043677, -0.24125103614034074]"
0.56,4.69030767216,4.58176649585,"[-0.26037458726651674, 0.2835201449247365]"
0.56,1.96072370036,4.58176649585,"[-0.24598318289330084, 0.2604417598396094]"
0.55,4.848865586,4.31184551989,"[-0.07032032526915723, 0.28687380147043934]"
0.55,3.05045191281,4.07395539412,"[-0.07225263890318076, 0.3295558835124069]"
0.55,1.59101864024,1.43815375605,"[-0.20458901104320296, 0.22256860006916618]"
0.55,1.59101864024,4.13604818517,"[-0.21672922300091582, 0.23362566456945322]"
0.55,3.59076322185,4.31184551989,"[-4.3990130106896825e-05, 0.28878640092348357]"
0.55,3.81027969874,4.31184551989,"[-0.030042721665293703, 0.29721779983623037]"
0.55,1.67291228473,4.00450551608,"[0.10689481359542366, -0.3237314421892531]"
0.55,3.10344849404,4.00450551608,"[-0.14865515085176367, -0.27842686146799117]"
0.55,3.10344849404,3.67173551208,"[-0.21397679097579675, 0.1917127740554453]"
0.55,3.10344849404,1.40381566536,"[-0.21788282397578482, 0.2034726235587948]"
0.55,3.10344849404,4.13604818517,"[-0.22831095667897275, 0.22272578998054252]"
0.55,4.31184551989,4.30334663369,"[0.27414393381314633, 0.2206077043412194]"
0.55,4.31184551989,1.96701262315,"[0.30404210511020774, -0.18339856553511585]"
0.55,4.31184551989,3.2076341759,"[0.3017710165309352, -0.11046476900887815]"
0.55,4.31184551989,4.07395539412,"[0.25544870221873883, 0.28086295688470914]"
0.55,4.31184551989,4.29321971278,"[0.26095355193388364, -0.1346469856346945]"
0.55,4.00450551608,2.83268960733,"[-0.295139203577514, 0.0]"
0.55,4.00450551608,2.37105084213,"[-0.3091647252915949, -0.18754573107658545]"
0.55,4.00450551608,1.40381566536,"[-0.2732852334817349, 0.15562112202700112]"
0.55,4.00450551608,4.13604818517,"[-0.2744236725758218, 0.269898294700535]"
0.55,1.44967370203,1.39372176315,"[-0.2423256015589024, 0.25255416297374256]"
0.55,1.44967370203,1.43815375605,"[-0.2178222449668191, 0.2265123018263858]"
0.55,1.44967370203,4.13604818517,"[-0.2143260792271558, 0.22129852227499136]"
0.55,1.44967370203,4.58176649585,"[-0.19283947665753257, 0.21031945214177555]"
0.55,1.39372176315,4.16560692491,"[0.23846809179600292, -0.22134087015232723]"
0.55,1.43815375605,4.16560692491,"[0.2324084215185332, -0.21647885896840624]"
0.55,3.67173551208,1.96072370036,"[0.18075280366375832, -0.19739738738012957]"
0.55,3.89848321708,4.58176649585,"[-0.1935724084655395, 0.19757099546025345]"
0.55,4.54055100239,4.58176649585,"[-0.17836579244544545, 0.18614406670530878]"
0.55,2.86938463469,4.07395539412,"[-0.0699978980047573, 0.32429790595131064]"
0.55,3.35233959378,4.07395539412,"[-0.06645069795174526, 0.31253249382093723]"
0.55,2.94963901858,4.07395539412,"[0.07764533722761562, 0.3097205311063065]"
0.55,4.07395539412,4.29321971278,"[0.362566569587248, -0.2414811985790509]"
0.55,4.07395539412,4.44655589802,"[0.32029390559563053, -0.057303137625609846]"
0.54,1.59101864024,4.30334663369,"[-0.2893896608876819, 0.33000411447513167]"
0.54,1.59101864024,2.94963901858,"[-0.20034320569805872, 0.2154892453102974]"
0.54,1.59101864024,4.58176649585,"[-0.16478401153964015, 0.1884865755447196]"
0.54,3.81027969874,1.96072370036,"[0.16954845320905032, -0.1880963586498249]"
0.54,4.50798754377,4.13604818517,"[-0.15786462170015705, 0.17303461391334013]"
0.54,4.08310833288,4.00450551608,"[0.020052339794929642, -0.2992505789756592]"
0.54,1.67291228473,4.31184551989,"[-0.06823291181386396, 0.28470512449966845]"
0.54,4.31184551989,1.6678434862,"[0.28725761210657913, -0.005548349126061793]"
0.54,4.31184551989,2.83268960733,"[0.27344351507594966, -0.08965643591549585]"
0.54,4.31184551989,2.20068026182,"[0.2908967256545376, -0.0403157184101617]"
0.54,4.31184551989,3.67173551208,"[0.29122680209507656, 0.014971456988166272]"
0.54,4.31184551989,1.35160925019,"[0.2979574038011868, -0.22582050965444087]"
0.54,4.31184551989,4.78710192739,"[0.2923603829389139, -0.0399838161096801]"
0.54,4.31184551989,1.40381566536,"[0.28746527813794037, 0.0]"
0.54,4.31184551989,2.23070662394,"[0.28928994742095987, -0.013400498091799572]"
0.54,4.31184551989,1.5367980777,"[0.2915866527184852, -0.0031250285397351734]"
0.54,4.00450551608,2.21786097648,"[-0.2790472210817967, 0.12282134101107403]"
0.54,4.00450551608,3.2076341759,"[-0.3232185389692343, 0.11682936615906823]"
0.54,4.00450551608,4.54055100239,"[-0.30286330619626484, -0.1088678245577124]"
0.54,4.00450551608,3.08313365782,"[-0.30161888452815533, 0.12073271728399948]"
0.54,4.00450551608,1.5367980777,"[-0.3079634246812516, 0.1659755648438673]"
0.54,1.6678434862,4.07395539412,"[0.0, 0.3170550120911891]"
0.54,4.30334663369,3.35233959378,"[0.27880177313862575, -0.16181517874082305]"
0.54,2.37105084213,1.43815375605,"[-0.2508613092915034, 0.24547406233860983]"
0.54,1.39372176315,4.54055100239,"[0.26549521517674046, -0.26699317532850747]"
0.54,1.43815375605,4.07395539412,"[0.11269982185821927, 0.3204035918363683]"
0.54,2.21786097648,4.07395539412,"[0.0, 0.3169181754879097]"
0.54,4.63836060169,4.07395539412,"[-0.19911337228264542, 0.3368095499680515]"
0.54,3.2076341759,4.07395539412,"[-0.06302531296721077, 0.3177930346322202]"
0.54,4.54055100239,4.13604818517,"[-0.2289211156512453, 0.22559773942464809]"
0.54,1.40381566536,1.96072370036,"[0.15555724903432386, -0.16589026716815958]"
0.54,4.69030767216,2.94963901858,"[-0.16889856819931667, 0.17460323509560627]"
0.54,4.16560692491,4.07395539412,"[-0.25918548311679407, 0.3240933150298747]"
0.54,4.07395539412,4.36685859536,"[0.3138353089862576, -0.13851224262053685]"
0.54,4.07395539412,4.58176649585,"[0.31092889940664287, 0.119399323111844]"
0.53,4.848865586,4.07395539412,"[-0.10529293442988166, 0.32607613904657434]"
0.53,3.59076322185,4.00450551608,"[0.1591198847199711, -0.3013505231576822]"
0.53,3.59076322185,1.96072370036,"[0.1583683755171625, -0.18053313518440817]"
0.53,3.59076322185,4.07395539412,"[0.03535635978558002, 0.3231234370564419]"
0.53,4.23003427086,4.00450551608,"[0.0, -0.29613705889392056]"
0.53,4.23003427086,4.30334663369,"[-0.1384784373230253, 0.23278014937113337]"
0.53,3.81027969874,2.37105084213,"[0.14813545656617674, -0.1643428705080926]"
0.53,4.08310833288,4.31184551989,"[-0.1299560495856229, 0.2917014136378682]"
0.53,3.10344849404,3.08313365782,"[-0.19076840211730653, 0.12606074995665648]"
0.53,3.10344849404,1.96072370036,"[-0.18519650453624137, -0.18600424725601072]"
0.53,4.31184551989,2.18915816508,"[0.27984145745865097, -0.05374581813798017]"
0.53,4.31184551989,1.39372176315,"[0.2862547389293815, 0.1588787564865843]"
0.53,4.31184551989,2.21786097648,"[0.29030510312174274, 0.0]"
0.53,4.31184551989,2.86938463469,"[0.2871174372413448, -0.029732700614575572]"
0.53,4.31184551989,3.35233959378,"[0.29989160232527845, -0.10572780732405025]"
0.53,4.31184551989,2.94963901858,"[0.2890369753462089, 0.08559194185289407]"
0.53,4.31184551989,4.36685859536,"[0.2929269409070552, -0.15503929124510366]"
0.53,4.31184551989,4.44655589802,"[0.31280241630652295, -0.10591720462839661]"
0.53,4.00450551608,1.96701262315,"[-0.31553915157750284, -0.065135677238591]"
0.53,4.00450551608,1.44967370203,"[-0.28837097388833416, -0.07573518346259639]"
0.53,4.00450551608,4.63836060169,"[-0.2957077209174221, 0.0]"
0.53,4.00450551608,1.35160925019,"[-0.302710425073765, -0.04835032479065281]"
0.53,4.00450551608,1.05906688143,"[-0.2973519471151705, 0.03604722788564105]"
0.53,4.00450551608,4.69030767216,"[-0.3047364594063271, -0.10580560948719615]"
0.53,4.00450551608,3.35233959378,"[-0.29902269332559067, 0.034666825559155505]"
0.53,4.00450551608,4.29321971278,"[-0.2952004070686859, 0.0]"
0.53,4.00450551608,4.36685859536,"[-0.29658914177886114, 0.0]"
0.53,4.30334663369,1.96701262315,"[0.2313511333237785, -0.15547281165141547]"
0.53,4.30334663369,4.78710192739,"[0.26815550675046224, -0.10853401380760092]"
0.53,4.30334663369,4.69030767216,"[0.2276090454453782, -0.20335537130228779]"
0.53,4.30334663369,2.23070662394,"[0.24025827657522322, -0.012762439356120838]"
0.53,4.30334663369,4.29321971278,"[0.2758312090402081, -0.21761472506146592]"
0.53,2.37105084213,3.67173551208,"[-0.19048597406038045, 0.1682673261373948]"
0.53,2.37105084213,1.96072370036,"[-0.1772551263279954, -0.1850892436590188]"
0.53,1.39372176315,3.89848321708,"[0.21402517980439875, -0.21945481972246628]"
0.53,1.43815375605,4.69030767216,"[0.20808066917759832, -0.1991400264105209]"
0.53,2.21786097648,1.96072370036,"[0.11800491509797187, -0.15999219122185107]"
0.53,3.67173551208,3.89848321708,"[0.1543244073643587, -0.17513721447396466]"
0.53,3.67173551208,4.07395539412,"[0.0, 0.3162876030200486]"
0.53,1.05906688143,4.07395539412,"[-0.17412128990062706, 0.3499618020267903]"
0.53,3.89848321708,4.13604818517,"[-0.1836394550171143, 0.17806897075266861]"
0.53,2.86938463469,1.96072370036,"[0.1108948155544271, -0.19572330950506572]"
0.53,4.69030767216,4.13604818517,"[-0.1771533552400495, 0.1844886296769524]"
0.53,3.08313365782,4.07395539412,"[0.0, 0.316821167413398]"
0.53,1.96072370036,1.5367980777,"[-0.1994781720985517, 0.16777798307825453]"
0.53,4.07395539412,4.19201733307,"[0.32441147564230594, -0.08297008180177648]"
0.52,3.11863578047,4.07395539412,"[-0.24376094244409155, 0.3138717179974305]"
0.52,3.11863578047,4.13604818517,"[-0.1824422121571383, 0.1908151680726199]"
0.52,4.848865586,4.00450551608,"[0.017233349173692028, -0.2964235945406486]"
0.52,3.05045191281,4.31184551989,"[-0.04594044245986297, 0.295692229312474]"
0.52,3.05045191281,4.00450551608,"[0.061913698183420164, -0.2901757466689214]"
0.52,1.59101864024,4.00450551608,"[-0.11296025365708601, -0.31333096514192343]"
0.52,1.59101864024,1.96072370036,"[-0.056347424933153714, -0.17744160102976847]"
0.52,3.59076322185,3.10344849404,"[0.14655361656337698, -0.16878568594075813]"
0.52,3.59076322185,2.37105084213,"[0.14039135950881723, -0.16437380794213058]"
0.52,3.81027969874,1.44967370203,"[0.161610182417904, -0.15801287604325234]"
0.52,3.81027969874,4.07395539412,"[0.0, 0.31709049655031923]"
0.52,4.50798754377,4.00450551608,"[0.0, -0.29688731804127616]"
0.52,4.50798754377,1.43815375605,"[-0.1782330865605526, 0.19512484515876424]"
0.52,4.50798754377,4.58176649585,"[-0.15505312049289127, 0.17928684309215243]"
0.52,4.08310833288,4.30334663369,"[-0.1330114372816463, 0.24162830653082856]"
0.52,4.08310833288,4.07395539412,"[-0.11542661813719433, 0.3141888023578205]"
0.52,1.67291228473,4.30334663369,"[-0.08738806593516137, 0.2423515690659278]"
0.52,1.67291228473,4.07395539412,"[-0.07398365226051111, 0.3145741304225062]"
0.52,3.10344849404,1.6678434862,"[-0.20157113321790204, 0.14875701179774178]"
0.52,3.10344849404,2.21786097648,"[-0.19745641247856976, 0.17271244018841583]"
0.52,3.10344849404,2.94963901858,"[-0.20131223179835755, 0.19530118840591382]"
0.52,4.31184551989,3.08313365782,"[0.32214392818323434, -0.12451024001916444]"
0.52,4.00450551608,2.20068026182,"[-0.32424664717910323, 0.12245344012790228]"
0.52,4.00450551608,3.89848321708,"[-0.2931605127958869, -0.07161295241369697]"
0.52,4.00450551608,4.58785423488,"[-0.30296886209186646, 0.17653557716062074]"
0.52,4.00450551608,2.23070662394,"[-0.31977590128521605, 0.14589610917046408]"
0.52,4.00450551608,4.16560692491,"[-0.29305109828378745, -0.030228875901238274]"
0.52,4.00450551608,4.44655589802,"[-0.2926513743051222, 0.07113057263185504]"
0.52,2.83268960733,4.30334663369,"[-0.08648142222821645, 0.22372797175981798]"
0.52,2.83268960733,4.07395539412,"[-0.15396689644484796, 0.32525024698815425]"
0.52,4.30334663369,4.63836060169,"[0.2604913563345384, -0.20025057417306585]"
0.52,4.30334663369,1.05906688143,"[0.23344400938907753, -0.10338320458354511]"
0.52,4.30334663369,4.36685859536,"[0.24779866899662692, -0.17133012762461455]"
0.52,4.30334663369,4.13604818517,"[0.22307640782461358, 0.12481727957560029]"
0.52,4.30334663369,4.19201733307,"[0.24135908672987574, -0.07130151989083623]"
0.52,2.18915816508,2.37105084213,"[0.024263567688779172, -0.17407060148838932]"
0.52,2.18915816508,1.96072370036,"[0.0708377663197481, -0.19335885363284722]"
0.52,2.18915816508,4.07395539412,"[-0.09006071381771696, 0.3179529895489893]"
0.52,2.37105084213,3.08313365782,"[-0.1669341610071414, 0.09160744169667909]"
0.52,2.37105084213,4.44655589802,"[-0.1712133196967093, 0.07306407191767376]"
0.52,1.44967370203,1.96072370036,"[-0.13713357366942897, -0.20034793590998842]"
0.52,1.44967370203,2.94963901858,"[-0.17215280429815275, 0.17725211423474332]"
0.52,1.39372176315,4.63836060169,"[0.1683440133028567, -0.16632368572111167]"
0.52,1.39372176315,4.69030767216,"[0.22802242365462388, -0.2178273183683086]"
0.52,1.39372176315,4.29321971278,"[0.20347018490854873, -0.18964820556005338]"
0.52,1.39372176315,4.36685859536,"[0.20167224728748898, -0.18413572808422768]"
0.52,2.20068026182,4.07395539412,"[-0.021716303586423655, 0.3144359392128735]"
0.52,1.43815375605,4.54055100239,"[0.22828173618386455, -0.22988619545483846]"
0.52,1.35160925019,2.94963901858,"[-0.1891804509737529, 0.18794954851630308]"
0.52,1.35160925019,4.07395539412,"[-0.20905710367368568, 0.30611825569560014]"
0.52,1.35160925019,4.13604818517,"[-0.18012462668133628, 0.18087262716033295]"
0.52,3.89848321708,2.94963901858,"[-0.1801926099481464, 0.17306597356331574]"
0.52,4.78710192739,4.07395539412,"[-0.05047906223411916, 0.3198033112852965]"
0.52,4.58785423488,4.69030767216,"[0.11953834402035105, -0.13109816721033316]"
0.52,4.58785423488,4.07395539412,"[0.0, 0.31580126505203693]"
0.52,1.40381566536,4.07395539412,"[-0.001433972444773139, 0.31673364739985066]"
0.52,1.96072370036,2.23070662394,"[-0.1788972052143404, 0.10820209050277756]"
0.52,2.23070662394,4.07395539412,"[0.0, 0.31650539238326203]"
0.52,4.16560692491,4.13604818517,"[-0.18719407678337413, 0.20053863858948032]"
0.52,4.16560692491,4.58176649585,"[-0.16845786403960938, 0.1911158206765925]"
0.52,4.07395539412,1.5367980777,"[0.316831567253104, 0.0]"
0.51,3.11863578047,4.00450551608,"[-0.03670914000576631, -0.2941944948500921]"
0.51,3.11863578047,1.43815375605,"[-0.1571653834986565, 0.16583908829538677]"
0.51,3.11863578047,4.58176649585,"[-0.1837669667206507, 0.2022312751347106]"
0.51,4.848865586,1.96072370036,"[0.09136855652233154, -0.20690989117027775]"
0.51,3.05045191281,2.37105084213,"[0.09399694088793231, -0.1774815713503112]"
0.51,1.59101864024,3.67173551208,"[-0.1620723146777913, 0.16035167886529325]"
0.51,4.23003427086,1.39372176315,"[-0.1870659460828003, 0.2102317447022438]"
0.51,4.23003427086,1.96072370036,"[-0.014529236147525534, -0.18467408371485697]"
0.51,4.23003427086,4.13604818517,"[-0.14428595836636382, 0.1507433579407851]"
0.51,3.81027969874,3.10344849404,"[0.15579500013656022, -0.17634430175282484]"
0.51,4.08310833288,2.94963901858,"[-0.1351530313952146, 0.15449895441185926]"
0.51,3.10344849404,4.58785423488,"[-0.1834123576720368, 0.15891559240927744]"
0.51,3.10344849404,1.5367980777,"[-0.18440184214511918, 0.1428781081386605]"
0.51,4.31184551989,4.58785423488,"[0.2884154205217159, 0.0]"
0.51,4.00450551608,1.6678434862,"[-0.31705341474959325, 0.15452125654218002]"
0.51,4.00450551608,2.18915816508,"[-0.2986342274380089, 0.03583265496592042]"
0.51,4.00450551608,4.78710192739,"[-0.29098151852104875, 0.05536559662071401]"
0.51,4.00450551608,2.86938463469,"[-0.2935835705579963, 0.07538011707355965]"
0.51,4.00450551608,4.19201733307,"[-0.29606171185490837, 0.08172691898025151]"
0.51,1.6678434862,4.30334663369,"[-0.023933098063218722, 0.24327751698159433]"
0.51,1.6678434862,1.96072370036,"[0.15226427629252998, -0.20179511213413226]"
0.51,4.30334663369,1.39372176315,"[0.2393985386482937, 0.1692426249841939]"
0.51,4.30334663369,2.21786097648,"[0.23680791469621082, 0.0]"
0.51,4.30334663369,3.2076341759,"[0.2378894146955021, -0.07975732094170723]"
0.51,4.30334663369,3.08313365782,"[0.23547735239227918, -0.03522117993845142]"
0.51,4.30334663369,2.94963901858,"[0.24814398969563242, 0.11138252154281662]"
0.51,4.30334663369,4.58176649585,"[0.261490492079407, 0.1719560065164771]"
0.51,1.96701262315,1.43815375605,"[-0.12527294927979196, 0.1340471474756705]"
0.51,1.96701262315,4.58176649585,"[-0.1467180917534197, 0.16341386433199664]"
0.51,2.37105084213,2.21786097648,"[-0.17870250129101725, 0.15767055996903645]"
0.51,2.37105084213,4.58785423488,"[-0.17159658439200795, 0.14642736900285722]"
0.51,2.37105084213,2.23070662394,"[-0.17549379772052695, 0.11618019806558794]"
0.51,2.37105084213,1.5367980777,"[-0.17454180471763078, 0.1419364247874051]"
0.51,2.37105084213,4.19201733307,"[-0.18063424385724342, 0.09305962304983827]"
0.51,1.44967370203,3.67173551208,"[-0.15738894779251467, 0.14823691212403148]"
0.51,1.44967370203,1.40381566536,"[-0.1573574057922099, 0.1539077412169516]"
0.51,1.39372176315,1.35160925019,"[0.208044486408974, -0.20638993644757192]"
0.51,1.43815375605,4.63836060169,"[0.16447937038194663, -0.16382669181973872]"
0.51,1.43815375605,1.35160925019,"[0.1447953947527554, -0.142590226319937]"
0.51,1.43815375605,3.89848321708,"[0.18948530303092967, -0.194715057953895]"
0.51,1.43815375605,4.29321971278,"[0.16499497166375943, -0.15293951874842715]"
0.51,4.63836060169,1.96072370036,"[-0.0008406594457670863, -0.18026681912148232]"
0.51,4.63836060169,2.94963901858,"[-0.1426873766544363, 0.14256905080571786]"
0.51,1.35160925019,1.96072370036,"[-0.042718767026019615, -0.1816905688777577]"
0.51,1.35160925019,4.58176649585,"[-0.16036513449198467, 0.1702617656427131]"
0.51,1.05906688143,1.96072370036,"[0.07083587207143889, -0.19363968812344776]"
0.51,3.89848321708,1.40381566536,"[-0.15660329540055365, 0.14258842781074058]"
0.51,3.89848321708,1.96072370036,"[-0.10212259044674091, -0.1875308452041524]"
0.51,4.54055100239,2.94963901858,"[-0.15934232778722351, 0.15632468227014676]"
0.51,4.58785423488,1.96072370036,"[0.11718637561000005, -0.14871104939728774]"
0.51,4.69030767216,1.96072370036,"[-0.08282815506582795, -0.17876732341646845]"
0.51,1.96072370036,3.35233959378,"[-0.18338166286532473, 0.05380483787863517]"
0.51,1.96072370036,4.16560692491,"[-0.18267833708701867, -0.045201595972205286]"
0.51,1.96072370036,4.29321971278,"[-0.17990295116061183, 0.0]"
0.51,1.96072370036,4.44655589802,"[-0.19171925211653137, 0.10170471842482111]"
0.51,1.96072370036,4.19201733307,"[-0.1819030364526015, 0.08039811064912976]"
0.51,4.16560692491,2.94963901858,"[-0.14895357056764003, 0.15964175710988085]"
0.51,4.07395539412,4.13604818517,"[0.3160225799027432, 0.1429965737881363]"
0.51,4.29321971278,4.58176649585,"[-0.1664556240407625, 0.18744533472176558]"
0.51,4.36685859536,4.13604818517,"[-0.13767806321868253, 0.15150212083415143]"
0.5,3.11863578047,1.39372176315,"[-0.20325311636809076, 0.21384621166773995]"
0.5,3.11863578047,1.96072370036,"[-0.038611435907977054, -0.18084061519351702]"
0.5,4.848865586,4.30334663369,"[-0.05658615918621291, 0.23328516637527286]"
0.5,3.05045191281,1.96072370036,"[0.05480404389593217, -0.17460703774996306]"
0.5,1.59101864024,2.37105084213,"[-0.0823531650822913, -0.17563491524307454]"
0.5,3.59076322185,4.30334663369,"[0.018822766249627525, 0.23938477824073606]"
0.5,3.81027969874,4.54055100239,"[0.14444832112318357, -0.14914801948287962]"
0.5,3.81027969874,4.69030767216,"[0.1439870753571124, -0.1410440580397046]"
0.5,4.50798754377,1.96072370036,"[-0.026796880155097975, -0.18290473044173697]"
0.5,4.50798754377,2.94963901858,"[-0.1281205534292341, 0.14040553584191323]"
0.5,4.08310833288,1.96072370036,"[0.0, -0.1823715483824665]"
0.5,3.10344849404,3.89848321708,"[-0.17211562363645633, -0.07486954893377623]"
0.5,3.10344849404,4.16560692491,"[-0.17588796738734963, -0.024466619278594032]"
0.5,3.10344849404,4.44655589802,"[-0.20532035068476437, 0.11520728953747573]"
0.5,3.10344849404,4.19201733307,"[-0.1741204209478782, 0.0698457484890837]"
0.5,4.30334663369,3.67173551208,"[0.23465018196956286, 0.0]"
0.5,4.30334663369,4.58785423488,"[0.23612597011984932, 0.0]"
0.5,4.30334663369,1.40381566536,"[0.2385625998918691, 0.020048471179324696]"
0.5,4.30334663369,2.86938463469,"[0.2427124505811853, -0.0638926101861679]"
0.5,1.96701262315,1.39372176315,"[-0.16000040399857768, 0.17007343946150671]"
0.5,1.96701262315,1.96072370036,"[-0.041455662010039925, -0.19015698268549502]"
0.5,2.37105084213,2.20068026182,"[-0.17624521201618304, 0.06751677363198141]"
0.5,2.37105084213,1.35160925019,"[-0.17260695844324916, -0.013503550723836638]"
0.5,2.37105084213,3.2076341759,"[-0.17204412377107042, 0.037428849455286184]"
0.5,1.44967370203,4.58785423488,"[-0.15953614460908053, 0.1466950394568403]"
0.5,1.39372176315,3.2076341759,"[0.18572849901795885, -0.10807458083430385]"
0.5,2.20068026182,1.96072370036,"[0.07977921708521123, -0.18950257398878365]"
0.5,3.67173551208,4.54055100239,"[0.15233683672167986, -0.16950880970054613]"
0.5,3.2076341759,1.96072370036,"[0.04717650461326498, -0.17983570238619548]"
0.5,1.05906688143,4.58176649585,"[-0.1385023535541665, 0.16916323839204256]"
0.5,4.54055100239,1.96072370036,"[-0.13903042841136853, -0.20621736492112225]"
0.5,4.78710192739,1.96072370036,"[0.0834184550232251, -0.1852462495716198]"
0.5,1.40381566536,4.69030767216,"[0.16632336856913582, -0.168772531453356]"
0.5,1.40381566536,4.16560692491,"[0.12188596825065201, -0.12028631583446896]"
0.5,4.36685859536,4.58176649585,"[-0.12566553085465879, 0.1464089444013865]"
0.49,3.11863578047,2.37105084213,"[-0.05995170761018892, -0.18014834789557338]"
0.49,3.11863578047,2.94963901858,"[-0.16112368714485123, 0.16790861499556445]"
0.49,4.848865586,4.13604818517,"[-0.1079560661146149, 0.16455830000689808]"
0.49,3.59076322185,1.44967370203,"[0.1610026026324977, -0.1626427462066984]"
0.49,3.59076322185,1.35160925019,"[0.09576774884968021, -0.1013638083170707]"
0.49,3.59076322185,3.89848321708,"[0.10821612955979942, -0.12001967129617798]"
0.49,4.23003427086,2.37105084213,"[0.0, -0.17429366793864623]"
0.49,4.23003427086,2.94963901858,"[-0.10941947394717179, 0.11487568001577242]"
0.49,4.23003427086,4.58176649585,"[-0.11881385007709004, 0.13267617903016252]"
0.49,3.81027969874,4.30334663369,"[0.0, 0.2362287867794016]"
0.49,4.50798754377,2.37105084213,"[-0.0029773470786741653, -0.17148062695450578]"
0.49,4.50798754377,1.39372176315,"[-0.16351973135080036, 0.18074110155461312]"
0.49,4.08310833288,2.37105084213,"[0.0, -0.17205078990858313]"
0.49,4.08310833288,1.39372176315,"[-0.14507920519182269, 0.18304700099584503]"
0.49,4.08310833288,1.43815375605,"[-0.1060300815823322, 0.12542338745557347]"
0.49,4.08310833288,4.58176649585,"[-0.14154337083556343, 0.17165163142458081]"
0.49,1.67291228473,4.13604818517,"[-0.07659514729336193, 0.14814981333909816]"
0.49,3.10344849404,2.37105084213,"[-0.17007384269455655, -0.16479294914423143]"
0.49,3.10344849404,2.20068026182,"[-0.17982640811207082, 0.05812286989852286]"
0.49,3.10344849404,4.63836060169,"[-0.1793535309587228, 0.0]"
0.49,3.10344849404,4.78710192739,"[-0.19704443532776925, 0.106157980754963]"
0.49,3.10344849404,2.86938463469,"[-0.1846776902687997, 0.08952883467317262]"
0.49,3.10344849404,4.69030767216,"[-0.17624235387305986, -0.08289134453947071]"
0.49,3.10344849404,3.35233959378,"[-0.21258821559097615, 0.10255379494695285]"
0.49,1.6678434862,2.37105084213,"[0.12273046165697214, -0.17220632461995108]"
0.49,1.6678434862,3.89848321708,"[0.08792746443141759, -0.10594058604246241]"
0.49,2.83268960733,1.96072370036,"[0.022166520600247944, -0.18541232810924427]"
0.49,2.83268960733,4.13604818517,"[-0.15331243778128253, 0.1671704346492808]"
0.49,4.30334663369,2.20068026182,"[0.24682840766832595, -0.06924223672712757]"
0.49,4.30334663369,4.44655589802,"[0.24685821757478357, -0.07194565303567674]"
0.49,4.30334663369,1.5367980777,"[0.2374416023410015, -0.009923548494026904]"
0.49,1.96701262315,2.37105084213,"[-0.0068426395745860135, -0.17441703441741394]"
0.49,1.96701262315,2.94963901858,"[-0.11802193014735471, 0.12490271054970639]"
0.49,2.37105084213,1.44967370203,"[-0.17078814079091195, -0.09915365729579508]"
0.49,2.37105084213,1.05906688143,"[-0.17408769998513587, 0.0037800789347206226]"
0.49,2.37105084213,3.89848321708,"[-0.1652309598151386, -0.07810260254290304]"
0.49,2.37105084213,2.86938463469,"[-0.17061140819313458, 0.07352841187904362]"
0.49,2.37105084213,4.69030767216,"[-0.1646710091582511, -0.070253900230072]"
0.49,2.37105084213,3.35233959378,"[-0.1788509441077128, 0.06448002110770341]"
0.49,2.37105084213,4.29321971278,"[-0.17503648747375272, -0.021685096571233548]"
0.49,1.44967370203,2.86938463469,"[-0.10630028679105817, 0.0892247817536344]"
0.49,1.39372176315,1.43815375605,"[0.16035756161596273, 0.10781990024262679]"
0.49,1.39372176315,1.05906688143,"[0.18772017300681273, -0.13581746798229324]"
0.49,1.39372176315,2.86938463469,"[0.17094561666973881, -0.053883534278344775]"
0.49,1.39372176315,3.08313365782,"[0.17195323698640327, -0.06328291959022748]"
0.49,1.39372176315,3.35233959378,"[0.15713589826818522, -0.06611552236665633]"
0.49,1.43815375605,4.13604818517,"[0.11310198622526853, 0.14882525709805572]"
0.49,4.54055100239,1.40381566536,"[-0.15384912218615587, 0.14295258692689963]"
0.49,3.08313365782,1.96072370036,"[0.08696193765168456, -0.17473728986077278]"
0.49,1.96072370036,4.36685859536,"[-0.18095131117918278, 0.0]"
0.49,2.94963901858,4.29321971278,"[0.1380656548330089, -0.12844117906209987]"
0.49,2.94963901858,4.36685859536,"[0.13909568906001035, -0.12738731176190204]"
0.49,4.29321971278,4.13604818517,"[-0.18936615736294918, 0.2011137574084472]"
0.49,4.13604818517,4.19201733307,"[0.15686450971060167, -0.07027919607259267]"
0.48,3.11863578047,3.10344849404,"[-0.052090703101333576, -0.1830991806819793]"
0.48,3.11863578047,1.40381566536,"[-0.12831519905102873, 0.12689403372526306]"
0.48,4.848865586,1.39372176315,"[-0.07388429980393349, 0.16311046143593277]"
0.48,3.05045191281,4.30334663369,"[-0.000892805726975125, 0.23964799275814885]"
0.48,1.59101864024,3.10344849404,"[-0.10744992992480665, -0.19671214599425327]"
0.48,3.59076322185,4.69030767216,"[0.13145902290440145, -0.1337322394631581]"
0.48,3.59076322185,4.16560692491,"[0.09848698670501284, -0.09718443850683152]"
0.48,4.23003427086,1.43815375605,"[-0.12214427092091566, 0.1289676310015859]"
0.48,3.81027969874,3.89848321708,"[0.1130208420696869, -0.12145509822296237]"
0.48,3.81027969874,4.13604818517,"[0.0, 0.14797703226024195]"
0.48,4.50798754377,3.67173551208,"[-0.1390378917585302, 0.13846562243470226]"
0.48,4.08310833288,4.13604818517,"[-0.13202793906579924, 0.15494107493164436]"
0.48,1.67291228473,3.10344849404,"[0.059091759033928284, -0.18636438443513412]"
0.48,1.67291228473,2.37105084213,"[0.028837327705673425, -0.17301060782135014]"
0.48,1.67291228473,1.39372176315,"[-0.07532820826744178, 0.1633121865486812]"
0.48,1.67291228473,1.43815375605,"[-0.1235752768130525, 0.1497578009713546]"
0.48,1.67291228473,1.96072370036,"[0.060873090782329914, -0.18724097225722405]"
0.48,3.10344849404,1.44967370203,"[-0.17528299312098958, -0.09684309950095568]"
0.48,3.10344849404,1.35160925019,"[-0.1919097755551061, -0.06298406421589836]"
0.48,3.10344849404,1.05906688143,"[-0.18231298285879088, 0.03737485461337456]"
0.48,3.10344849404,4.54055100239,"[-0.16582250508570076, -0.07335296297998066]"
0.48,3.10344849404,2.23070662394,"[-0.17345009611047493, 0.09910734641583262]"
0.48,3.10344849404,4.29321971278,"[-0.1779551082599197, 0.0]"
0.48,3.10344849404,4.36685859536,"[-0.17857827087293565, 0.0]"
0.48,1.6678434862,1.44967370203,"[0.12437727887868827, -0.13533855168039902]"
0.48,1.6678434862,4.54055100239,"[0.11299564679249428, -0.1300274428390426]"
0.48,2.83268960733,2.37105084213,"[0.0, -0.17260292418114934]"
0.48,2.83268960733,4.58176649585,"[-0.13526811311860534, 0.1539563083752509]"
0.48,4.30334663369,2.18915816508,"[0.23491076793626817, -0.09161097541620189]"
0.48,4.30334663369,1.43815375605,"[0.22495664801790297, 0.0697201734470298]"
0.48,2.18915816508,1.39372176315,"[-0.10914120310912444, 0.17500376676614646]"
0.48,1.96701262315,3.67173551208,"[-0.09496162951396254, 0.09086422161732452]"
0.48,1.96701262315,4.13604818517,"[-0.15579341112488923, 0.16457779557071964]"
0.48,2.37105084213,4.78710192739,"[-0.18310520820027304, 0.0948505924288714]"
0.48,2.37105084213,4.36685859536,"[-0.17483736075141174, 0.0022440546972962465]"
0.48,1.44967370203,2.21786097648,"[-0.13103249338834974, 0.12666189494771157]"
0.48,1.44967370203,3.08313365782,"[-0.14785917549071254, 0.1288833801209877]"
0.48,1.44967370203,1.5367980777,"[-0.13568048342483904, 0.12848786691598107]"
0.48,1.39372176315,4.13604818517,"[0.16861199494774165, 0.15183412120635326]"
0.48,1.39372176315,4.58176649585,"[0.16776821530065472, 0.1373528730509695]"
0.48,1.43815375605,4.36685859536,"[0.13003449210562026, -0.11663720437875065]"
0.48,2.21786097648,4.69030767216,"[0.10813062507148045, -0.11261443094582135]"
0.48,3.67173551208,4.69030767216,"[0.13915985690334592, -0.1475997540764053]"
0.48,3.67173551208,4.16560692491,"[0.11489433692506257, -0.11762853861531648]"
0.48,3.67173551208,4.29321971278,"[0.10385573253383729, -0.10613633559650983]"
0.48,1.05906688143,4.13604818517,"[-0.14278959618763234, 0.17473530191115114]"
0.48,3.89848321708,4.58785423488,"[-0.13195161766573868, 0.11104267357146796]"
0.48,3.89848321708,2.23070662394,"[-0.1163474510684795, 0.1017800517351452]"
0.48,3.89848321708,1.5367980777,"[-0.1240959233142673, 0.10800219016832246]"
0.48,4.54055100239,4.58785423488,"[-0.1378396410725886, 0.11934174405599941]"
0.48,2.86938463469,4.13604818517,"[-0.05075603480026507, 0.15061498615250815]"
0.48,4.69030767216,1.5367980777,"[-0.1402165011299457, 0.13388374615061163]"
0.47,3.11863578047,3.81027969874,"[-0.11968445130107622, 0.12275939225726093]"
0.47,3.11863578047,2.21786097648,"[-0.12953907485811986, 0.12751778306828535]"
0.47,3.11863578047,4.58785423488,"[-0.1111272348757719, 0.10216636554747865]"
0.47,4.848865586,3.10344849404,"[0.014768280351441326, -0.17995380810879505]"
0.47,4.848865586,2.37105084213,"[0.03508937814658804, -0.17227276602672287]"
0.47,4.848865586,4.58176649585,"[-0.089170167128597, 0.1415510288975621]"
0.47,3.05045191281,3.10344849404,"[0.0726849404809867, -0.17390351009736157]"
0.47,3.05045191281,4.13604818517,"[-0.0449651091038081, 0.15482664373407204]"
0.47,1.59101864024,3.59076322185,"[-0.12479054780624016, 0.1281023384127282]"
0.47,1.59101864024,1.6678434862,"[-0.09439728122639791, 0.08892733762171218]"
0.47,1.59101864024,2.21786097648,"[-0.12307440744370292, 0.12485404081116744]"
0.47,1.59101864024,1.40381566536,"[-0.1472212779913339, 0.15095321935907738]"
0.47,1.59101864024,2.23070662394,"[-0.11057966519235492, 0.1101738235749433]"
0.47,3.59076322185,1.39372176315,"[0.0, 0.16291939797921962]"
0.47,4.23003427086,3.10344849404,"[0.0, -0.17803645497910736]"
0.47,3.81027969874,1.35160925019,"[0.10125492258321156, -0.10408043150305268]"
0.47,4.08310833288,3.10344849404,"[0.0, -0.17977837786359835]"
0.47,1.67291228473,4.58176649585,"[-0.08724513281925411, 0.14077008704013183]"
0.47,3.10344849404,1.96701262315,"[-0.18157688198662517, -0.005497202776270868]"
0.47,3.10344849404,3.2076341759,"[-0.18581257002597226, 0.07032604215321972]"
0.47,1.6678434862,1.39372176315,"[0.0, 0.1636798131569349]"
0.47,1.6678434862,4.69030767216,"[0.12507326541620703, -0.1353157707316902]"
0.47,1.6678434862,4.13604818517,"[-0.010514173310681163, 0.14946991587130237]"
0.47,2.83268960733,1.39372176315,"[-0.11928026591484363, 0.15571602455363368]"
0.47,2.18915816508,4.58176649585,"[-0.07389422962041015, 0.12408653668788153]"
0.47,2.37105084213,4.63836060169,"[-0.1726230059269079, -0.001130280269919214]"
0.47,2.37105084213,4.54055100239,"[-0.16265911094792992, -0.07709785802712826]"
0.47,2.37105084213,4.16560692491,"[-0.17225181623975544, -0.044920133186619034]"
0.47,1.39372176315,2.21786097648,"[0.16280457650479327, 0.0]"
0.47,1.39372176315,4.78710192739,"[0.16561743406945817, -0.030211467799616563]"
0.47,1.39372176315,1.40381566536,"[0.17046227672743458, 0.02898476853505304]"
0.47,2.20068026182,3.89848321708,"[0.06969423263802388, -0.09848981740980399]"
0.47,2.20068026182,4.13604818517,"[-0.04899582296567629, 0.14963306459418269]"
0.47,1.43815375605,1.05906688143,"[0.10485435167435896, -0.08536139874354595]"
0.47,2.21786097648,3.89848321708,"[0.1298924679979987, -0.14404375825750043]"
0.47,2.21786097648,4.54055100239,"[0.098783333517986, -0.10975356412920054]"
0.47,4.63836060169,4.13604818517,"[-0.15926152826767584, 0.15996333666278123]"
0.47,4.63836060169,4.58176649585,"[-0.14667273854905966, 0.15600004553584385]"
0.47,1.35160925019,1.40381566536,"[-0.12684527167042783, 0.11990409354015992]"
0.47,3.2076341759,2.94963901858,"[-0.074569211165976, 0.09339034278647336]"
0.47,3.89848321708,4.78710192739,"[-0.09466092702941571, 0.07400419133173076]"
0.47,3.89848321708,4.19201733307,"[-0.09272730318334547, 0.06972676837489981]"
0.47,4.54055100239,1.5367980777,"[-0.1337542669505555, 0.12017440397606681]"
0.47,4.58785423488,4.29321971278,"[0.07494235499527048, -0.07959040452234484]"
0.47,3.35233959378,4.13604818517,"[-0.0893885084677897, 0.15406242758808283]"
0.47,4.13604818517,4.58176649585,"[0.1392806443115141, 0.12183008077595164]"
0.46,3.11863578047,3.67173551208,"[-0.09973910224020925, 0.09453558002281338]"
0.46,1.59101864024,3.81027969874,"[-0.11616417167782846, 0.12279687426289966]"
0.46,1.59101864024,3.89848321708,"[-0.1043971018380932, -0.11269750915846641]"
0.46,1.59101864024,4.58785423488,"[-0.13171665888640804, 0.12602527289077603]"
0.46,1.59101864024,3.08313365782,"[-0.09627925841203079, 0.08473393265240392]"
0.46,3.59076322185,4.54055100239,"[0.1195280399510902, -0.12887923161026504]"
0.46,3.81027969874,1.39372176315,"[0.0, 0.16437039287913793]"
0.46,3.81027969874,4.16560692491,"[0.09932968377089713, -0.09541896701310042]"
0.46,4.50798754377,3.10344849404,"[-0.021051171259180244, -0.17849681105427911]"
0.46,4.50798754377,2.21786097648,"[-0.09031411095954625, 0.09163007490412384]"
0.46,4.50798754377,4.58785423488,"[-0.10195047694838422, 0.09783161496779912]"
0.46,4.50798754377,1.40381566536,"[-0.09992424337470175, 0.10300318937806288]"
0.46,1.67291228473,3.89848321708,"[0.057640067455048107, -0.10338433756468411]"
0.46,3.10344849404,2.18915816508,"[-0.179663276934117, 0.03240185549084428]"
0.46,1.6678434862,4.16560692491,"[0.09907570399896061, -0.10440475288688754]"
0.46,1.6678434862,4.58176649585,"[0.0, 0.1355854086356452]"
0.46,2.83268960733,2.94963901858,"[-0.1163671473641255, 0.12578922482670857]"
0.46,2.18915816508,4.13604818517,"[-0.10546925846391805, 0.15538384519726495]"
0.46,1.44967370203,3.89848321708,"[-0.10685954137913663, -0.0960153743605735]"
0.46,1.44967370203,4.44655589802,"[-0.11387608825304449, 0.08804986464491119]"
0.46,1.39372176315,2.20068026182,"[0.16690521529178268, -0.05164268270849673]"
0.46,1.39372176315,3.67173551208,"[0.16598822765632282, 0.008658513081307356]"
0.46,1.39372176315,2.23070662394,"[0.166393059265432, -0.0019454492196296195]"
0.46,1.39372176315,2.94963901858,"[0.15741994979709134, 0.07867752515030232]"
0.46,1.39372176315,1.5367980777,"[0.164563025215168, 0.0]"
0.46,1.39372176315,4.19201733307,"[0.16845250896136585, -0.05811022681719428]"
0.46,2.20068026182,4.58176649585,"[-0.05268700413291055, 0.13931393196416836]"
0.46,1.43815375605,2.86938463469,"[0.11674951135332451, -0.04996345383391804]"
0.46,1.43815375605,3.35233959378,"[0.12644341706766327, -0.0991819582170017]"
0.46,1.43815375605,4.58176649585,"[0.11117905968961654, 0.1339759505895173]"
0.46,3.67173551208,4.63836060169,"[0.1077570101212064, -0.11838657576952465]"
0.46,3.67173551208,1.35160925019,"[0.11683744342782391, -0.1282049183949837]"
0.46,4.63836060169,1.40381566536,"[-0.09998382900940811, 0.09449390090225405]"
0.46,1.35160925019,4.58785423488,"[-0.10825604849224027, 0.0949155999014134]"
0.46,3.2076341759,4.13604818517,"[-0.072423992937985, 0.14951476663004878]"
0.46,1.05906688143,2.94963901858,"[-0.09101900209744175, 0.1093007601476139]"
0.46,3.89848321708,2.86938463469,"[-0.09693767637376241, 0.07875615427241167]"
0.46,4.54055100239,4.78710192739,"[-0.11185536769543528, 0.09037492084678064]"
0.46,4.54055100239,4.44655589802,"[-0.10663779334007589, 0.08139529864052214]"
0.46,4.78710192739,4.13604818517,"[-0.041019380283586766, 0.14977881057211292]"
0.46,4.78710192739,4.58176649585,"[-0.04158343509044823, 0.13788799325073905]"
0.46,4.58785423488,4.58176649585,"[0.0, 0.13309781744631471]"
0.46,1.40381566536,4.13604818517,"[0.0, 0.14656366320379882]"
0.46,2.86938463469,4.69030767216,"[0.08918936919534023, -0.10055372665316747]"
0.46,4.69030767216,2.23070662394,"[-0.10266427455709048, 0.0964648993328789]"
0.46,3.08313365782,4.13604818517,"[-0.03941263681686206, 0.14936978049272032]"
0.46,2.23070662394,4.58176649585,"[0.0, 0.13532726018425256]"
0.46,3.35233959378,4.58176649585,"[-0.08962476619085731, 0.14042525702570732]"
0.46,4.16560692491,1.5367980777,"[-0.10043924203086312, 0.09784686100645452]"
0.46,2.94963901858,4.13604818517,"[0.093239429317689, 0.14967822613000623]"
0.46,4.13604818517,4.44655589802,"[0.15112315916787583, -0.04905395266902444]"
0.45,3.11863578047,3.59076322185,"[-0.10621793530521574, 0.10517489684716881]"
0.45,3.11863578047,2.86938463469,"[-0.05899599149067451, 0.04999047208070694]"
0.45,4.848865586,4.69030767216,"[0.0460869640503864, -0.09943410585557906]"
0.45,4.848865586,2.94963901858,"[-0.06935445041015872, 0.08823099287464457]"
0.45,3.05045191281,1.39372176315,"[-0.0069139097596958195, 0.16576989910828546]"
0.45,3.05045191281,3.89848321708,"[0.07838075739104172, -0.09565480974859389]"
0.45,3.05045191281,4.54055100239,"[0.06678518510734426, -0.08805332851306401]"
0.45,3.05045191281,4.69030767216,"[0.08784787240452376, -0.10119027178999244]"
0.45,3.59076322185,4.13604818517,"[0.0, 0.1480616378551175]"
0.45,3.59076322185,4.58176649585,"[0.0, 0.13320720508649908]"
0.45,4.23003427086,3.81027969874,"[-0.0722633934296268, 0.07289503578314639]"
0.45,4.23003427086,1.44967370203,"[0.0, -0.10142618433998973]"
0.45,4.23003427086,2.21786097648,"[-0.06964446952617924, 0.06709960816011916]"
0.45,3.81027969874,4.50798754377,"[0.0958868901708746, -0.09027456206756324]"
0.45,4.08310833288,3.67173551208,"[-0.07332339620555081, 0.07845237320518286]"
0.45,1.67291228473,1.44967370203,"[0.03693384449835592, -0.10385287317549036]"
0.45,1.67291228473,2.94963901858,"[-0.07527813454515933, 0.09016262841869721]"
0.45,3.10344849404,2.83268960733,"[-0.1796895850105553, 0.0]"
0.45,1.6678434862,1.96701262315,"[0.0517048219047811, -0.057578882132360794]"
0.45,2.18915816508,2.94963901858,"[-0.07687775511327659, 0.09042758662307061]"
0.45,1.96701262315,2.21786097648,"[-0.07695410233769413, 0.07475205756186083]"
0.45,1.96701262315,1.40381566536,"[-0.0974999402763414, 0.09670613272285224]"
0.45,1.44967370203,3.2076341759,"[-0.10720067162851185, 0.05604071716594736]"
0.45,1.44967370203,4.54055100239,"[-0.08670289494682441, -0.08560236492979612]"
0.45,1.44967370203,4.78710192739,"[-0.09578685021444752, 0.06591928248177704]"
0.45,1.44967370203,4.69030767216,"[-0.10108194870365436, -0.0900593059056729]"
0.45,1.44967370203,2.23070662394,"[-0.12132200037656718, 0.11534336775945155]"
0.45,1.44967370203,3.35233959378,"[-0.10286984385493507, 0.03902708091851029]"
0.45,1.44967370203,4.19201733307,"[-0.10403030882801617, 0.08115968127605729]"
0.45,1.39372176315,4.44655589802,"[0.15937990913513578, -0.028831390719958935]"
0.45,2.20068026182,4.54055100239,"[0.05302497117878184, -0.09204940414784962]"
0.45,2.20068026182,4.69030767216,"[0.06392312264864917, -0.09443711174865319]"
0.45,1.43815375605,3.2076341759,"[0.1206110698240416, -0.08508602623591335]"
0.45,1.43815375605,4.78710192739,"[0.11898781354517778, -0.04720808165179028]"
0.45,1.43815375605,3.08313365782,"[0.11154166028552259, -0.03665187306577952]"
0.45,2.21786097648,4.63836060169,"[0.07666830705504246, -0.08259890075900016]"
0.45,2.21786097648,4.16560692491,"[0.11442893097956824, -0.11379378109099565]"
0.45,3.67173551208,4.13604818517,"[0.041103599617879655, 0.15611869578205653]"
0.45,4.63836060169,4.58785423488,"[-0.07825556328144727, 0.06830858594593191]"
0.45,1.35160925019,2.23070662394,"[-0.07550759091248817, 0.06737150977635963]"
0.45,1.35160925019,1.5367980777,"[-0.09175858865360717, 0.08256916548874765]"
0.45,3.2076341759,4.58176649585,"[-0.06546991689454072, 0.12927044709545066]"
0.45,3.89848321708,4.54055100239,"[-0.09319325990559912, -0.10004602756711968]"
0.45,4.54055100239,4.69030767216,"[-0.0988656879967955, -0.09161267880259019]"
0.45,4.54055100239,3.08313365782,"[-0.12142300918408365, 0.09804366515443902]"
0.45,4.54055100239,2.23070662394,"[-0.11637245527273368, 0.10425647666094866]"
0.45,4.54055100239,4.19201733307,"[-0.1041066777891521, 0.08219816960411096]"
0.45,4.78710192739,4.16560692491,"[0.06934561003908787, -0.07828289723227701]"
0.45,4.58785423488,4.16560692491,"[0.09326109337112665, -0.09929778426437748]"
0.45,4.69030767216,4.44655589802,"[-0.08718306797832436, 0.06850373382692519]"
0.45,2.23070662394,4.16560692491,"[0.08378725933879394, -0.08611574457918961]"
0.45,3.35233959378,2.94963901858,"[-0.08395581231212662, 0.09811115910336508]"
0.45,4.16560692491,4.44655589802,"[-0.06356864150492868, 0.05366134154638656]"
0.45,2.94963901858,4.58176649585,"[0.07971150791235983, 0.1267587280270153]"
0.44,3.11863578047,3.05045191281,"[-0.07707447516615898, 0.0694244412225668]"
0.44,3.11863578047,1.6678434862,"[-0.08522089745545453, 0.07758856147153939]"
0.44,3.11863578047,1.44967370203,"[-0.033906038328132874, -0.101565011432675]"
0.44,3.11863578047,3.89848321708,"[-0.028111609636417265, -0.08793579223148856]"
0.44,3.11863578047,4.54055100239,"[-0.06796669402706947, -0.1150587488127609]"
0.44,3.11863578047,4.44655589802,"[-0.06458534875159544, 0.05311827068972937]"
0.44,3.11863578047,1.5367980777,"[-0.09249169321898384, 0.0872606699300164]"
0.44,3.11863578047,4.19201733307,"[-0.07102215001334837, 0.058167151069184166]"
0.44,4.848865586,4.54055100239,"[0.044330767326696115, -0.10549175958581687]"
0.44,3.05045191281,1.44967370203,"[0.09098465837035505, -0.11123059813155176]"
0.44,3.05045191281,4.58176649585,"[-0.048323157225515, 0.1428962667666163]"
0.44,1.59101864024,3.35233959378,"[-0.08394890055967293, 0.0493867516387622]"
0.44,1.59101864024,4.44655589802,"[-0.0782999324803936, 0.06822410961887274]"
0.44,3.59076322185,4.23003427086,"[0.0913691019791918, -0.09271206178252678]"
0.44,3.59076322185,4.50798754377,"[0.08578558402055855, -0.08327308205732582]"
0.44,3.59076322185,2.83268960733,"[0.05578153710440122, -0.0527123362258785]"
0.44,3.59076322185,1.96701262315,"[0.07013080928087137, -0.07083385985571054]"
0.44,3.59076322185,1.43815375605,"[0.004593813193952377, 0.11388659275817198]"
0.44,3.59076322185,4.63836060169,"[0.06808775029061774, -0.07202628659537942]"
0.44,3.59076322185,4.36685859536,"[0.05844538042115531, -0.0551477526448914]"
0.44,3.81027969874,4.63836060169,"[0.060039159326324004, -0.06249815758538778]"
0.44,3.81027969874,4.29321971278,"[0.07205786070073213, -0.06925542327032126]"
0.44,3.81027969874,4.36685859536,"[0.06430381235704989, -0.059604791581306465]"
0.44,3.81027969874,4.58176649585,"[0.0, 0.13319615317894243]"
0.44,4.50798754377,2.20068026182,"[-0.05173911047073647, 0.04606732212571298]"
0.44,4.50798754377,2.86938463469,"[-0.05718375204610432, 0.05124722411453852]"
0.44,4.08310833288,1.44967370203,"[0.0, -0.10255855592301388]"
0.44,4.08310833288,4.69030767216,"[0.0, -0.09163964646173799]"
0.44,1.67291228473,4.54055100239,"[0.04013804225988154, -0.09946856525946517]"
0.44,1.6678434862,4.63836060169,"[0.07506514118510464, -0.08542912495659119]"
0.44,1.6678434862,4.29321971278,"[0.058976551714935405, -0.06310692002364146]"
0.44,2.83268960733,1.44967370203,"[0.0, -0.10281123702729199]"
0.44,2.83268960733,1.43815375605,"[-0.10055055989593478, 0.11215390416127112]"
0.44,2.83268960733,3.67173551208,"[-0.07960040517611806, 0.07946282082323547]"
0.44,1.44967370203,2.20068026182,"[-0.10456383334760483, 0.06346358090999221]"
0.44,1.44967370203,1.05906688143,"[-0.10567339125747761, 0.043125217877241835]"
0.44,1.44967370203,4.16560692491,"[-0.09852648652689097, -0.035273177710761446]"
0.44,1.44967370203,4.29321971278,"[-0.10196674360798746, 0.0]"
0.44,1.39372176315,4.58785423488,"[0.1634563607659798, 0.0]"
0.44,2.20068026182,1.43815375605,"[-0.03184763959774254, 0.10971378143290113]"
0.44,2.20068026182,2.94963901858,"[-0.04992257840977215, 0.09390581619582833]"
0.44,1.43815375605,3.67173551208,"[0.1103223260561149, 0.010168411852447504]"
0.44,1.43815375605,2.23070662394,"[0.1233841456307911, -0.03296733203826286]"
0.44,1.43815375605,2.94963901858,"[0.10070988342707651, 0.07846421358803012]"
0.44,2.21786097648,1.35160925019,"[0.09155197532000722, -0.09871537189088796]"
0.44,2.21786097648,4.29321971278,"[0.07480940178378971, -0.0750312508873573]"
0.44,2.21786097648,4.36685859536,"[0.06861379863908773, -0.06659800883955563]"
0.44,2.21786097648,4.13604818517,"[0.0, 0.14809857572663646]"
0.44,2.21786097648,4.58176649585,"[0.0, 0.13373168201831526]"
0.44,3.67173551208,2.94963901858,"[0.009405366136957305, 0.08996604193909513]"
0.44,3.67173551208,4.58176649585,"[0.021779910262035348, 0.1342154752036155]"
0.44,1.35160925019,3.89848321708,"[-0.0438472830376773, -0.09640745739681779]"
0.44,3.2076341759,4.54055100239,"[0.04295713250558476, -0.09538990709380069]"
0.44,3.2076341759,4.69030767216,"[0.04281531503011699, -0.08990269669974073]"
0.44,1.05906688143,3.89848321708,"[0.030050147219061147, -0.09202397522400335]"
0.44,3.89848321708,4.69030767216,"[-0.08144397156387623, -0.08025241928283817]"
0.44,3.89848321708,3.08313365782,"[-0.11287167271963672, 0.08795627852782392]"
0.44,3.89848321708,3.35233959378,"[-0.09347801017591786, 0.04213727217073139]"
0.44,3.89848321708,4.44655589802,"[-0.0925229218651294, 0.07117444238839028]"
0.44,4.54055100239,2.86938463469,"[-0.10293710528852704, 0.08477826018783108]"
0.44,4.54055100239,3.35233959378,"[-0.10078108382146057, 0.043253001374041186]"
0.44,4.78710192739,4.69030767216,"[0.07045694122956266, -0.08868627730995915]"
0.44,4.78710192739,2.94963901858,"[-0.035068209754687066, 0.09274282296255726]"
0.44,4.58785423488,4.36685859536,"[0.06205653414436637, -0.06384789548063306]"
0.44,4.58785423488,4.13604818517,"[0.0016504462370637825, 0.14819123317272784]"
0.44,1.40381566536,4.29321971278,"[0.09994939007049679, -0.09846410736621983]"
0.44,1.40381566536,4.58176649585,"[2.4253618548241493e-05, 0.13544601406017157]"
0.44,2.86938463469,4.58176649585,"[-0.05761214355766893, 0.14080206061701975]"
0.44,4.69030767216,4.16560692491,"[-0.09651277776818111, -0.05118542108234533]"
0.44,4.69030767216,4.19201733307,"[-0.08229403646433937, 0.06648581495629653]"
0.44,3.08313365782,4.58176649585,"[-0.03337335938031067, 0.13358035996298867]"
0.44,2.23070662394,4.13604818517,"[0.0, 0.14757326885852284]"
0.44,4.13604818517,1.5367980777,"[0.147155333414146, 0.0]"
0.44,4.44655589802,4.58176649585,"[-0.02785450775379563, 0.13164810773216898]"
0.44,1.5367980777,4.58176649585,"[0.0, 0.13571671145244313]"
0.44,4.19201733307,4.58176649585,"[-0.024742614469023715, 0.13010186602832446]"
0.43,3.11863578047,3.2076341759,"[-0.06219910593532053, 0.05187312360176629]"
0.43,3.11863578047,4.78710192739,"[-0.07274837079230032, 0.06200859571932887]"
0.43,3.11863578047,2.23070662394,"[-0.08599085508137572, 0.08140336745624796]"
0.43,4.848865586,1.44967370203,"[0.02820830355277838, -0.10282840038081688]"
0.43,4.848865586,3.89848321708,"[0.031011554229696793, -0.09253790756808927]"
0.43,4.848865586,1.40381566536,"[-0.03535966254466517, 0.04258822797148142]"
0.43,3.05045191281,1.59101864024,"[0.0706271824455162, -0.07674954640937653]"
0.43,3.05045191281,1.43815375605,"[-0.014115393837044105, 0.11205830205439382]"
0.43,3.05045191281,1.35160925019,"[0.058872744333685355, -0.06961938907405102]"
0.43,3.05045191281,4.16560692491,"[0.06638916735366915, -0.07240357113259459]"
0.43,3.05045191281,2.94963901858,"[-0.021400710765900655, 0.09048708489842668]"
0.43,1.59101864024,1.67291228473,"[-0.07408626995627333, 0.03159481381444875]"
0.43,1.59101864024,1.44967370203,"[-0.08198911623817465, -0.10628209774978496]"
0.43,1.59101864024,2.20068026182,"[-0.08653231993579642, 0.07008963786966411]"
0.43,1.59101864024,1.35160925019,"[-0.07649508345237375, -0.026876893479115222]"
0.43,1.59101864024,3.2076341759,"[-0.07989079196432744, 0.051744232195966335]"
0.43,1.59101864024,1.05906688143,"[-0.07368064908999747, 0.022303859158822364]"
0.43,1.59101864024,4.54055100239,"[-0.08258310752199076, -0.10209760926781646]"
0.43,1.59101864024,2.86938463469,"[-0.09433466285097665, 0.0886030141203696]"
0.43,1.59101864024,4.69030767216,"[-0.09983104209802689, -0.11121927831034262]"
0.43,1.59101864024,1.5367980777,"[-0.10541853324196576, 0.10341409079291732]"
0.43,1.59101864024,4.19201733307,"[-0.07925646142022068, 0.06767553242266519]"
0.43,3.59076322185,4.08310833288,"[0.05248454194558657, -0.046452581859825905]"
0.43,3.59076322185,3.35233959378,"[0.0334923524645991, -0.026817712101155775]"
0.43,3.59076322185,4.29321971278,"[0.08005928585217366, -0.0786206694454563]"
0.43,4.23003427086,3.67173551208,"[-0.08725855200034785, 0.08282233288095024]"
0.43,4.23003427086,4.58785423488,"[-0.07338407396187013, 0.06673571155916178]"
0.43,3.81027969874,4.08310833288,"[0.061039786551519024, -0.05340271388219924]"
0.43,4.50798754377,1.6678434862,"[-0.0797117982776402, 0.07600470615374637]"
0.43,4.50798754377,1.5367980777,"[-0.08833499172611788, 0.08726458719984763]"
0.43,4.08310833288,3.89848321708,"[0.0, -0.09102668804149175]"
0.43,4.08310833288,4.58785423488,"[-0.04907558580537637, 0.05069111871136754]"
0.43,4.08310833288,1.40381566536,"[-0.06379681113766639, 0.07116589834675631]"
0.43,4.08310833288,2.23070662394,"[-0.03806225045557251, 0.04013929294235688]"
0.43,1.67291228473,3.67173551208,"[-0.048273531487990795, 0.05394183674474574]"
0.43,1.67291228473,4.63836060169,"[0.014354453609780516, -0.025669971316567834]"
0.43,1.67291228473,4.69030767216,"[0.06290950582488905, -0.10918108345962248]"
0.43,1.6678434862,1.43815375605,"[-0.0014675315099332096, 0.11352075505437259]"
0.43,1.6678434862,1.35160925019,"[0.07154797972649801, -0.08263118422112246]"
0.43,2.83268960733,3.89848321708,"[0.010551739934416644, -0.09456028935670506]"
0.43,2.83268960733,4.54055100239,"[0.0, -0.0986557051846228]"
0.43,2.83268960733,4.69030767216,"[0.023542494134374533, -0.09838265033593374]"
0.43,2.18915816508,1.43815375605,"[-0.08372252763873288, 0.10282235107077653]"
0.43,2.18915816508,3.89848321708,"[0.01899268535560286, -0.09019876890819656]"
0.43,1.96701262315,1.44967370203,"[-0.012664025258279303, -0.10256411176719059]"
0.43,1.96701262315,3.89848321708,"[-0.014832228236014893, -0.09410950345216537]"
0.43,1.96701262315,4.54055100239,"[-0.007501143628340911, -0.09982068801927149]"
0.43,1.96701262315,4.58785423488,"[-0.07225604214430113, 0.06596169104953856]"
0.43,1.96701262315,3.08313365782,"[-0.05073768834963477, 0.04053298398511694]"
0.43,2.20068026182,1.35160925019,"[0.058617306684928504, -0.06932025210186141]"
0.43,1.43815375605,2.21786097648,"[0.11165157031958338, 0.0]"
0.43,1.43815375605,1.5367980777,"[0.11241934333851626, -0.005294228628220057]"
0.43,2.21786097648,2.94963901858,"[0.0, 0.09088606015252552]"
0.43,3.67173551208,4.36685859536,"[0.11126120839837357, -0.11168321920702075]"
0.43,4.63836060169,3.89848321708,"[0.0, -0.09127895493007115]"
0.43,4.63836060169,4.69030767216,"[0.0, -0.09131858128837642]"
0.43,4.63836060169,3.08313365782,"[-0.05733092916521634, 0.0446073433421647]"
0.43,4.63836060169,4.44655589802,"[-0.0631908928937806, 0.05060594163787871]"
0.43,1.35160925019,4.78710192739,"[-0.06620587678974407, 0.05287126530168028]"
0.43,1.35160925019,3.08313365782,"[-0.07253492073455639, 0.05694528400494489]"
0.43,1.35160925019,3.35233959378,"[-0.049345030255650554, 0.03575635903825519]"
0.43,3.2076341759,3.89848321708,"[0.05894043581594289, -0.09982646994461881]"
0.43,1.05906688143,4.69030767216,"[0.02756079865680613, -0.092092903217349]"
0.43,3.89848321708,4.16560692491,"[-0.08623437386413504, -0.02237618381808197]"
0.43,3.89848321708,4.29321971278,"[-0.09067032407359325, 0.0]"
0.43,3.89848321708,4.36685859536,"[-0.09308424981977698, 0.0]"
0.43,4.54055100239,4.16560692491,"[-0.09903679354233078, -0.04223419049129231]"
0.43,4.54055100239,4.29321971278,"[-0.09816480802234662, 0.0]"
0.43,4.78710192739,4.29321971278,"[0.03506316558831057, -0.042190702078437246]"
0.43,1.40381566536,2.94963901858,"[0.004088905726436742, 0.09228013565291034]"
0.43,1.40381566536,4.36685859536,"[0.07833864973506167, -0.07463459734864814]"
0.43,2.86938463469,4.16560692491,"[0.06152394566371274, -0.06860780746798682]"
0.43,2.86938463469,2.94963901858,"[-0.03581281083203759, 0.09043810538876819]"
0.43,4.69030767216,3.08313365782,"[-0.10152526543547373, 0.08518501229872974]"
0.43,4.69030767216,3.35233959378,"[-0.09175870978305904, 0.04167953784131374]"
0.43,3.08313365782,2.94963901858,"[-0.03919550093062434, 0.09132083479694811]"
0.43,3.08313365782,4.29321971278,"[0.03879405143052676, -0.04716552110117756]"
0.43,2.23070662394,4.29321971278,"[0.054049441966331706, -0.05628679981080965]"
0.43,3.35233959378,4.16560692491,"[0.037510467982822954, -0.04805263393682788]"
0.43,2.94963901858,4.44655589802,"[0.08957031444457421, -0.04293492182967319]"
0.43,4.29321971278,1.5367980777,"[-0.07291853894364564, 0.07058773829545753]"
0.42,3.11863578047,4.848865586,"[-0.05421740886485798, 0.04204852003550093]"
0.42,3.11863578047,1.67291228473,"[-0.04518614905892189, 0.03294462102016018]"
0.42,3.11863578047,4.69030767216,"[-0.03689791514450778, -0.08981510451707765]"
0.42,4.848865586,1.59101864024,"[0.034700545443577216, -0.0786483532779635]"
0.42,4.848865586,1.43815375605,"[-0.07769199011634546, 0.10880999228892685]"
0.42,4.848865586,3.67173551208,"[-0.041382866956068326, 0.04714361293905838]"
0.42,4.848865586,4.16560692491,"[0.031744292445717935, -0.0463658022915509]"
0.42,3.05045191281,4.08310833288,"[0.019950625832015446, -0.021494222103407443]"
0.42,3.05045191281,4.29321971278,"[0.04304341754455071, -0.04812774788032773]"
0.42,1.59101864024,2.83268960733,"[-0.07802306795057376, 0.0]"
0.42,1.59101864024,1.96701262315,"[-0.07918986126976442, -0.002768188973303704]"
0.42,1.59101864024,4.78710192739,"[-0.0781059943962289, 0.06894140189390001]"
0.42,1.59101864024,4.29321971278,"[-0.07638335659937562, 0.0]"
0.42,3.59076322185,2.94963901858,"[0.0, 0.091878136682396]"
0.42,4.23003427086,1.6678434862,"[-0.05290484409631943, 0.04752202055062778]"
0.42,4.23003427086,3.89848321708,"[0.0, -0.09117741253913089]"
0.42,4.23003427086,4.54055100239,"[0.0, -0.09824487131438048]"
0.42,4.23003427086,1.40381566536,"[-0.07895542630930123, 0.07778219052025521]"
0.42,4.23003427086,2.86938463469,"[-0.03742782487528702, 0.030417801188243027]"
0.42,4.23003427086,4.69030767216,"[0.0, -0.0936423616175475]"
0.42,4.23003427086,2.23070662394,"[-0.053419448330203435, 0.04952253762515205]"
0.42,4.23003427086,4.19201733307,"[-0.03411702107071233, 0.025215658501251324]"
0.42,3.81027969874,1.96701262315,"[0.08349457234737205, -0.08196777309554655]"
0.42,3.81027969874,1.43815375605,"[0.0, 0.11283899741252544]"
0.42,3.81027969874,1.05906688143,"[0.04129131594170275, -0.03357777130547471]"
0.42,3.81027969874,2.94963901858,"[0.0, 0.0911486891588866]"
0.42,4.50798754377,1.44967370203,"[-0.017863731817139628, -0.10020744352380834]"
0.42,4.50798754377,3.2076341759,"[-0.04829413079921742, 0.040373071774015924]"
0.42,4.50798754377,4.54055100239,"[-0.03254595836384574, -0.09983727076635765]"
0.42,4.50798754377,4.69030767216,"[-0.03346924898390985, -0.09573476325060631]"
0.42,4.50798754377,4.44655589802,"[-0.0655226524547581, 0.0573954439753479]"
0.42,4.08310833288,1.5367980777,"[-0.042053939217430766, 0.04436724748116778]"
0.42,1.67291228473,1.6678434862,"[-0.016464794331951405, 0.019567575647344994]"
0.42,1.67291228473,4.58785423488,"[-0.025060904347540353, 0.028696995059735372]"
0.42,1.67291228473,4.16560692491,"[0.05065963392971819, -0.061110796582681835]"
0.42,1.6678434862,2.94963901858,"[0.0, 0.09104973043238439]"
0.42,2.83268960733,2.21786097648,"[-0.0501446582487307, 0.051631332325977095]"
0.42,2.83268960733,4.58785423488,"[-0.050403288615868555, 0.04899021492636444]"
0.42,2.83268960733,1.40381566536,"[-0.0783643403145994, 0.08101990321116664]"
0.42,2.18915816508,2.21786097648,"[-0.024331622373650774, 0.02848168278617706]"
0.42,2.18915816508,4.54055100239,"[0.03806894651537716, -0.10400531688980758]"
0.42,1.96701262315,4.78710192739,"[-0.05768517149502455, 0.048596188850504096]"
0.42,1.96701262315,2.23070662394,"[-0.0526574510915743, 0.04841503435634744]"
