label,sepal length,sepal width,petal length,petal width,3.11863578047,4.848865586,3.05045191281,1.59101864024,3.59076322185,4.23003427086,3.81027969874,4.50798754377,4.08310833288,1.67291228473,3.10344849404,4.31184551989,4.00450551608,1.6678434862,2.83268960733,4.30334663369,2.18915816508,1.96701262315,2.37105084213,1.44967370203,1.39372176315,2.20068026182,1.43815375605,2.21786097648,3.67173551208,4.63836060169,1.35160925019,3.2076341759,1.05906688143,3.89848321708,4.54055100239,4.78710192739,4.58785423488,1.40381566536,2.86938463469,4.69030767216,3.08313365782,1.96072370036,2.23070662394,3.35233959378,4.16560692491,2.94963901858,4.07395539412,4.29321971278,4.36685859536,4.13604818517,4.44655589802,1.5367980777,4.19201733307,4.58176649585
0,5.1,3.5,1.4,0.2,4.84952326883,3.67217953485,1.47116174728,4.35787461083,2.50070492765,2.78762561989,4.7499189346,1.00339138164,4.23218092156,2.95836521595,3.42719277227,1.85204054808,1.39430967982,3.38504568096,4.40990377926,3.34939609266,2.56835734926,3.74367272046,4.26925462631,1.21881202711,1.92609486267,2.72821426215,1.38189736911,4.93239965449,1.87006058835,1.76875948643,2.21397334546,2.56015321646,3.85209258096,3.45502826684,1.65644374104,3.16223216402,1.7590623873,3.08134023447,2.47106267006,4.52198941293,1.00573896922,4.77282805579,2.9985163773,1.46111999921,4.92561203869,3.9046456461,4.88546174997,4.38500648171,1.73764445917,3.03954730821,1.73971892674,2.44087463007,3.30086579986,2.01931965437
0,4.9,3.0,1.4,0.2,2.73170136587,1.32122859013,2.96174913678,4.24976976313,4.51073833446,4.71241247986,3.32522465726,2.91168345496,2.54873797051,2.01214067789,4.01326765449,1.90853655317,1.9849057105,2.16171410981,1.67555960022,1.43385195099,1.90783496308,1.51898079382,3.76954959325,4.89444171909,3.18517124121,4.25960387986,1.33027689166,3.56627644973,3.38947181031,2.25555136339,4.87327590942,2.32189138841,3.33046412231,2.59413330835,4.92341434045,1.20849105158,4.67979012264,3.1543358107,2.37680824997,3.67494856396,1.99942848993,1.10322216794,1.47321622543,4.71800281704,2.1698373751,1.93595765658,2.16475464977,2.91845852685,2.11663852229,3.71394601957,1.60148860325,1.62950248529,2.44152825372,3.04310687585
0,4.7,3.2,1.3,0.2,4.06675787873,3.03127332874,1.77968850145,1.39217752848,3.12132196329,4.22127277141,2.22338933512,3.23497939978,3.72682023187,3.84520574749,4.88047562179,2.28092028139,4.82159486959,4.11817089165,4.13968578804,2.74816498115,3.24451721831,1.45963393,3.08140133869,1.36843617758,4.45764660865,2.32947745054,2.00660759777,3.74519521801,4.76209865862,1.78172368805,3.47807918643,3.94327543365,2.82645153878,4.82535020662,1.34565641635,1.86936403193,4.74058052012,3.83886308434,3.87866326284,3.52396383672,3.51247952507,4.08639026671,2.79876099252,4.92429836367,4.65175158329,4.42830463285,3.89683081179,4.79758624491,1.24017985583,1.57948608499,2.87332457985,3.38922673039,3.97208893648,3.51829292031
0,4.6,3.1,1.5,0.2,3.57104731997,3.82605736626,2.07743089441,1.97561342947,4.71806598316,4.73002988638,4.17961899419,2.00045981371,2.54213917774,3.52573664826,3.98025580809,3.17733665197,3.15927531625,3.1492788591,3.11525193482,1.99182069548,2.70164316772,1.64282349913,2.58638321956,4.86718753678,2.41801692972,3.51223959826,1.63935078731,4.46645507361,1.8685373408,1.39694913624,3.10676827962,1.49156643995,1.61018956878,2.14876646011,4.35104812683,3.1227055235,2.14041661046,2.12916128193,2.1129020024,2.11368272132,4.75344037235,2.94823853361,2.07527234124,1.96558956177,3.70832982529,3.84846695629,1.06124780038,1.27010253809,2.37450140837,1.92837173381,3.26882565427,2.50798672224,4.69120743458,2.50639441044
0,5.0,3.6,1.4,0.2,1.30698194457,1.62038383703,4.67510408577,3.57460623181,2.66867768437,2.55877348467,1.30506394817,1.20574655531,3.15104130889,1.94246152361,4.10576824547,1.05029594881,2.93088088632,4.88206492384,1.2241377869,4.38860842103,4.64411632862,1.65878099116,4.289192365,4.3655681515,3.00065511184,4.77905242963,1.87001154939,3.99587163369,4.70112633283,3.17671611504,4.71215078804,1.51029275546,3.07451804126,2.5893869162,1.59541716553,1.25287573626,2.03898825368,2.23977571884,3.43369741892,2.66423843007,3.03257853995,4.34045300284,1.61415638427,4.85869640333,4.15355453982,1.59851000872,1.26477151358,3.9082018132,4.59838102101,4.06962498364,4.69931990799,1.34492461557,4.59697983953,2.72574557696
0,5.4,3.9,1.7,0.4,2.59454660178,3.46398600492,2.44027760083,4.99776745545,3.09237469902,2.28627842333,4.17989575645,4.92671777117,4.86650937159,4.46877483415,4.34436804023,4.24812447283,2.31570693325,3.35291146953,3.99142341803,4.76749805486,2.64034675707,3.77153435802,2.71172160861,4.39040134352,1.764802524,4.7821742634,2.64948005252,2.81527223424,3.140243164,4.03485700717,3.36435272031,4.60325053283,2.97432037906,4.77337120102,4.82914338356,3.11490473311,2.64217488031,3.03962590664,3.00803973294,4.02345871537,4.44181156462,3.494279312,2.25657448317,2.85426766593,2.92833802444,1.42183216236,3.61756859635,2.81531718759,4.08838945182,2.63111687037,4.97531896475,2.03219972089,1.39845633126,3.0242825464
0,4.6,3.4,1.4,0.3,1.33414143826,1.4432876727,2.69857511755,3.75427839226,4.33037508951,3.93578952374,1.1828700888,3.9448876965,4.89877420531,2.87720528142,2.61863655952,1.56301523829,3.66649604311,3.78096266071,4.46848552618,1.42895748423,1.46172283906,1.87054420168,4.58391850516,2.04479478146,1.91717092171,2.95166675611,1.62709453519,2.26505838678,1.10134478368,4.40784726485,3.83242295828,2.25404955882,2.78849135757,1.75012986099,1.72703984056,1.47351278064,2.06385514115,1.96251131627,2.37701606101,4.83121167495,3.32067504804,2.90906138648,4.08741113546,2.87190627735,2.58045779321,4.18210331395,1.16005930361,1.75611332321,3.37259462228,2.06779268842,1.2259483189,1.08989735739,2.54953897453,2.49876327364
0,5.0,3.4,1.5,0.2,2.17298063789,1.92204558303,1.02638924397,4.75894518733,1.82502258021,1.3548338136,1.2130974146,4.06506457579,3.87681509576,1.59259171473,1.96661022354,1.31483153104,2.31514943033,1.74874892674,1.26969560721,1.01480324897,4.42651315634,1.03974701893,1.22463886412,3.94148860813,2.92754569996,1.84823815003,3.03248500795,1.72599510581,4.34260713807,2.42613478057,1.37211946609,3.32818685922,3.12450674218,2.32904711307,3.01796915433,1.1380928502,4.4383289796,1.43322227487,3.42108828396,1.90178853794,4.95533753228,4.58188247488,2.05039551679,4.14279022313,2.25163426528,4.65735975925,1.37278428852,3.69307016087,4.965180973,1.35347766728,4.99674834506,1.45713491787,1.84721687874,2.31755381813
0,4.4,2.9,1.4,0.2,3.02879230263,3.38727463567,1.2835659848,2.49155168637,1.09529966408,1.27582921387,2.81592074143,4.39887412786,2.93788029208,4.330177346,4.1130191434,1.29873907447,2.60866889146,4.54409437699,4.6286667139,3.73536465778,4.08171668613,3.26286254656,2.73122026907,2.31013329825,2.83587955248,2.05610680799,2.89573096548,4.09638948122,3.83327551914,1.24492365123,2.77454397085,2.30142624209,3.12567975245,1.11184633965,4.95500126486,4.71642477692,3.10256036016,2.44656611062,2.50428571733,2.1849510465,3.18264877794,1.34587552532,1.90735321144,4.6940552074,4.15389129605,1.05432447596,1.76599555854,1.9239048296,4.11432134792,4.32884009863,3.44849364163,1.46639495732,2.54427110108,4.07336714892
0,4.9,3.1,1.5,0.1,3.32645578308,3.76787391602,1.7855116552,1.11840289525,1.04209808059,4.68200006484,4.43218738799,2.98609847904,4.25837546276,4.76861324745,4.40239808134,2.16402180351,4.10951512963,1.49247753126,3.29021539493,1.04667944276,4.64391135142,4.9119726039,4.80772564,3.15739174151,3.94064475815,3.1769963425,2.90987625836,1.90071827732,1.07860353139,1.06687953084,1.34260041841,3.89827890274,3.27796844271,2.28088351377,3.66606728192,3.25901431987,1.47366684179,4.20081735728,2.12253339025,4.69576967902,2.91933659631,3.70003976684,1.41158393875,4.25537043182,2.18635003349,1.83161397236,2.79661405343,3.26552845644,3.40766455463,4.03077294352,3.62154713202,4.63104501795,3.25170922478,4.69381837125
0,5.4,3.7,1.5,0.2,2.82182242483,1.97158155225,2.60348175197,1.20325118674,3.51008470818,4.38349165744,2.42442200348,3.61192760543,4.70652943822,4.67427090237,4.3170430777,2.70390223259,4.75473064062,3.13944204235,2.85703482732,2.63558801781,1.84019788669,3.93695931775,1.97781048762,4.13320315171,4.43711629195,2.33649655353,2.24203836967,2.37920725714,3.90656692063,2.30065321311,3.29295469993,4.99192503662,3.61318687563,4.71935967397,3.95550797617,3.97099621712,3.31210801641,1.17705068562,1.66445427587,3.48973993635,1.73926463625,1.35525551856,1.92252494976,3.34805014108,3.22427143966,2.11038647234,3.60337474095,3.10667930233,3.11219633713,1.12508295395,2.07138793293,4.41878812498,2.56834964372,1.11676475516
0,4.8,3.4,1.6,0.2,1.84975517509,2.80643451056,4.36919101986,1.90658633454,3.2173501192,2.19853727723,1.91481155136,4.86171993698,2.06300223128,4.41368925365,2.62196220816,1.3004785275,4.22726258258,2.71164373962,1.9417461445,2.49631336461,4.14383095068,2.22762251039,1.8373265083,2.92458112702,3.70155248413,2.89386334324,2.1723946786,2.26720925062,1.44023000973,3.59293374736,2.36806749846,3.57726629914,4.33289930339,4.53931388733,3.33810454377,1.39361830199,4.65499048594,2.69981171008,3.00727960704,4.54870472796,3.36232842903,2.83241407131,2.53490797528,1.05590262024,4.26534411359,2.1325809907,2.42951506909,4.93730435918,4.44855564036,2.60578027448,2.10452828435,2.32751009875,2.02174886978,2.14459365506
0,4.8,3.0,1.4,0.1,3.39827775988,1.56249741863,2.70362640732,4.24040168548,4.22310987558,2.23302113608,3.17468849072,2.37995772248,4.69619526431,1.73087526212,2.0013550291,2.34909285445,3.82145642601,2.39497934136,4.2403483773,3.67883199654,2.93872196475,1.46568620692,1.07354690973,2.66815606206,3.05379623484,3.48028321358,1.46269539061,1.37044693019,3.43550210802,3.03895316697,3.77657329379,3.14954184906,3.78632025675,3.2796188331,2.37438982374,2.4420436287,1.21363352005,1.39067334904,4.30428192763,3.04277339591,2.24061181334,3.65551607655,3.23659916054,1.5803438127,2.39991545562,1.21607843857,3.51781895942,3.94213985883,2.72038875021,1.00772497179,1.6263912496,3.41384908113,2.73564384795,4.81313833214
0,4.3,3.0,1.1,0.1,2.33174662201,3.09783638833,2.90490931468,1.87214611781,1.88343915181,2.19645925412,3.02518441718,2.24419586477,3.5245145295,4.7365874754,2.16259582824,1.23905333281,2.21628998322,1.20213397199,4.11355763048,1.36337784023,2.29207704403,2.95977038899,2.86822153366,1.81746761693,1.63029746433,3.67080626221,3.7749405416,3.19528618711,3.25629453663,2.85114940309,2.82294090461,1.96329990279,3.13977235667,3.27979418706,1.6380951136,3.06180006436,2.46863770422,2.18948758628,3.22697064202,4.23696654537,2.02979984551,4.95275716947,2.05326273053,3.77821291193,2.62950780126,3.23806886172,3.60375433902,4.85191475181,1.77160232742,3.95018066851,1.58759354033,2.76528039338,3.58650092032,4.6744467238
0,5.8,4.0,1.2,0.2,2.83074712236,1.75444842045,2.45395873134,4.62941880967,1.07480097261,1.40249855785,4.20096152025,4.56073059579,4.23930515382,2.53981825513,2.5767911397,1.35209098469,2.21068471156,2.11330318293,2.78603529069,2.25974741441,2.55155875262,3.48612155903,1.9771538417,1.07929991831,3.01079581804,4.99113755503,2.01053535339,4.05802187717,3.82295136648,1.69978244129,4.96656633425,4.24508272809,2.14224969327,1.65691733004,2.68705507425,4.30294951984,4.01095117057,1.87889371438,3.55410797289,1.43680066008,2.55040414212,2.1249244122,4.11961182404,2.03623029261,2.01060322186,4.04263728122,1.71310235197,1.18100969862,4.79637176354,3.09714358855,2.2486753838,2.57335150231,1.23530139474,2.66006786411
0,5.7,4.4,1.5,0.4,4.87749399256,3.5188359212,4.17135007416,4.27173097898,1.82229829555,3.73772467958,2.55633662716,4.04747629531,1.81334837839,1.80361448205,3.07653583494,3.32012741277,3.77768791837,1.29842670814,1.63650061369,4.03648661776,1.62902391491,4.17096808989,2.19410130119,4.47485429603,4.22349026941,1.03945349639,3.58022993866,4.69198575071,3.69665512621,1.00767876532,1.7619923307,3.70818680576,2.94419098551,2.28881366073,1.71999378669,4.57210170368,4.70182685413,1.89512058841,4.49119024096,1.34299449954,4.20235353612,1.15444967135,1.96007874953,1.36971361802,4.06949960971,2.38373080331,2.79995043587,4.325116249,2.86656320523,1.26211166643,2.65491104498,1.14659682134,4.84918385425,1.34553108267
0,5.4,3.9,1.3,0.4,2.66219300536,2.76239278657,4.03613739951,4.56871777023,2.45489301565,2.51637018264,2.51574288968,1.90482532988,1.0955560942,1.47001737721,2.73296275849,2.00387105954,3.78523472674,1.85403287235,3.98027211118,1.26659051967,3.50242169554,1.71084237756,1.56942264349,1.41015964977,2.1243471761,2.34245476078,4.29968974843,3.38599929734,2.87133108679,2.44597736676,1.9987483169,2.61467748808,4.32375299103,3.16604534187,1.94175473397,1.89233536216,4.81166798644,2.27474627268,1.87339552431,1.72095774474,1.38510074015,4.80493185967,2.96505975981,3.85521396166,2.6496092685,4.15834521912,2.93930922155,3.75174008035,1.05088363949,4.45727714784,1.48765924877,2.91258576859,3.68140415806,3.16037905474
0,5.1,3.5,1.4,0.3,1.64940854322,1.19151301892,3.50226447704,3.72372089391,4.10529090064,3.04714913319,1.62614432748,2.15933701911,3.43887932031,4.18300931926,3.7784967364,4.7203383413,3.22456654505,1.98306981347,2.25135187223,2.06236027277,1.61611451631,3.13580073155,3.62454773817,1.66092887624,3.63882160006,3.81612013034,3.32092767245,3.46415272698,3.13962394399,2.66126016707,4.26283845488,1.71667184057,2.22644593868,3.29088569332,4.18550837782,1.85678480208,4.23184598383,4.53850309961,3.77419941395,2.94076812317,3.80814052216,1.6297055142,4.47696157741,2.14386757704,1.81672823313,4.23085685324,1.00157109423,4.33037541559,2.87534638661,1.83498282814,3.54104569497,3.75606907914,3.23000131177,3.98063393774
0,5.7,3.8,1.7,0.3,2.59685610814,3.37475236013,4.22050113365,2.80047721874,1.97316873935,4.96971556689,3.16607086336,4.28246812731,4.90394727075,2.76902356393,2.55715581806,2.44217330274,2.15879471772,3.18787180592,2.33619642697,1.15993983859,2.38196521371,2.86605194521,4.93704194412,4.03297626179,2.44885122971,2.19337322532,1.25912660076,2.93513054691,4.25841485046,4.60540032756,2.72421029439,2.51066406603,4.6624450868,2.23856081537,4.00313322199,2.0237478812,2.80379264547,1.71225905709,2.48489230587,1.23770033035,3.62037540553,3.88561646113,1.84811559451,1.4468658837,2.84847097101,2.736047546,2.72157338836,4.82757669924,4.88602510448,4.33490714693,4.90800897227,3.54774192694,1.15756204924,1.54103587727
0,5.1,3.8,1.5,0.3,3.45792709267,4.45447113014,1.14233860744,3.89152785886,3.69309519163,4.56635844437,4.34874612675,2.77320375143,4.95464963899,4.36965544794,1.97258292596,1.35614353004,4.91915263682,1.63508768142,4.27995154873,1.82331940877,4.42762493628,1.98101738755,3.15803414288,2.0929922155,4.75404477063,2.6904906376,4.71811626269,1.74195181767,4.96391700331,1.00763685571,3.72326157194,1.21036156339,2.58502481268,1.61260637859,3.23707150128,1.47882627602,4.6430166864,2.25858197611,4.43129771276,4.02876006228,4.78305283683,3.91165123362,4.10769664222,1.28319400013,2.60261210319,2.67598891264,1.82667899856,2.97610939341,2.1517785953,3.23684062692,2.29367313769,2.17920994345,2.6135508677,1.34429813047
0,5.4,3.4,1.7,0.2,1.15584041088,3.16615502964,2.13847768475,4.24478097738,1.03748717861,4.22254732085,1.9326205968,4.86593368769,3.71325093044,3.9506837792,1.58662484161,4.08803039537,4.87030345078,4.71022922187,2.62851428678,2.15392191978,2.87593315184,4.98104976322,3.14188359299,3.9496767255,2.49632193967,4.67149738837,3.51384020646,1.97448581083,3.84274383847,2.16703635026,2.34193817477,2.57287711875,1.94554424298,2.02258903508,4.24630235043,2.44324061028,2.98562330478,3.67875914045,1.25191199147,3.98197890136,2.83827798829,3.41336718005,2.49827557681,3.1252406193,3.15625803989,2.22463075881,3.07934739001,2.59229102753,2.69385355288,2.75775993449,4.29475541169,4.60037705647,2.33228789002,2.35895907267
0,5.1,3.7,1.5,0.4,4.92066633367,2.25448329946,4.67954277313,3.72493288233,3.17492072966,4.80937996492,3.88717958052,1.35224821833,4.34762120737,4.54420447972,1.93624744656,3.01901373817,2.39416521717,1.96658568986,3.59201308476,3.36370593381,1.40776241724,1.49514158251,1.32452367318,3.53670402144,1.23409023284,4.59931284905,2.37988371304,4.28170652047,2.9298683501,3.12057780992,4.93573942939,2.51150064362,3.86428999109,4.68586870266,1.80765513249,4.64025934691,4.25076834166,4.55600318332,1.41125177591,3.35121837226,2.58109098689,1.94250469025,1.54766208403,4.50501536156,4.45424132573,4.49468650166,3.33224033581,3.70193288757,2.43002039199,3.75562120847,4.84931096498,3.03680924099,4.35861245416,4.09284558577
0,4.6,3.6,1.0,0.2,4.02014215221,3.71969242224,4.50756941884,1.62041992476,3.83216400149,4.08079729069,3.31339594525,4.4473154719,1.67006193382,4.31175822679,3.67231290669,3.9194349924,2.44083020595,1.93497925047,2.09579089818,1.28092980972,1.74307990939,4.00605209352,4.86444084541,3.75280587889,3.53039576846,2.54326996302,3.20390503291,3.77878570629,2.21262780789,3.77113942542,2.34577617025,2.12722985975,2.78506542461,3.92214631988,1.80099909601,4.15591438521,4.60551670264,3.29466525103,4.03454674291,4.6474587779,2.79831568838,3.81461243083,3.55959256857,1.54191005414,3.87583927622,1.83016943627,3.63516768855,2.68601401374,3.03379703216,1.50911810606,3.18263556595,3.55183877633,2.07957431417,4.36041591973
0,5.1,3.3,1.7,0.5,4.78246565186,3.16588355883,1.05082738583,4.14407144046,4.71325693737,4.2187969255,2.19042463607,3.04048525873,3.69147442311,3.85774918062,3.23225867055,3.00568236308,4.20423230394,1.65461565638,2.49088483129,2.41161445417,3.71466558047,4.15717182765,1.64190857672,3.64010172628,4.1819664791,1.69181341828,2.98351085675,3.97532472854,4.80985388538,4.76215537876,1.09236950756,4.08904844901,1.17747436533,3.11426078027,2.8366684759,3.47609123322,2.92964482757,1.79657826688,1.21373386169,2.89943775997,4.87105712516,1.71343606102,3.72610844239,1.49653551513,4.77593595514,2.88269511414,1.22067334629,4.3424818073,3.86524868358,1.88778022104,3.20403636822,1.42024904343,3.6935862357,1.45604919387
0,4.8,3.4,1.9,0.2,4.47870199971,4.57060385112,4.85857890249,4.77572080731,3.51168721092,2.35591112905,3.63815569016,1.35132868195,1.70795992403,2.62774798213,3.551049224,4.46632378841,2.81810039353,3.42590966492,2.3642594418,3.63160858579,4.18431661876,4.19074104965,2.03000974741,3.7566234695,2.00344324198,3.55802213979,2.95671135623,2.97989799848,1.14307446049,1.27276115432,3.83586763676,3.37022883652,1.5723608518,1.07876392158,4.41376781235,4.1309821371,3.32219299818,1.85491071252,3.61264769566,4.5101547969,3.19652462243,4.68445949243,2.07202202023,3.63828369438,2.9218989065,1.23839673054,3.01700401836,4.93125706781,2.22944511994,3.46405182618,3.59950142645,3.81600029004,2.44315278269,2.41899899123
0,5.0,3.0,1.6,0.2,3.37144700792,4.7561955579,2.72981144552,4.48719087697,2.59443283188,1.86595654775,1.70858543454,3.15729148278,1.76986229477,2.91291064933,2.85419764077,2.3307866761,2.65441983803,2.06711321719,4.10474428491,1.63319495496,3.79937441237,3.78243982916,4.91319828127,2.73072056864,1.45059532449,1.19493592445,1.00723833276,1.72265363093,3.61089430233,2.87098964897,1.55455126965,2.26741121048,3.23728726686,4.4633593745,4.29007961093,2.94886369102,1.81113876062,3.56443709048,3.05762033746,3.52311528996,1.0664285694,3.31586742539,2.97123821273,3.25551727614,3.70064365057,1.3218647096,3.85202089393,2.47686531931,3.14161654824,3.78791731727,2.23399743526,2.24171996712,4.05221241647,1.53282893317
0,5.0,3.4,1.6,0.4,3.13314681462,4.01627033449,3.9072386795,2.63213325289,4.14439362412,2.06096891141,1.74798236322,2.9513797789,4.52366900561,1.09797476901,1.36686596552,2.75910170178,2.17069484978,2.78136816949,3.81833642856,2.61281807288,2.35175962191,4.50892700777,3.77434536532,4.02088842579,4.53767090525,1.56091594784,3.42072977516,4.38623943226,2.73522790854,3.82962907206,3.25629815951,3.01546923092,4.02725354594,3.16506907283,3.41541715423,4.4935305618,1.65016403613,3.99893215879,3.213555751,1.97303364965,3.63483922775,2.59201354138,3.79522590488,2.2408988191,3.60490159237,2.27447201092,4.21146939272,3.99541371248,4.6648863398,4.07026755499,2.1414996695,1.74099583544,4.52037469403,3.616435772
0,5.2,3.5,1.5,0.2,3.77279867712,4.58311821609,4.77536140901,2.23849836268,4.87048132412,3.03068807531,3.59912534896,3.88447953742,1.08418726173,2.8685786587,2.21588588779,2.09711785201,3.07045362142,3.24954395811,3.55708218291,2.00672733659,1.27794781719,3.80162024186,2.62633984166,1.1296597437,2.89197750739,3.291357659,1.10995623992,2.18882354179,2.56358694841,3.06465205809,1.70115264094,1.16348307877,2.88801978272,3.92494106265,1.1150408195,4.18794026661,1.20320709763,1.01471216461,2.88984692557,3.80982155944,1.23533476348,4.84533380405,1.5901615164,2.26041581218,2.81524019137,1.57389248906,1.60692958099,1.46318738783,4.25485704313,3.39436305862,3.85639799347,3.01692473975,2.23322724771,2.93591780707
0,5.2,3.4,1.4,0.2,4.66776164637,3.84578446151,4.88720600284,2.81897762234,1.15694572727,1.54645910256,4.29068466029,2.79592080378,3.79492915565,2.49241435701,4.64883580849,4.46232792402,4.75769127073,3.01477840629,2.62325867673,2.36679795865,1.19153955118,4.24318465063,2.63305571165,3.1022218928,1.07916171372,1.51584340937,4.21124759037,4.60028746009,1.18479261711,4.23905584764,2.24122831808,4.7008760321,3.32363397594,3.8128365953,2.91533948493,4.97953546265,1.44400994962,3.73210870641,3.21078468264,4.79122133363,3.39654578825,4.27564242715,1.93897326852,4.84063445246,3.44225324599,2.5902295552,1.32514505072,2.83951620316,3.69381481897,1.68870498994,2.91840308177,1.66680896378,1.71318267049,4.14537421908
0,4.7,3.2,1.6,0.2,3.71529989755,2.47804874346,4.87528375311,1.53682135601,2.47586087824,3.51423941889,1.38295680907,3.94386182847,4.30204932728,3.62414376492,2.94586557092,2.33820662256,3.02003225751,3.42475716191,2.71760567771,1.63893591981,4.35795155536,2.1926556647,3.67414020507,4.07395110687,3.51985337415,3.79823359307,4.39879855564,3.2153180789,1.59037120628,4.84870018708,3.70868485099,3.75337173789,3.70866983823,3.07848323026,1.76452880811,2.20588712657,3.39008827301,2.94900769933,1.87202744887,3.86337921856,1.42862512698,3.23677389385,4.56008018372,2.15819851201,3.11210258002,4.22147208589,2.0203659589,1.07375095335,2.56230663902,3.61872509097,4.33789356035,1.02259907098,3.84047400691,1.14841929586
0,4.8,3.1,1.6,0.2,1.77887847102,4.89730683461,1.45038977142,3.65047509853,2.47876868062,1.4385468988,1.90023989122,4.17780507498,2.57685973672,1.80079303403,3.71079977515,1.37535872214,2.02828436264,2.96512410256,4.74748332425,1.64959483292,1.44858994918,4.78247101417,3.59786354564,4.97570475842,1.69175076486,1.19522837328,3.55437582236,4.20578496314,4.5713654092,3.52696463953,3.2941963261,1.36931947934,4.94689491042,4.14325573136,3.12372732206,2.772296609,3.63819208995,3.82041797542,4.63266522241,4.11137029356,4.30441930336,2.05516306566,3.8003076567,3.42843122118,1.78383399292,3.06267658287,1.67462079503,2.33981191917,3.03767462821,4.46304444487,1.64922590697,4.1628681037,2.09064945026,4.80819820804
0,5.4,3.4,1.5,0.4,2.08304573263,2.60936677825,1.38414722641,3.85202953477,4.63227049902,3.09295240747,2.72284052643,2.77435236315,2.24144296022,3.14307382761,3.91088738141,4.03515166983,2.80575860484,4.51895620864,2.13869199944,2.71439424424,1.88514833697,1.32233973117,4.40329104073,2.73678437146,2.83263020849,1.64129712881,4.94597626018,3.872256119,4.50634822334,1.92278365703,2.28653706719,2.57397322923,1.99755285862,3.97194626868,4.58229487963,4.30647597774,3.23603131004,4.65867141998,1.98699990533,2.55451928478,4.54767140764,2.15891255908,3.9938314563,3.78387750983,1.26649238991,1.00679952163,1.4375008981,1.49677177528,3.44849425105,2.01068748984,4.35722133558,3.46755373863,3.50364766561,1.18353960818
0,5.2,4.1,1.5,0.1,4.56183898632,1.81602373263,2.19900384337,3.92372943928,1.56256100591,3.43465874128,2.20568940644,3.27231195451,1.35278277398,1.40424506359,3.71942666063,1.05184587553,3.65494525543,4.54196017175,4.11083870992,3.13028878617,4.52417809987,1.14348861161,3.95822384751,4.71010323551,2.62318302128,1.56171311957,3.77843545543,1.78187873639,3.2188652978,3.62152647155,3.46424231064,4.09168264466,2.88428049644,1.0740344272,2.83648232065,2.50422365771,4.41073147754,3.50882047958,4.25597946188,2.53569789058,3.44211226909,4.38513395217,4.27015623568,1.7224172167,3.5156041924,1.06002602593,2.81179831736,1.7083978813,2.7166600347,1.18465586238,4.11692334556,4.86912929597,4.06095795272,1.18426521889
0,5.5,4.2,1.4,0.2,4.64893503156,3.15570977843,1.39077991883,2.9629732549,2.81380742966,3.489581962,4.1593524576,2.08526030002,2.20796829706,4.61168053131,4.17427904787,2.7289302709,3.75218853561,4.96874080498,2.03255191534,2.70011638937,3.72927501458,1.05699723649,1.95081431823,2.90933526538,2.84044657846,1.49893351002,4.11380307331,1.56061466428,2.20710702586,4.0239503289,2.08528311169,4.86703588978,3.76944604948,4.45266005596,4.27420305831,2.21847938255,1.18822124127,1.31019503074,2.26894724633,1.77624933972,4.93598912478,3.50302592113,4.09103733738,2.02811353067,4.37714056797,2.44850657001,1.95055933146,2.2453786389,2.63682118564,4.93892455299,2.87857820228,3.28724618659,4.42394755053,1.11474756335
0,4.9,3.1,1.5,0.1,2.07988037437,1.67994407051,1.33059519975,3.3287174789,2.07011796755,2.83982517915,2.42877330441,1.61693981619,1.77559465418,2.34742000296,4.25586857659,2.02292400072,3.54518275436,1.01612485649,3.35557210173,3.52697301462,4.79328061443,4.58819030824,4.03520452927,3.11321567695,3.98457855111,3.02582485446,1.38932552679,1.36951500639,3.67626362505,1.82311317565,2.84103588506,1.05776056886,4.26375372198,2.84196031487,3.84268562017,4.78528467974,1.58558526495,3.45805660647,1.72635491454,3.30286267348,4.23922333978,4.65918144492,2.3577919184,4.58224992806,1.03072965242,3.33845719427,3.60967680858,4.28162160771,3.5250482426,2.067418026,1.83200683665,3.22727388406,3.20494300938,2.81956780188
0,5.0,3.2,1.2,0.2,4.49062912086,1.22520881362,3.92651492949,3.93628877735,1.90940817509,2.02811978008,1.67803337166,4.90890665497,2.82016691881,2.55076069578,3.66653735361,3.52770476125,4.4667078019,1.28863876193,1.71116139835,1.73975185727,4.98974872092,3.12272523004,4.65974657168,3.05678973082,1.15807882311,4.07411977452,3.88203314337,3.28648632344,3.2216158369,1.10488861983,3.15085305756,1.5404752522,1.2944835663,4.67581076796,2.19344379128,4.43877347813,1.32512715071,4.54542033396,1.6237862002,2.82116214095,3.58948003479,3.44118926959,4.94564085344,3.43545915725,4.69969375809,4.49329955241,2.53459889524,1.01266269594,1.11347858202,1.36454321506,3.98290994379,4.53733278866,1.95256080356,1.14359071485
0,5.5,3.5,1.3,0.2,3.08713116535,3.94842301891,4.97340152565,3.50337961952,4.83643634997,3.08703400746,1.3663843509,2.14422666638,3.71893218149,3.06369530737,1.88519443628,3.00118762702,3.56518219554,2.05744148305,2.02189628699,3.09350527803,2.05704759428,4.08922821206,1.89116989697,3.03495468517,4.82541296594,1.85608530232,3.23074169467,1.30216495036,1.15457748948,2.11090527117,2.50009981668,4.02405446756,3.72329619529,1.63639935482,2.73705340604,2.04142670908,3.3682048553,1.67100102039,1.2951656714,3.0124906218,3.96565382229,3.08308348793,2.05150565503,1.25018240029,3.2865370902,2.29845638973,2.33845487742,3.01477500804,1.51974886274,4.45890340669,1.82176330008,3.62908705725,4.78972836398,3.74982556953
0,4.9,3.1,1.5,0.1,2.69382566469,2.0546104559,3.1336783005,4.09820893574,1.04774679769,2.08287816835,2.71335478768,2.61040303931,1.24069435603,2.58297212454,2.59172723431,1.87261565457,2.76806548453,2.81713046824,1.97423921875,4.23572907745,1.32480989146,4.06865947354,2.57730124291,2.78345046875,4.17359187977,3.5366079878,3.97452944731,2.09899792925,4.49768227995,3.20423350052,4.63236513029,2.51219053683,4.25044287528,1.54843506568,4.51986531939,4.94109866663,3.44804174816,3.8523015611,4.70481594319,4.30837898678,1.78816043942,1.68758752508,2.8674549547,2.75341557619,4.05233658088,3.95762704597,3.13135029605,3.9314853924,4.79768906735,1.50947627027,1.94490342663,3.02114454636,2.67770817062,3.04995893665
0,4.4,3.0,1.3,0.2,4.19908383253,3.96031383471,2.86612941888,4.11705342878,1.84150770096,1.15198055553,1.18913458995,4.68462935319,3.57874523052,2.62371135361,4.67972051416,2.73803174945,1.99123285674,3.87772003365,3.20265264924,2.84448380599,3.1222301538,4.73041069877,2.81768115927,2.35598940371,1.23162040259,1.4748124012,2.80086594456,4.43755889465,1.41407022459,3.01473096116,1.63271177883,3.4624402864,4.3262722351,2.29661232645,1.19160666696,3.20682481041,2.49695149833,4.45484028068,2.91246464639,1.47373075747,1.8823698667,3.83805310842,4.35433354518,4.23854149047,3.56893214718,2.76654731271,2.85610347698,4.43186735862,2.44959869575,2.87966797258,3.332907391,3.16630496655,4.75351668921,1.27394142743
0,5.1,3.4,1.5,0.2,3.33754400559,4.63344587571,1.46498205649,2.65892448429,3.23118266476,2.01034475663,3.09830935195,4.90232306429,2.06382509303,1.71538095735,3.79400664608,4.70853639239,4.12002464701,2.02432946506,1.06053202015,2.88016800839,3.61308418113,1.33036518085,3.22785218226,2.59527958126,2.63157323864,2.58580662694,1.55100562291,2.05038379602,3.12081051045,3.28953604636,3.86107928553,3.57275282704,4.90170633932,3.28912847778,2.72400937076,1.38854408075,3.45998191777,2.55085785167,1.69271183088,2.38159370738,4.55541609438,4.9018600985,1.02436077733,2.55828777572,2.52598709078,1.29508463776,4.74670038269,3.82844289949,3.05872112502,1.30958684559,4.13030749587,2.78745900058,3.58454930662,2.2620995976
0,5.0,3.5,1.3,0.3,2.20902513252,2.59315228874,3.64163468705,2.99144355355,2.24101367022,1.41919121149,2.97947474425,4.56087104141,2.67672333213,2.04313325146,2.24869883347,3.9741136267,3.07113824247,2.07606797963,1.50901982988,4.28549783482,3.40359633945,4.84121972678,4.19804822656,3.86630087728,1.93036410854,4.98843113811,1.32056379112,2.55686254102,3.67226832515,2.28333012074,3.17175083511,3.07452595587,4.43608074667,1.09675436888,1.63974170283,3.60994477952,4.51575456919,4.88294681326,3.30960219909,3.1603452152,3.67526608201,1.65696846019,1.00577597197,3.94101951609,2.40230115385,2.1762208488,2.7088488514,1.93708286399,3.87695031456,3.49764649529,2.48169753321,2.05246954785,1.24881913164,4.04835134461
0,4.5,2.3,1.3,0.3,3.89557670456,4.44425814934,2.51546052883,3.68163591239,3.05763712435,1.44749151492,1.91599291674,4.69588663138,3.60914327324,4.53333191052,3.02017057425,2.590485572,4.96446373389,4.88536822859,1.81551497653,3.82326461323,1.18195400812,2.66200277552,2.83574737323,3.10225276691,2.24508199897,4.93902130607,2.65052222299,1.6420330495,3.2797068641,4.49307301812,2.52996100847,4.98954515937,1.61412341378,3.95457067491,1.24856463484,4.49675092127,2.35602001135,1.61204459747,1.59050127135,1.9397543263,4.06899157799,4.54437838618,1.01933616674,2.27060079691,4.79000974098,4.97595585457,1.61420061734,2.26411059936,3.34225995869,4.36213295287,3.73282412504,3.97128263228,1.7050295505,4.41969405923
0,4.4,3.2,1.3,0.2,4.03202254066,4.78648992979,4.07382358431,2.39376129399,2.36089988246,2.17253180646,1.27898127198,2.6045780558,2.86468248556,1.3595477776,1.11466232584,1.34568353542,2.19458651784,4.87840884732,2.89324949004,1.29112759694,3.78548347126,2.66095667755,2.0558301027,2.4194923546,3.84956434904,1.22851532307,2.30753809977,2.5141229296,1.1875782865,2.4552013957,2.2134445408,1.77572481286,3.21544773378,1.11264439623,4.85277464035,3.24787934012,3.89463255412,1.96728591513,1.19331538205,3.01871938674,2.2478474072,2.14473423194,3.19647163265,2.73176185748,4.16048139724,1.20993069535,2.7565984095,2.5521029421,1.68928880558,3.17702319537,4.59462553232,3.80816515214,4.58145370836,2.41546410292
0,5.0,3.5,1.6,0.6,2.0018789811,2.65376552344,4.21921282698,4.98611435322,2.91670411147,2.91569913501,3.13498086983,1.29089434906,1.45479082767,2.1135546626,1.8134343981,1.920474391,3.17023775276,4.67554508005,2.60019667388,1.42461641423,2.96042352301,4.23073217474,4.7664215989,4.75172203347,2.07952851338,3.23604261151,2.7047569889,2.32844272698,2.00796113073,2.91747309428,4.05031390396,2.07702736389,2.33677585186,1.44464939661,3.19441123265,1.18920896782,3.37251714666,4.21865461806,3.61658351336,3.85211215546,2.97306613573,1.09961996174,2.06136009088,1.36202456881,4.8858965917,3.17815371658,4.42420823969,3.43806147736,4.79701480252,2.32764403912,2.08573329216,3.30494280974,4.72063533013,1.33700062076
0,5.1,3.8,1.9,0.4,1.65173760491,1.19778322424,1.79582440696,1.5671740994,2.15023911409,3.15821624633,4.71751546759,4.45674348359,2.8981392294,1.31436755324,4.25764840836,2.34394727957,3.54024764118,4.68568160039,4.25211843411,1.88398588091,1.09662472983,3.11447911392,2.37654163176,4.49314607135,1.0871609608,1.37768838617,4.52364402713,1.60871986096,4.04488464283,3.07698729313,2.3514482416,1.50514988904,3.00566457438,4.12819480401,4.14386067345,2.84514716789,3.72372944888,3.15499051836,4.99566174739,4.85739020237,3.55666293375,4.68360844651,3.08340516337,1.71979240006,2.77271587365,4.34184264665,2.72102559189,2.15924458948,2.94568259644,1.01179037095,4.59095464057,4.21254673205,2.61623839808,3.24209530759
0,4.8,3.0,1.4,0.3,1.09245470579,1.28065063825,2.22435229861,3.15392648987,3.57072855567,1.90099665145,1.44365170349,4.16068533252,3.76342009674,2.94193014655,2.61325582047,2.51166806249,3.56096325708,1.8451074267,3.04708019625,3.57495562251,3.07158344156,2.2340514253,2.70044317252,2.33318648913,2.7346157037,2.16284283495,2.25512431118,1.37367037386,3.92279997573,2.48173557732,1.36372926197,3.85937329617,3.67126452762,1.69031465476,1.55245687332,3.96937737072,2.11304381271,2.04065564812,3.64628940448,1.97711323473,2.56295255833,4.04805614538,1.35052188865,4.0390596345,1.63534366902,2.53021433276,1.46335397674,2.65718594294,2.28936303213,1.56368311977,2.18423280287,3.57057920708,4.77250949726,1.35117110288
0,5.1,3.8,1.6,0.2,2.42506631322,3.82525726368,1.617866914,4.79777439528,1.14592444636,1.81759488156,3.04475330349,3.14028780788,4.35940220249,3.51488366001,1.36323403726,3.30280318096,3.53487341462,4.94455227104,3.70091602566,4.74617386434,3.59535763852,1.64800155097,3.87990760291,3.90423808054,2.5500461714,1.47781180595,4.69450488841,1.65915289222,4.19553539606,2.92146046924,2.76792226098,2.91354214213,1.62758812929,2.73140257771,4.60233897016,2.14595015181,2.419893834,1.87931244624,4.39296915301,3.73439828768,4.68369054576,4.51160034909,4.75168668831,4.03458654123,2.67607067861,4.99129041741,2.82118642892,4.1205984833,4.65486126172,4.78444347106,2.80434230461,4.91291711697,3.26296993808,1.59493413655
0,4.6,3.2,1.4,0.2,2.75958779589,3.32450898277,2.06590243771,2.92250336702,4.84317965189,4.62406054431,4.19430126203,2.67791416489,3.50605417467,1.94640891179,3.57946112581,1.69955332209,4.97758518937,2.56319741563,4.56217250157,1.39143211771,3.9473411175,2.22489682315,2.30074296511,4.47102882557,2.51630845939,4.94818412323,1.05388127159,1.51856683392,2.08448163895,2.34381078103,1.97679880985,3.2966142569,4.98839702035,2.87290723363,3.87320723093,2.30131487123,3.13805640941,4.73343806404,4.9792710509,2.99686941405,3.44235292672,2.81449097791,4.97451632892,3.78492545301,4.39031955034,1.79527880189,2.16444951959,3.40761878518,1.30695490749,4.42863988151,1.39488361168,2.13902599341,2.82377919207,1.75167593461
0,5.3,3.7,1.5,0.2,4.36300302464,1.30805282047,3.09684009326,3.93876437208,3.33897952663,4.38814307837,3.61259133995,3.5573356267,3.65517582505,1.99524015839,3.73622787277,4.98969697317,3.29280786685,2.87010639792,1.29551325051,2.90853699224,3.64448363334,3.9661677406,3.36265518374,3.08597604438,3.54189872371,2.29095133001,1.508248651,4.50517651282,1.81649225955,4.911737141,3.53397239776,3.31565488235,1.66858009763,2.5102267219,1.00914913424,1.49382701788,4.67356237379,2.77464424971,4.01677491195,2.03929906911,4.24801393055,1.04149647096,2.43181413112,3.32882316063,1.02453037908,1.59203977252,2.48278976503,1.31878627987,3.22858076206,1.4534766392,4.21839795102,1.98150063373,3.45007293571,1.91249212497
0,5.0,3.3,1.4,0.2,3.14508303108,2.8079401547,2.99203934454,1.45589784286,1.16161789521,1.53481731395,1.63261817738,2.58363504256,4.77755899193,4.64766334237,2.95251609706,2.33374153547,3.89209828111,4.33827559533,3.25543420787,4.75568346078,4.43542404133,2.42996149554,4.31487458547,2.81613146447,1.27957300953,2.51825419126,3.15219212597,2.09507363117,2.55859276164,4.31052173435,4.0065469545,3.19321437757,3.56909071715,4.54299029494,3.78607768026,4.99882910309,2.32296903422,3.92819842356,2.3010056063,4.34736895117,2.06517599755,4.56563823083,4.6386487664,3.39552889858,4.16484190543,4.05606233032,4.58390562409,3.00905295601,1.30595073531,1.41255596377,4.48594290256,3.48783943627,4.77774478045,2.02421545073
1,7.0,3.2,4.7,1.4,4.13953810733,3.49939237154,2.18999664579,3.43644117386,4.2365894127,2.31567475386,3.97107444341,4.25233357429,2.9547607563,3.45770957124,2.12459937553,4.70984351701,1.65407094019,1.21615576624,3.54595260972,1.66068413132,3.64680026801,2.43534568928,3.56742972355,4.40156968701,3.6358669469,3.00980657243,2.83713095933,3.3982769861,4.99130022906,2.05189897627,3.62369346671,4.85449938205,1.99491672879,4.64748765653,1.93764155871,2.31767915085,3.29984917975,3.40270741151,1.09167750914,3.49613463583,3.06574582633,1.9828918069,2.19904623564,3.61471124081,3.99289800132,2.15921625307,2.73440043267,1.63468069751,4.44494362084,1.72694798647,2.91386629592,4.33095587988,2.63340423972,1.41578992207
1,6.4,3.2,4.5,1.5,3.2460673495,2.60617103668,3.86087388104,2.72243701019,1.06698856535,4.42509401017,1.30561820352,3.76146019423,2.12600600471,1.36064236335,2.43130832494,1.80268020483,1.47531099325,3.33819896163,4.23745901773,4.62863896364,2.50104867594,1.84540056767,4.31990568869,2.78231796736,2.2338737807,2.43159182252,3.18023555604,4.56248719749,3.49086032578,1.48432866601,3.48752132238,1.21879831336,1.44111151813,3.21775654281,3.65981627927,3.97276731381,4.10498569147,2.17354731001,1.7238230739,1.44874772218,1.93102808561,4.16943990409,1.30697995541,2.08611968057,4.26707718512,1.26868813536,2.72148885963,1.84048405554,1.11053930133,3.58715068513,1.71116904491,4.53097765816,4.72054243146,2.47910669745
1,6.9,3.1,4.9,1.5,4.73681187208,1.13858989697,4.51727776855,3.71707381235,1.45022730847,3.45581742188,2.36100789683,2.90073160034,4.3858806438,2.52097760827,3.32613196295,1.96528536237,3.19003866044,1.30534382383,3.96760315371,1.65901667852,4.92246054242,2.9986611496,1.40036272531,3.60621417512,4.96755654755,4.77245420263,2.50729262114,4.15169800963,3.66637648163,3.58870571119,1.18620260234,1.41326612186,1.60288927962,4.72383651932,2.79549520079,1.93917014412,3.94234025105,3.54307545944,3.85924340575,3.90020041947,3.14812990603,2.20737065436,4.35908097827,2.13005572873,3.53048955035,4.40859589639,4.43602158338,2.14649400671,2.36562548791,2.93757137747,3.28839054193,1.90804129199,1.22320233015,3.21320063819
1,5.5,2.3,4.0,1.3,1.40097774375,1.76498389495,2.32015005968,4.03752489611,2.45662063196,1.04250201139,4.68455338841,4.07868493165,4.51990455049,4.29170137757,4.77469052686,2.37756996092,3.92791686114,4.29979448407,1.8635879854,3.86641526922,2.68577127192,2.91666204903,1.87619398736,3.3086610847,4.89271179325,4.52794729848,3.75744550382,2.45081736008,4.60787310403,3.75655651358,1.41268113038,3.54163924081,4.50280498102,1.12371569712,3.19939411327,3.42360158679,1.98273174071,2.38849530917,2.40613595367,1.94215534635,1.59304738605,4.17130354278,3.15442884603,4.54486353112,4.76844509819,4.13410003739,3.4058055744,3.82697801665,4.16007931447,2.32988486015,4.88090540747,3.81722536969,4.53510722863,1.5955289102
1,6.5,2.8,4.6,1.5,1.61920972397,1.29082298582,4.66781721797,2.15831791042,1.69351111367,1.89032258155,3.75148551623,2.82666186832,1.00944816311,2.11477825584,2.2983220855,4.00548210774,4.09233615957,2.47277974974,1.12670737017,4.5223800218,1.14452536328,1.40014333553,4.99449258497,2.48437526451,1.71590118326,3.95381877059,4.34793951163,3.94410017085,4.70268557273,3.85448279999,1.36733258764,2.96257067683,1.68986919769,3.14686735369,2.65792471792,4.00456559137,1.85279740597,2.76650984907,4.7493214712,1.06583437809,4.14353547127,2.78273608463,4.61093647065,2.3072769201,2.9893105696,1.68490253374,3.86902739948,3.98030540376,3.84558185941,3.80355869466,4.34958762192,1.30544686532,4.72586493791,1.59447162685
1,5.7,2.8,4.5,1.3,2.70155221452,2.1265736746,3.72337963075,3.26370296754,3.01530014882,2.51734027486,4.98247737499,2.96165646765,3.07405196268,3.97461087441,3.36855782946,3.15779288593,2.17758019372,2.055226203,3.85507809349,1.07824242454,1.87904512707,3.90679258271,1.11883114012,3.57815390487,1.38231587577,2.11304358261,3.98897912225,2.8337892806,4.02632155442,2.15859157812,3.31768259256,1.22867960864,2.0704888808,1.76768983756,2.06068618931,3.14890103713,4.5663691865,3.31445323082,3.65225398839,4.61395387535,4.58664214282,1.37626557555,3.62450008718,4.09438906221,3.05316497153,3.35913440601,2.15292068593,3.57935052566,3.08955675983,2.17049420563,1.1313869435,3.97377266447,4.22236642507,3.12452970995
1,6.3,3.3,4.7,1.6,4.6387477702,3.39981429586,4.56208978682,1.93032695112,2.02637337576,3.41520733077,4.16530252756,2.94688799117,4.50916783472,1.18579329995,2.11586901065,3.59555668046,2.16486359496,2.83266892564,1.38358462646,1.90195394445,4.43854863978,4.79290522752,2.03430335194,2.74408075368,3.1104114384,2.77742723263,1.96125400022,1.6766796941,2.08164004334,2.34626077747,4.94238167321,1.46448354513,4.01974617996,3.19954260048,2.81475317314,2.3558054908,1.89546244595,4.000848844,2.50701793234,3.0636270348,4.11166013777,1.19401988266,1.54711207053,2.09601112067,4.22892405142,2.19480622846,1.06155852432,3.61623087537,1.0875736893,2.43715823963,3.4597198757,3.30951369626,4.44125475397,3.15758897897
1,4.9,2.4,3.3,1.0,1.50360130514,1.33746744161,3.16134008116,3.54924395191,2.18462022648,1.8223030232,2.30519593458,4.53275561588,1.96590782271,2.67976852593,3.20007123109,4.88013378331,1.97258359071,1.65578896023,1.88823895292,2.26223415897,1.86483744791,4.13181299048,3.40970460594,1.64272400027,2.66855401944,3.93499714081,3.1517172204,3.81712790547,4.64717151559,3.89908672788,1.97214418483,2.03051726836,2.02969731494,2.05742724967,2.94794071225,2.24459826929,1.91701431951,4.58418853456,2.56190086344,1.72167499612,4.08142338893,1.83535775809,1.75060516942,2.06126005932,3.26184539288,1.4763249052,4.92506438951,1.96985572326,1.34720766341,3.95511711623,3.88210358051,2.98396239858,3.74005201079,2.26806579745
1,6.6,2.9,4.6,1.3,1.48696159299,1.75100855957,1.54599019071,4.26386800227,3.69885207871,3.98676146207,2.54381595046,3.43857879184,3.15503381175,2.01448571227,1.77911710038,4.50436093078,2.60802496353,1.73416147403,3.98854236897,3.8744105469,1.84938196601,2.27162840214,4.04573434491,2.53107803068,2.97898410061,3.31376268797,3.22061646559,2.67898881126,3.53431664758,4.07087390681,3.69009762763,3.74054689324,2.13400407124,4.55098681504,1.98907860123,1.70046955082,4.94339873764,4.99107565705,2.98754506069,2.10814120161,4.76129662901,2.20275289561,4.74836121742,3.8173047624,1.28932310396,4.06559976668,3.87433006831,2.29225882679,3.80298740751,3.49734792354,3.79154205625,2.19790191512,4.42806143086,1.56524972928
1,5.2,2.7,3.9,1.4,3.02869448637,1.07523539936,3.85503805175,2.48693683315,3.77189090502,4.34079497306,3.31007678948,1.10822027818,4.66774194484,1.41883094442,4.30490449651,4.25327813807,1.90810589486,3.84621796917,1.28508145112,4.43536329149,3.38412484151,4.15251407106,2.17946830639,3.27489231096,3.75759474001,1.13357091423,2.80556561345,2.23501366819,3.10320881901,1.61922041726,3.91950734652,4.01258173315,3.80029434705,1.02032906075,3.94273760228,4.5337862871,1.69704542924,3.19040208653,1.76350469982,1.41914584921,3.62702044472,1.53581004355,2.75289225607,4.4577049172,1.97982811741,3.98207956942,3.28106243565,1.42290577031,2.72590353753,3.64274831291,4.24894542802,3.99660232772,1.53973647431,3.88046401678
1,5.0,2.0,3.5,1.0,3.60549719769,2.36041069516,1.25448783118,4.34011150188,4.02154134643,1.54126083436,1.70080865293,1.23524420402,1.003547075,4.68275897314,1.73197117612,1.91704365026,1.49304378575,2.32902588272,3.97023502977,4.01725528456,4.52154820725,1.48663366422,2.49773905719,3.09588587194,1.43789739617,3.93889581374,3.00144211831,3.06443203196,2.24448343834,1.40941801219,1.7272912698,1.47159736607,1.47449193529,1.8293145867,3.10717282461,3.67540482542,4.7328821749,4.98773895509,2.32668171145,3.28324815957,3.37794340708,2.20021089357,3.38538083405,3.61588423473,3.26576117425,1.83940080826,2.44319729311,4.25022826538,2.16276692876,2.63030574999,3.55785468529,2.63721081964,2.08139058212,1.56281268763
1,5.9,3.0,4.2,1.5,2.55095291323,4.10283134464,1.08356761999,2.15290930646,2.72640026152,2.64770711723,4.16616319029,3.23871821783,3.31522028615,1.56391868953,1.30825332727,3.58107357273,1.09821614931,3.6681935204,1.40458796512,4.73540438635,2.5532631655,4.03701485015,1.40267663916,2.06873316979,3.85309606887,1.46666335887,2.45982281435,1.81533075393,3.97930189726,2.84089876465,4.29407799616,3.05463893963,4.7868663718,2.84101376716,4.83762502446,3.9802363205,3.56783216931,1.49857501864,4.48456380617,1.55665171609,3.86772163941,3.14685372143,3.41337383203,4.16881837005,2.06220659927,3.97677732601,3.58801283426,2.42096825248,4.14586785716,4.77383843044,2.95595541347,2.21076416133,3.47232836156,1.72720980278
1,6.0,2.2,4.0,1.0,3.40653242493,1.55681732411,1.12540987951,4.58105360168,3.57094329813,2.59595279176,1.67688965596,2.98778633198,4.53096521088,4.1725654501,2.59838418822,3.29078427995,4.662584848,4.46922228081,1.73729290594,4.1309889583,1.1108585704,1.77147053436,2.05441721065,1.11059920929,3.49427403136,4.43613644836,4.82312272588,1.84308078404,3.70931373691,4.20513878615,3.18396946886,2.57660513733,1.65980410056,1.68462567834,1.74229383743,2.12751514383,1.91728573609,3.6622504785,1.43499486554,3.82147903215,2.89459294515,4.73402287201,4.56160044613,3.9024675573,1.9414437421,4.33075221359,2.74774537962,1.37507618209,1.05240463489,2.50626592656,1.69938612739,3.01974035681,1.98398866054,2.34038454272
1,6.1,2.9,4.7,1.4,3.95933915789,3.44208546773,3.72216569472,2.19440598297,4.85298814882,3.22488837947,3.05852799115,1.63524512727,4.72315265153,2.3219259188,1.69491512641,1.52062523576,2.26690002421,2.31507296994,2.70421072981,1.69697706941,2.22588505112,4.02013580292,3.61985962324,1.22283044403,4.65576083772,1.68785677336,1.22105977149,3.52203551247,3.83180731106,1.40603937627,3.66785480002,3.83983317039,3.25180300415,4.12738908401,2.40773797659,2.81451336124,1.26409733829,2.01749707889,3.9255663737,3.7691964651,4.35994000639,1.21782587792,3.2029240869,2.06798767855,1.47562177526,4.93500001527,2.09481435637,4.25501624736,4.0618883658,3.83733059863,1.81297489777,2.07670104264,1.76532783185,4.21526184174
1,5.6,2.9,3.6,1.3,4.33864387616,1.16083828949,4.01260460597,1.06238324762,1.55485323193,1.00475969708,1.08044646682,4.70220682717,3.59586314029,1.2959357226,3.57496022171,2.49413391787,1.73499398017,2.53265091353,2.63678593182,3.77307808365,3.86613879725,1.16088450424,1.85990090824,2.8607406944,2.72095767179,3.6763852715,1.16381591127,3.18165850912,3.31137808402,4.34883438742,2.62838073867,1.36680478926,2.08716640091,4.54287059298,2.71048870168,4.88271394564,2.69790745199,4.98538101338,1.47329729446,2.85861079623,4.43953743571,1.60351198599,2.53411275583,2.26111588015,4.2154739236,2.38052959035,3.55146951344,4.88955674599,2.99334879875,3.24657556389,2.13054473191,3.26849478561,2.86000270645,4.18353968586
1,6.7,3.1,4.4,1.4,1.93386910708,1.4832727203,2.57940073651,2.65615428552,4.2835966866,4.07332460925,1.7285309756,4.16157319405,1.44946600954,2.01684945354,3.71181519535,4.82816015428,1.15231400351,4.52527862569,4.42667229162,4.88587262738,3.15204846301,2.40441454128,4.35568685427,4.46602830435,4.28824919241,2.07096058582,4.37392674785,2.0006505743,2.50825150669,4.33837148076,1.5555583193,1.35955313844,3.55598166071,2.01924593161,3.45883022345,4.60220123173,1.18249228851,4.28573453683,4.97354172003,4.38435548913,3.73116425759,1.93425036055,4.02494809785,3.51794905127,3.65525217477,4.41336660825,3.73228016562,4.74105694649,2.34203826542,4.77426200779,4.94865644116,2.96324980919,3.38469279686,3.45710371714
1,5.6,3.0,4.5,1.5,2.91641358084,3.17303871412,2.57306786675,4.17388183999,4.6690845143,2.57289777297,2.71117449744,3.62988431565,4.77094393712,3.03049580786,4.01703062011,1.52656182971,2.62449506768,2.8294750741,2.0836101757,1.99578745056,3.48195070381,1.24485513637,2.79555621042,1.79539940762,2.19149435301,1.22661783974,3.85067047819,2.40214938533,1.09140482732,2.37013767719,1.06114153995,4.91583528823,3.51061876662,1.03416073428,2.36276191866,3.87645369129,1.75781247375,2.72090293611,2.90047526501,4.68635925632,3.9731067526,3.57631801546,1.09236713589,4.94266776748,2.76748069943,2.36841447911,1.92120469916,2.53309341135,2.12445838136,4.96078676841,2.02414371342,1.62876301518,1.52022148487,4.53098655061
1,5.8,2.7,4.1,1.0,1.62476484044,2.93306527555,2.54372960807,4.37872458604,1.90366949637,4.75278290248,2.14521711952,3.56745875169,3.50145350902,4.21299555675,4.08300965373,2.84456568172,4.47006536255,4.5136029734,2.95018790294,4.85237683767,2.28480045697,3.85688618495,1.87762332566,1.67981215409,2.46016425073,3.06440231188,4.1004816931,4.51264214654,3.55660373067,4.32626694808,2.49600850569,2.92831282051,3.49145529118,4.68109259921,1.35002815077,4.73527300196,2.16959296484,1.61510990772,4.42171435141,1.29303502111,2.74823403224,4.13497159914,3.59418887998,4.68815646165,4.35352608162,2.13399503292,4.51344314191,2.96289003627,3.93505572504,2.02361436668,4.09146780305,3.1397660617,2.79412432711,4.06123402365
1,6.2,2.2,4.5,1.5,3.47066158655,4.85768975256,4.83049575701,3.59793541355,1.8092793953,3.08906781838,2.85859183132,1.23667577633,4.5336569309,2.20068517127,1.2278884857,4.30714345878,2.25428774147,3.19102571793,3.25302044043,2.12351551204,3.48558143578,4.94720972339,1.59466659621,2.41827339428,3.11812873689,1.74764414802,1.4269096962,3.73889469944,3.42361532172,4.13887133679,3.0351712935,1.45248350131,4.57372756566,2.01939002697,1.35159019861,1.98180654042,4.30716384457,3.22265196999,3.43179893625,3.03968891975,2.54507274482,4.40714510528,1.10718906043,1.49010948487,1.99031317465,4.1323302917,3.77450207649,2.22872886357,3.04431459005,4.04786965849,4.88972188078,1.26701794785,3.32116308312,2.77514791429
1,5.6,2.5,3.9,1.1,2.3240094357,1.15425428617,2.45384140722,2.4148302565,1.10168218104,1.02553611973,2.70318179234,1.96166400307,4.7182930149,3.305904635,2.57509690068,2.81633606941,3.3774810894,2.13759611696,4.81608358564,2.28718553915,1.30297923392,3.02328832638,2.53597908939,2.89505818716,2.898458888,4.05889335643,1.41015572645,3.03202545085,3.7122540602,3.09968038207,4.76255752858,4.03870755391,1.67341063816,2.56184051923,1.06474553775,2.63321686009,3.7203194222,2.47916112338,1.27872041415,2.5137627811,4.02268455492,1.07492749838,1.56792588094,2.52805861173,1.49801695453,4.94950084188,3.32148046511,1.30547604814,2.82548783717,2.36400713127,4.0199892142,1.8418350275,3.38346072169,2.7871337349
1,5.9,3.2,4.8,1.8,1.93781769341,1.13720310836,1.31998271092,1.96541149441,3.25358451577,1.37274369537,2.16560665224,1.5008011104,2.56795011469,4.60856778985,3.21103619426,3.40473484412,4.70291437922,4.65320385106,2.67240338039,1.49839375616,4.01103029983,1.03713832513,2.3270890821,2.21276969371,4.55832721925,4.42720246726,4.0705064094,1.35249247569,1.2439470468,2.55471740462,2.14796478361,3.47292311528,4.85142831578,4.41215148521,3.91088440193,4.28775016409,4.00569153062,4.15184473571,4.03801482162,1.5622249541,3.3263194617,2.22164968407,1.70597550618,2.41886280977,4.94296495526,3.36142740593,1.91766216907,4.02961861234,2.98492951525,4.75400712402,2.82546698825,3.5934339431,4.42674092988,4.17018430799
1,6.1,2.8,4.0,1.3,2.14120621741,4.70439753046,4.10389318916,4.18831453321,4.97351438581,4.00335165241,2.75912646853,3.58108456329,1.64191818037,3.86352951542,3.4949747541,4.29548905747,1.76389640142,4.15490679698,2.41052359509,3.9667917537,2.06863809079,2.45584775252,1.13925628049,3.13665103876,1.11425033115,1.16691948346,1.4377817562,1.1929690989,4.77341880262,1.34165100343,1.94087743948,1.96139337061,4.57047328393,1.9479162228,2.07431684069,2.69498620769,2.88475449661,4.99474599412,4.91078274233,2.64930669509,4.30091226018,4.8097269587,2.764038019,3.13657102079,1.54740661236,1.83552544116,4.10715645326,1.54291650762,1.8490871958,4.88340092064,3.99707521195,1.91183465348,3.97395230261,3.71604278797
1,6.3,2.5,4.9,1.5,2.32899397442,3.215097668,2.64220407411,4.51831707007,2.0099857957,1.95725557806,3.2977422063,3.59475671396,2.0592748736,1.95947354471,2.50234749547,4.10449635593,1.88423986073,3.92499931958,4.95837404867,1.00146125585,1.34132607205,2.57012310603,4.54879714889,1.44199309114,3.72984918355,1.35144744102,2.12092251642,4.15171736567,4.50174154724,2.21845981169,1.62627124772,3.18940967577,3.24332806089,3.0960302519,3.80459292199,1.12101290964,4.29178584915,1.72812079322,1.77425422764,3.5051781915,2.51088652157,1.38918160367,3.00021470646,2.41177613853,4.75962930036,4.32075288078,2.01467664429,1.95609356372,4.43312219672,1.30683066197,2.64019726964,1.74634875295,4.34148460019,3.69511164936
1,6.1,2.8,4.7,1.2,3.80547887028,2.91126013387,4.23179189537,1.20223365106,2.82168667276,1.77250848559,2.28918364041,4.73965438297,2.37854208413,2.31781051583,2.70342095587,2.16574039184,4.85199526613,4.81182914262,3.23974946426,2.61616516979,1.24345084467,1.98390459689,2.09836336526,4.23126117167,2.44179696925,3.11313262373,1.61206482629,4.11025691326,2.68908110309,3.11756047181,2.83467165992,3.9223566803,1.04590938339,2.16541726552,1.19199915904,1.98823631478,4.61361462826,1.73585843105,1.35401478154,3.49629173003,4.89438792841,2.04561026735,2.24664743327,3.40205376236,1.30739995278,2.71039303869,1.42580591374,2.66349925966,2.26830716105,4.42164708543,3.33980935758,4.71336696276,4.99544193739,1.95154876523
1,6.4,2.9,4.3,1.3,2.28727304931,4.01634760977,2.05721481005,1.87863892247,2.02029185962,4.23106780245,2.36683314601,1.15676567699,4.03173614843,1.1854379447,4.84255597577,1.38105987421,1.5516413793,2.54117924653,2.85899454318,3.18432863014,4.29062990676,4.34425622979,1.78059216188,1.67688936561,3.23142192235,2.02087034078,2.4124798091,2.30137196366,4.31138275988,1.74001314006,1.22058397149,3.42510617539,1.93506341046,4.07197217845,4.20547119526,1.59925015732,4.137128099,4.29059974278,2.83402514344,4.30792157479,3.16859677724,2.0389794245,2.1222891466,2.41161030575,1.78287609466,1.02705574235,3.69545215359,4.41015387077,4.55734844476,2.98651614918,3.49672616418,4.42037298944,2.08351270961,1.70184297593
1,6.6,3.0,4.4,1.4,3.93413656694,3.10978800392,3.44042256817,1.00544967703,2.00400203964,1.50495976329,3.0971071672,2.24979511207,4.11329070262,4.24521915446,4.99298660062,2.20278565313,3.81701548895,4.57169624998,2.42555947073,2.67156220609,3.71201384711,1.24556908786,4.9626989399,2.90326147083,3.17767812779,2.27085773069,4.64066260215,1.44487750731,2.87454408033,2.34881484376,4.33577204188,4.97555882831,3.89571478978,1.77036201777,3.90411661213,4.73574234737,3.59964130093,4.6215504151,3.40860147044,4.99786231185,1.56714264113,2.41523915902,1.55561692987,2.29957622413,2.95739798971,1.34921040815,3.07822993106,4.35435492122,3.22780418817,2.98844332768,4.24603038913,2.15295199172,4.7588432788,2.47459863494
1,6.8,2.8,4.8,1.4,3.17031898979,2.78402472688,4.17300336724,1.07341477681,2.86020758735,3.63176423731,3.25457650767,4.07254436989,1.61111694315,4.90835219888,1.15466532471,3.55037623674,2.85997450684,4.56968526195,4.65002679696,2.46060070356,3.34389625376,2.2049771328,1.56305883867,3.63450136386,3.27700092389,1.43414826672,2.3406013208,1.08090877143,3.70779271562,4.04029274199,1.3290811786,4.04133726336,4.83982030045,4.28319799482,2.62865028007,2.42305257665,1.38934563624,3.26871142663,4.46582657145,3.44522119206,3.15696973143,1.9166245083,1.13091596165,2.29901775992,1.36121021559,1.58648277588,4.92103936217,1.20630031585,1.39947964441,4.60814070319,4.56499412065,3.85752748241,3.81029485325,2.79042134006
1,6.7,3.0,5.0,1.7,4.7387783085,4.98734200361,1.59289044985,2.20260221994,3.48366881046,1.00392990623,4.4870579392,4.53639064069,3.48636148516,3.25573562513,1.44470286547,4.6713423587,4.95696159666,4.50776889819,1.6546457974,3.43054965493,4.56108319383,1.13782668859,4.37402596519,3.55423172404,2.46962177003,4.96648282141,3.24334326626,2.64574123102,2.1999405452,1.06252648343,1.58117388316,1.62901415865,2.68014955674,2.09060784552,1.74829521731,2.24170605807,4.36662260239,1.07293251757,2.05801254298,4.20561061965,2.82381275079,4.62063760238,4.31438343415,2.09407266208,1.26727306115,3.10954856635,2.46364863118,1.3474319088,2.13769085815,1.09634730575,2.60021783139,3.5375470972,1.43050120124,4.75052584884
1,6.0,2.9,4.5,1.5,1.72323276725,4.59274780832,4.27108374435,4.39202194668,1.20897971695,2.09293162647,4.67474733326,4.31815048421,3.75884354776,2.33407991296,1.24881824477,4.74503843521,3.31213572945,1.12440826679,2.44210151604,3.19423275848,1.20477555136,2.90618520275,4.4226268609,1.94858715381,3.01627317029,1.07968523506,4.34776313975,2.26385703292,3.26699253141,3.28757086877,4.92063484948,4.84233438464,1.14094015524,2.68558475018,2.17629541154,4.51528019607,3.11287532686,4.04773484943,2.7140375184,2.49852343879,1.15857373221,3.85365074033,1.07272255208,4.86589287833,2.02911490462,4.97754598352,4.56584440268,2.28141353885,3.83249488916,1.93292103463,2.10828292545,3.34852936038,2.04363520879,3.05695472331
1,5.7,2.6,3.5,1.0,1.47314542395,1.33340598736,1.48066227634,3.05993721806,2.25386527286,4.75095118144,2.06741605267,2.3668511595,4.71511126546,2.54597417977,2.16559179694,3.79557083072,1.8441408753,4.16779384738,2.40836801519,4.5562676553,1.99238691072,1.54526380753,1.10464555493,1.32069543652,4.23153440161,3.56166842786,2.49150810133,4.63587673421,4.26961509197,1.83891656346,4.49018911961,2.14392158226,2.39939320223,1.31752303134,1.26059032942,4.00702927111,1.51647210043,1.9980769471,4.50610726272,3.93809091726,3.10298165289,3.61659297392,4.43858352403,4.5805145926,4.32557165773,1.73705701805,1.51294503968,4.614706437,4.27543517514,3.45784247457,1.02400474448,4.88865887789,3.42301648748,3.65033385577
1,5.5,2.4,3.8,1.1,1.13118212763,4.88767719953,3.07601592954,2.60183003339,4.0687991834,2.73773652338,3.54698241164,3.70148573037,1.03022506864,3.86231609836,2.24187828422,1.53642904182,4.44035728325,1.3436031124,4.01318457813,2.0007681613,3.64416877763,4.49688621869,2.53648112755,2.37968482278,3.5411491829,4.15855331646,2.47203051274,2.80613594396,3.20056440927,1.08933675441,2.77277281804,3.5120110309,4.12068383936,2.30721696856,4.6490849114,4.72006788599,2.63719748934,1.83096462449,3.78230921549,3.1768494022,3.99197827654,4.85066061136,2.93491325859,1.59039574214,3.22571237604,2.56942632334,3.12649645846,3.35482102082,1.58357800877,2.36891693938,2.97868978645,4.0977075795,4.95321973872,2.88590931653
1,5.5,2.4,3.7,1.0,3.86815963811,2.07508964222,1.27583690643,3.16676106575,4.83019028258,2.38605146733,4.48489035635,1.83599742509,4.17186836846,2.15809673647,2.2527882245,4.244187911,4.92935645032,3.27758472397,4.41404401698,2.18848139586,4.48011833703,1.35216696682,1.24853927042,4.35383865399,3.09417036079,1.360978052,1.48233849938,4.74134887737,2.50786522438,1.20058992483,3.56293868044,3.03905903423,4.31398338088,1.14018661058,1.0219734233,2.41078142983,4.24901144601,3.53394150864,3.16239749954,1.39543333883,3.20869216011,3.59852528557,4.30458169169,1.2400853799,2.28344980582,4.74265575826,2.67232338926,2.71324516173,4.63257447435,3.265586779,3.25704351877,2.56669721715,1.62166918124,1.90827323845
1,5.8,2.7,3.9,1.2,4.96956435913,3.99510052513,3.6292535449,3.5379440859,3.2331988166,2.07183282796,3.62761132882,1.17878510564,3.07414976784,2.84265244313,2.19240592553,4.49418149747,1.24150760512,2.10199885119,2.51434345584,1.04743910556,3.60077622541,1.10326234896,4.5565916387,3.96260486299,4.63466997884,3.17175937615,2.15670890204,3.55670611828,1.50799525193,1.63645199485,2.04880291314,4.55388468759,4.22393351096,2.69163540841,2.44937151024,4.81702773038,4.30544286351,4.63497741401,4.28504693734,3.46596388328,4.27832085452,2.72419285068,3.26881210434,2.89257839499,3.13325445366,4.43517043593,3.1622995868,1.16428973368,3.3407215744,1.27275438277,1.05479777913,4.15079038691,4.04834399253,4.2575999932
1,6.0,2.7,5.1,1.6,1.19553530359,3.14210949074,4.66286201411,4.56106974432,3.89511431394,4.32254200486,1.75954899374,2.40826192485,2.14068042221,1.62192849941,3.96076979104,1.87437955733,3.57267821499,3.02320755442,2.06934701415,4.12657170161,2.32203366405,4.86027651594,4.89775753609,2.14691670687,4.11593064577,1.50609446468,3.45957987582,1.06207089409,1.83967261048,1.77883191505,3.27904777392,1.08849825366,2.58798094122,1.85075825649,4.74409692412,4.97171692756,4.00740397331,4.1857218727,1.83840201018,1.68190203576,1.86742744435,1.21961881654,1.42711108037,3.24263577828,2.66170100278,4.33700231694,4.7310426259,4.1534427769,3.54440670479,4.8035016322,2.61076998129,4.07296790392,3.39689594142,1.55339956902
1,5.4,3.0,4.5,1.5,2.82585029248,3.92267993334,2.48921418337,2.18114126751,3.51917087052,4.82222784263,4.05028636635,2.56818782091,2.73807940907,1.19505848291,1.10848190363,3.86004471618,3.91933071389,3.75463294135,2.41684612723,2.22817347885,2.42061199537,2.66431271642,1.7396122366,4.25042026783,4.49298979209,2.61953646498,2.20128343891,4.69477046487,3.44001165926,3.17168092025,1.90285164472,2.5492425433,4.8461901321,3.24662628672,4.65753738745,1.99349920168,3.17506079666,2.59514632097,2.32059700516,4.62386099771,3.18176628634,2.34691978384,4.39489138751,1.25726478042,1.32306676942,3.25357763986,4.64483446813,2.48942798776,4.21813943997,1.72151878915,1.31896298469,2.2444113511,3.43107023108,3.82273171073
1,6.0,3.4,4.5,1.6,3.05635738958,4.83819280442,4.99827316782,2.39416664684,1.06093578984,1.41526593587,2.0649440261,2.09927578504,4.63564227536,1.84070260121,4.08998942553,2.72575300424,3.02509947478,4.3209292344,4.06904104795,2.92729810533,4.41959408631,2.59926057209,1.54344962806,1.10673497483,1.27387441089,2.40780561437,2.77886235346,4.94336678539,4.82286959056,3.68574845148,1.02276862824,1.47472551068,4.92593404339,1.19050243117,2.2813992295,2.28698612378,4.71105788634,2.65409600985,1.44698317514,2.98022596462,1.09608572794,2.52891270509,1.6307060913,2.07697555749,1.15518596819,4.72411868834,4.22493828861,4.5206684373,2.94710257039,3.33261532752,4.94634317858,3.41943908732,4.63083713889,4.86628424967
1,6.7,3.1,4.7,1.5,3.50090552706,4.34052814236,2.17544514574,3.87615665985,1.10279921163,2.88272764328,2.3457140954,3.50628348474,4.2650767779,3.22680847492,4.2436809127,1.32944903001,3.87322806277,1.74928776401,2.34741697111,3.33115159705,1.38452771458,1.65515325739,1.23819130271,3.25345936336,4.728085222,4.49938336534,4.45139658196,3.61391116775,1.72616191237,2.2111890034,1.64622859675,3.85902990702,2.80420728274,4.09367862512,3.33437518263,3.44009853996,3.48616284124,2.46005773338,4.69721216508,1.64952895119,2.97127088655,3.10308817913,3.46946269428,2.12961033404,4.84028957503,2.48192171048,4.25130678561,3.16268455841,3.09308762157,4.81638757885,2.77216584059,1.09732182018,1.80460119354,3.31719960105
1,6.3,2.3,4.4,1.3,4.93495171555,4.60213515645,1.94014558383,3.84164025572,4.6884285374,1.71169563591,1.80985996193,2.33281771891,1.28979810894,4.84506877529,1.02061619612,1.86854459743,1.54533062184,4.91738260691,4.8822941042,2.68286987337,4.4833393372,3.41449391622,1.68288862779,2.82634383498,3.48178249055,3.54840170086,4.64302274096,2.73289514949,3.39555691441,3.69764198579,2.98394516644,3.19556666292,3.23491738731,2.41528692386,1.6892090296,3.08980330857,2.40522079882,4.82612893836,3.31939779066,4.08744389595,1.99678065131,4.37955021043,1.10470630452,1.19836039047,4.49689998436,3.94662784131,2.48883712722,4.23556215212,4.89863747393,4.21099478372,4.68158476234,3.79757313293,4.80129895934,3.95461433237
1,5.6,3.0,4.1,1.3,2.66728299174,2.71340941482,2.08050475263,3.65243190548,1.68888503534,3.75948160689,3.35529608105,3.62197687681,4.59563897865,4.7384283432,3.22956695158,2.27858532963,3.11820658222,1.72603692888,1.02245505382,4.54054520901,3.00210681032,2.92301024292,1.64699379141,2.92326214935,2.38839102461,1.79710326466,4.41896752203,2.98052715736,4.76079295366,4.87821284173,1.60506353388,2.90209644773,3.21983411384,1.79643866633,3.74133229867,1.13712446352,4.95389054296,2.9903551332,4.45780700664,2.85834143042,2.43920432297,1.72816651435,3.91862191986,2.4110190562,3.2488212831,2.14198022125,2.58618797085,3.26488521313,2.82248335227,2.25340174926,4.68549321106,4.9940392698,1.50602351248,3.9317237319
1,5.5,2.5,4.0,1.3,1.77020583777,3.99148476652,1.49062034086,3.24839331234,3.95475978218,3.8765971002,2.82618637419,3.90806874235,1.89904362982,3.42003921643,3.10998332979,3.54768859403,1.09857287868,1.65067494498,2.60073154917,2.30523154822,4.26011410916,4.91304741759,1.96529493404,1.82892810994,2.85542378093,3.34496593077,1.84328998978,1.00855673222,1.44924199657,1.27127270822,2.15265530609,1.76145387738,3.67720122232,1.75729534477,2.1002550876,4.70952617418,1.31243915523,1.82890589726,2.80076154023,3.38019763297,4.08841791305,4.98898273666,1.30651439221,2.25268594509,3.10100482596,1.26804536846,1.63036640171,1.00594057011,2.01238100649,2.4498543105,3.93003026655,2.18176615327,2.96637011856,1.70389442141
1,5.5,2.6,4.4,1.2,2.76432649398,4.45216182019,1.10450181266,2.55194448073,3.76483175223,4.79619746984,1.5600824291,2.6078582966,1.13912801908,3.85404476315,4.84184377782,1.9041098986,3.32387159019,1.86283786519,1.22839611838,4.7131334223,2.75871329996,1.85597948823,3.62568339922,3.35159565872,4.45067347046,3.7669313244,4.90463980204,4.48278215719,3.92907992028,3.47990012975,4.55493646195,2.65548439702,4.6722837528,3.68134082118,4.45093380854,2.63302982593,4.75724321116,1.33497508007,3.43405722513,1.5204782098,3.94934063587,2.67391498456,3.09457370206,4.80153743301,4.23065054578,4.88792982801,2.87169722224,2.68511265013,3.54373939209,1.38922477437,1.98943510624,1.26894452035,2.83252855208,1.29743069127
1,6.1,3.0,4.6,1.4,4.7979353621,1.10550256534,3.90429143289,3.78145873893,4.99343416459,1.34523785447,2.72990811924,1.86388428546,4.96951641774,1.0484788566,1.64125314091,4.7286451623,3.47279939432,3.37922992843,3.06413186705,3.33570557492,3.21458338105,2.05364880204,2.25964334305,4.4802837338,3.89742896159,4.47424115803,3.64144733668,1.13675723877,1.34414916493,1.36081609246,4.32605677518,3.34162076889,4.79535224066,1.39392533926,1.87203447423,1.00345713488,1.74643756627,3.20096816478,2.28957881059,1.14117576623,1.28515288793,4.07231156413,3.35898573791,3.84446113042,4.10736815944,3.77158285078,3.46528909507,4.28428687616,2.08076341593,4.76545383638,1.17099342836,4.81323818128,3.30796718658,4.90731595752
1,5.8,2.6,4.0,1.2,2.29862378065,2.25640538525,4.65352936471,2.21396396732,2.60745360344,2.83557126097,2.49823441196,4.03961084775,3.22705006835,4.85497299164,3.3335874882,2.6094668477,2.15283074779,4.4135286981,1.60200227079,2.25919109441,1.85610850586,4.88646017058,4.09449602566,2.52047362294,1.60708476343,1.81060489682,4.65331090692,2.44417549444,3.17401917752,1.14909773945,1.05021687233,2.44093763203,1.28452641536,4.76882766635,1.29246723855,1.15355049459,4.38413496162,1.67300325796,3.24897710196,4.71271895407,1.69004211557,1.45129771269,2.58082176316,3.016022919,4.33483095503,2.0587822712,3.83553933861,2.3148986148,1.84256830476,1.12142820274,1.09546453564,4.40740200655,1.08559209631,4.07652899119
1,5.0,2.3,3.3,1.0,3.20854074876,2.44914845258,2.84539812376,2.41255449306,3.79863337761,3.16564325928,4.86787211648,4.83458490332,2.10456598363,4.41481938409,1.29998690403,1.65830240801,3.39240387377,1.61564326095,1.21104292232,4.83912705727,2.92284380166,2.24108283015,3.96099308729,4.52070576696,1.20404532702,1.88891264294,4.17942504141,3.23620768644,2.0304392013,1.09215241797,2.35410854022,1.39269913095,3.3341182717,2.00026315838,4.68153319866,3.22678193862,2.57867967833,1.39010109281,1.50897967997,1.56836985474,1.37329669927,2.16146234113,3.49519629483,3.6144008135,3.91238813853,2.60372048372,4.63308888934,3.29797016343,2.5834625608,3.37732610983,1.84728514541,1.82862864842,4.52143617329,2.48109730901
1,5.6,2.7,4.2,1.3,1.72356257048,4.01501253879,3.89899101397,2.27557932281,4.30237900107,4.59718883388,2.51366841382,3.39503069715,1.64372672446,3.17470433092,4.80951502131,3.83193707938,1.75441194863,4.91114696833,2.26714792075,1.93592599851,1.96354793774,3.95350936225,2.21354554246,4.88973118173,3.32535959146,2.04401937039,4.66778935372,3.25630084439,2.00203885187,4.43988491491,1.10030724294,4.34143276017,2.22416236901,1.13796311755,2.75487091008,3.9478935856,3.84491593813,1.79536558423,1.3906541711,3.49470670297,4.94686875606,1.29500879982,4.42810617936,3.42938738661,2.31393050448,3.05860481695,1.72073826794,2.8712203605,1.42862757842,2.33883561343,4.64144182842,2.61525339619,2.615689394,3.42143994884
1,5.7,3.0,4.2,1.2,1.58796427072,2.78115395744,2.80222935699,3.46688696263,2.52882382916,1.01345988736,1.18501947856,2.43688633146,1.69139744275,3.22599281197,3.35501159063,2.96183806548,3.17764690183,4.08312153115,4.31622221089,4.96326643034,3.70350152918,2.41748440928,4.21160301776,3.57451459072,3.97064104531,3.89620727248,1.43042126518,2.73258136136,3.93909624435,3.55436575996,3.78581805055,2.48763098136,3.39415243636,3.0208458383,2.86698585218,2.18809205746,2.47051393801,2.35137183366,3.51140553637,4.4789077811,3.90146418657,4.45425445821,1.57668106409,3.70192893179,3.01057000137,1.83534439977,1.69889547423,1.97505518442,2.4895775363,2.93205298707,3.96386540929,4.26304540561,2.43538001402,1.25880871608
1,5.7,2.9,4.2,1.3,4.45058596495,4.09648091086,2.42211553123,4.64092937431,2.29279241827,4.31404724997,1.8429196497,3.33163879317,2.73140161637,1.49473632609,1.57041598521,2.4637024419,1.82182288529,1.91988478628,2.9477230649,2.49710556613,3.64901191528,4.37227012124,4.59124612923,1.2518657732,1.50580694575,3.93834221126,1.51914809757,3.55484657217,1.79617044981,1.36222852911,4.95338295664,4.26008037409,2.21021288839,1.17940600109,2.50838319117,4.79719036381,3.01824538273,4.18657633596,3.59793289921,1.57329328134,3.28043742054,3.42595655871,3.96736566243,1.90402148657,1.39499929812,3.87943806591,3.29356671311,1.76629332507,4.49089188209,4.0470437267,3.53064232255,1.77937260754,3.45117196169,2.30076041663
1,6.2,2.9,4.3,1.3,3.51960442606,3.6920926716,3.71574233432,4.70014330505,2.24288435478,1.73773169033,3.78565546398,3.25655618423,3.49020105487,3.28944008229,1.37690211345,1.79530715907,2.62277867015,1.56907290685,2.33091540459,4.81632280988,3.89628149482,4.93653140979,1.10098014929,4.46697855728,3.14303055919,2.97680092995,3.99263531928,3.6937013051,1.92901812718,1.59245294029,3.72192583723,4.2239531331,2.48812516606,3.17222478652,1.5390966535,3.28714832139,3.41907843256,1.47584960955,2.50068243562,2.13202363942,2.56581548773,2.20441395807,4.66736349643,1.74578746156,3.7615512378,2.73801725902,2.11168357109,4.33369345016,1.55693673899,4.63962358773,1.82502097652,4.07592403695,3.76407681598,1.23690693275
1,5.1,2.5,3.0,1.1,1.80306532079,2.92199522774,2.76534548583,3.00696917223,4.68795285088,1.05842214694,3.31932456373,2.02466320086,1.02827208323,4.55758219405,2.41271320365,3.47319011736,3.50378203948,4.54452177824,3.12193244825,1.28240502973,2.60189825121,2.62832630595,1.19366818405,4.97792590128,2.95458714585,1.22717707762,2.57802924618,2.27521185321,4.67722728179,2.71245046097,3.25048331328,2.47587352196,3.98749115574,1.01840299834,3.22031575715,1.20112263551,3.14392615703,2.88465828041,3.96214241176,2.63403313667,4.77184154858,4.62942017451,3.61763505541,1.85496874081,2.96511681496,2.47831633516,4.34062472092,4.55763174114,2.15501168965,2.92319580421,3.52609499476,2.10914809804,1.84226123224,4.80494037491
1,5.7,2.8,4.1,1.3,3.13351822874,1.80452503099,1.42137805741,2.13132237877,2.49069738197,1.77786103977,1.41458970248,3.9037744407,4.29737150297,3.46035596175,1.89834386691,4.42173401789,2.8816917797,2.70767260344,4.6043295069,3.49463445649,2.36230670273,2.27516201668,3.30774132755,2.68354272807,3.10219491483,3.4393642483,4.23353922556,4.62075539632,3.67166029728,4.76857497436,1.70955463088,3.22251053928,4.20866480575,4.43963450157,1.91643808182,1.88775564021,4.60884095225,3.92380272641,1.19982562851,2.68302231001,4.69859224482,1.9256345385,4.96521291629,4.35941167145,3.59289075513,2.20816710099,2.54826024179,2.5827500894,4.84877088382,2.73103560316,2.84820104802,1.07394342554,2.40902272282,2.59310910149
