label,sepal length,sepal width,petal length,petal width,2.48162112186,3.43633553697,4.9079112286,3.58923440448,1.11989825025,2.08693469393,5.01713821422,2.93068398803,4.50516457554,4.65468025132,6.30322288212,4.6125980925,3.63023007055,3.93736139109,4.07136229046,5.92847632294,6.16679958796,2.11954094791,4.91355559393,3.08375917113
0,5.1,3.5,1.4,0.2,4.25929621397,4.5180038159,1.35250418046,2.73902095466,2.7925767282,3.74923107378,2.38446971706,2.86508434478,6.90783573354,1.80741404076,4.9616744931,6.33732061429,4.44870848037,5.70627133571,5.47808275809,4.93489538584,3.0466475166,6.76962498767,3.9388505217,6.2178084971
0,4.9,3.0,1.4,0.2,6.27751376767,1.81016841344,5.8975458363,4.85070119724,2.74576244572,2.2939050714,1.19285479414,1.6909047109,5.15899110267,4.12454761525,2.91821218962,3.81733994975,1.83335625256,2.9918793274,5.32094022046,6.86277573684,5.47208547719,5.52405074622,5.60579900563,2.02272951363
0,4.7,3.2,1.3,0.2,4.94929978163,1.16468266134,2.86282441921,5.19960673559,5.65391636809,1.80774037051,6.14095217045,3.02739081126,1.64267452845,2.59589053967,4.44248536298,6.57259469232,6.79774856182,1.28857271476,1.03384571551,4.00890205539,4.1727531669,5.48262441476,6.78180355685,5.99417104641
0,4.6,3.1,1.5,0.2,6.91229070347,5.05679144985,4.82135671325,6.04150600227,4.17663496679,5.26545994738,4.69044151378,2.82724426643,6.64684752582,5.87410053129,6.53661469063,3.68723402421,5.71674350159,4.72943730206,2.48132801459,3.99833211279,1.63668463209,6.90801264455,6.69819215114,4.61148033582
0,5.0,3.6,1.4,0.2,3.98156055312,2.34305717115,3.73393149575,4.22491898003,3.01377417082,6.1110768491,6.50488784179,1.03533170743,4.77706595304,3.02761101526,4.88277117921,3.92658331169,5.35389708086,1.00137041061,5.13372621784,4.00398875116,3.97849070739,4.62126064605,5.11364976606,6.12992480335
0,5.4,3.9,1.7,0.4,6.47095997813,2.38782808614,2.30159334013,3.87586507649,2.11703262,2.7979398705,4.01507654441,1.15818972418,5.0467990163,1.28250595794,5.83971048837,3.12963646928,6.96296545736,4.29718101755,6.08033219974,1.92057265039,6.88934172284,3.95759449971,1.22233792882,2.64615711132
0,4.6,3.4,1.4,0.3,1.98964410183,3.76842578606,5.17441178955,6.09083620622,4.24115668648,4.91627469133,6.27135259306,6.60002493313,5.95980066505,5.51278056578,5.78853595049,4.74380403284,5.08728169659,1.32861596837,6.34681381806,5.28927879713,6.78621708525,2.76056580933,6.09193924039,6.23276720303
0,5.0,3.4,1.5,0.2,3.18523506314,2.01123281119,4.65806398956,4.42418757791,5.24375996287,2.09188205314,1.64310464842,5.93378260608,1.83477052505,4.13841752739,3.06253265232,2.24252310928,3.55560883576,4.82360579841,6.18345842268,2.09603271657,6.1109723385,5.78317070717,4.9243997765,6.21289776521
0,4.4,2.9,1.4,0.2,2.07586794763,6.68407412113,5.60158350758,4.50295051356,5.85427142547,3.60460076385,2.85409437349,4.21291937887,2.03958002052,6.79651161756,2.73898600105,2.89392170275,3.16002259268,5.11986451097,6.9515745979,2.85389357634,4.33797143573,3.43283176538,3.68083876067,1.91601660135
0,4.9,3.1,1.5,0.1,4.43194761545,1.2768945585,4.264406526,2.64647110355,1.25248362092,4.31074454749,4.96797924823,3.03661238147,6.21303809023,4.68258883625,4.17936816084,4.21051232499,6.9634008467,2.82760542633,1.81582794486,3.5456816675,5.98089963148,4.19152500867,5.7445530738,2.80465049011
0,5.4,3.7,1.5,0.2,4.36676446696,2.07959683287,6.70552198831,4.62979504782,1.36243579676,3.68643377362,5.61704090455,1.26821253475,4.73901252407,6.44398214307,1.90021510329,3.3787744802,3.24150423291,5.49559582321,5.72895257656,1.42408211814,1.33248498196,1.34643950937,5.6783757445,6.60240511273
0,4.8,3.4,1.6,0.2,4.42190931569,2.75815458855,2.53878658014,3.64013525345,5.162640931,1.27014495512,2.33225342249,3.95432422365,4.41214575699,5.61996243403,4.54996886299,2.91412391731,5.66556522019,1.33363142789,1.37504476568,2.22322123679,5.84204070831,2.66116652286,1.12002813458,2.80088042688
0,4.8,3.0,1.4,0.1,1.19714398298,6.20204551699,2.89752119893,2.76014775526,3.04797454648,2.12872331607,3.91624650955,4.2242231927,4.8358216278,1.58301211593,2.53384134819,1.50516703169,3.67283437954,4.43868249014,2.03620528096,6.98132765344,4.08361894917,2.10372140819,5.53118948928,5.07858583462
0,4.3,3.0,1.1,0.1,3.38956610245,6.62452154177,2.93255166091,3.85586409141,6.73482585761,5.41849591072,3.55372886368,2.79678242463,1.19465323979,1.10889590583,2.1231306252,1.66285801418,1.32137632414,5.39659496405,4.70789604375,6.14633434046,2.72662971319,1.83356163225,1.45363473733,3.79112513901
0,5.8,4.0,1.2,0.2,1.78326766091,5.74362229716,1.52739835715,4.65865171088,6.15329585749,1.75452366377,4.47584208704,3.24750105565,3.34883598003,6.57661165377,5.28707212125,1.3466238104,3.61353677977,5.73953113545,1.37258343153,3.95362133051,6.6151495428,5.73417470068,6.80855170466,3.67319977911
0,5.7,4.4,1.5,0.4,1.36646534713,6.26297260761,1.37104714343,1.70800800144,2.34933876472,2.77565211737,3.03741847386,2.09135243815,1.33110616159,4.21898077223,2.32377185999,2.79101501996,6.30092079072,6.28089039187,4.95960462831,5.03972992109,1.87897652598,6.28630698803,6.09637703651,5.18315153601
0,5.4,3.9,1.3,0.4,2.20703399104,3.11223834846,2.67108370176,3.12655864665,4.3984496036,1.79934621102,5.84027404664,6.33242167076,2.06101874059,6.64839220311,6.63859668437,2.93932665603,5.04229167935,1.50485982188,3.76815514678,4.71050805253,3.64862364112,3.45324288705,6.59389848535,5.10117466071
0,5.1,3.5,1.4,0.3,4.62910652661,6.11346355764,1.83837916566,3.81902214117,1.39435691091,6.09694812053,3.68056619252,5.92678140807,6.48329464366,2.17331054231,3.60450695811,3.65351613999,5.53419338946,3.81810339372,3.46466531717,5.53268181885,5.33960693825,2.93283226427,6.41811796041,4.41837909145
0,5.7,3.8,1.7,0.3,3.81038444387,3.02752762985,1.76801960036,5.59990261835,1.7237691936,6.95847684663,4.46683456984,5.74432086078,3.38583533813,4.10891932571,2.07412112609,2.02712251805,4.08992782818,5.16702468734,6.61504535955,6.02728038344,4.71498161811,3.68548832538,5.00179127133,2.64114415221
0,5.1,3.8,1.5,0.3,3.09997369846,2.47872654812,3.26762445056,4.67320847195,1.24487023616,1.78870236295,1.2234636904,3.60579877088,1.37274129057,6.57171774219,6.15374495674,4.22735408394,2.84832157799,4.83268978706,3.67663722367,2.03394118606,1.09472785766,6.12084037858,1.60550004964,2.47479931629
0,5.4,3.4,1.7,0.2,4.51671465582,4.63793046696,1.29746164144,5.96724812243,1.59350332108,4.66492895485,3.00947756305,2.26833567967,5.78644348377,6.52660351474,3.916156096,1.6170446216,2.506745184,3.76208615034,3.75411832524,6.48271889833,4.0554833492,3.59674499418,6.99088046106,2.04020780836
0,5.1,3.7,1.5,0.4,2.23283438184,2.84775366063,3.60371295715,4.02821083669,4.25116099086,6.20773665004,2.79978482384,2.56926367463,3.29632559152,4.17352861652,1.21238824374,2.79131124113,6.91085195195,4.42069874656,2.60195868526,3.85606988415,1.26631768228,5.76594069995,2.92171466049,5.82915061313
0,4.6,3.6,1.0,0.2,3.22737772308,3.36369690864,4.6466660823,5.52106769209,1.37499205878,2.41694956192,2.73499866121,3.05321976587,1.51163708643,2.73809149505,4.7990608739,1.12689896883,5.13653960987,5.49450499465,1.83617061006,6.64211782396,6.97011946655,2.70686543627,5.53239445103,2.55089104391
0,5.1,3.3,1.7,0.5,5.2101136188,3.64215741311,1.86845927317,5.55756456391,2.04259037925,4.67459847057,3.82547562796,6.22637815841,2.15976147837,4.22273603379,5.69367728073,5.61484201453,4.29901459372,4.39926573148,1.44535812209,2.0540217721,1.83084775031,1.47820907827,4.62987173217,6.28969459146
0,4.8,3.4,1.9,0.2,5.44962016862,3.12335675056,1.85826996275,2.17673447632,5.72961594289,1.39250224057,4.35520636565,2.08276867542,1.27836984108,1.93500406253,1.57168432427,2.4120110246,4.4932419258,1.29913018216,6.49764951548,2.90724432791,4.09744924469,1.73857915823,5.70868999478,4.43980752201
0,5.0,3.0,1.6,0.2,1.46930443638,2.29696370177,4.58292997757,4.65771979558,6.36399085209,5.4168260829,5.59368995274,5.39780729654,3.88498393312,1.6080520506,1.31579964105,1.6940954821,5.70529571232,5.89754396009,6.564527338,6.53995569068,1.94563756901,2.30698644245,6.30243152793,2.92443792883
0,5.0,3.4,1.6,0.4,3.24576725239,5.07171997697,3.43219422208,2.97082555204,2.7714434642,6.92964177834,3.26885664719,2.71466465098,5.11304052816,2.89298206934,4.06621362194,6.02330811778,1.16804622765,6.3528290828,6.73468367862,3.16504144002,2.78704803004,2.78460150335,6.07663032283,1.97551801941
0,5.2,3.5,1.5,0.2,3.4857743311,2.13083017664,6.67617326024,1.80114284272,1.68437336772,2.22013174333,2.01085958723,6.62871080354,5.07955327408,1.41355222124,2.66954279997,5.94550420013,1.98420546809,5.2650219085,2.36576894875,2.37947773725,4.27224919786,1.3493648563,6.43392504714,2.15148075666
0,5.2,3.4,1.4,0.2,6.7754582964,1.23072436198,2.81387297305,4.58120982939,2.97224335252,5.78833508543,3.05788842253,4.28850622985,6.15771841013,6.75563295154,3.56981988957,3.2737274708,3.3632568691,3.1507440965,5.40497157838,6.5625065713,4.43997197041,3.20972040293,1.54144893064,6.65222072431
0,4.7,3.2,1.6,0.2,5.73378085441,5.96395074359,4.25432476027,6.1756328311,2.07764503815,5.72003270805,3.47462705012,3.98513647783,5.07558381682,1.32976004067,1.92031370077,6.22747596798,4.68352326296,3.16658358069,2.46182776852,1.85676794187,2.24452629469,1.63560844697,3.9105159276,5.38340509165
0,4.8,3.1,1.6,0.2,3.89478981163,6.34772221293,2.22462026784,3.12989570251,6.61621052935,1.20357201952,6.46261640462,3.13014669287,3.83854617452,5.54507363827,5.98698948912,4.51946163799,6.22399168684,6.11434621397,2.17373619884,1.18369724425,5.10320098687,2.9545377493,1.99150974358,2.9597269672
0,5.4,3.4,1.5,0.4,2.86437331635,6.57632128262,1.03552160189,3.41361132983,3.41361011424,3.7439486681,6.2055347014,4.62255731878,5.86225235424,2.31296086206,4.65069613393,1.70918750369,1.17562078734,4.90050127205,6.14450487103,6.18508657901,1.31162775383,5.23388146982,2.31387028369,6.75818131498
0,5.2,4.1,1.5,0.1,3.04148181413,4.43875090103,5.64709863408,4.87230064361,6.27110221722,6.63670777278,6.2583099162,2.79088202219,4.00429887514,4.97509057576,6.69653586352,4.82708787262,5.38683253753,5.32491301029,3.90475563158,6.68208641212,6.95263455153,1.9078952385,3.06291399229,6.41321531524
0,5.5,4.2,1.4,0.2,1.05173569025,1.68940669665,6.64481940191,5.15254982074,2.84079092994,4.75064496497,1.1715610052,5.4657642703,4.2131293463,1.91256628872,5.12461468577,5.52080197704,3.59747775133,6.77945475191,4.73746547029,1.44961440881,4.4543209712,1.40763926828,3.42392850965,4.66700001497
0,4.9,3.1,1.5,0.1,2.1669852771,1.32915390522,2.73230191871,6.76220818911,4.92193261477,6.19532004383,4.77023520121,6.95155669942,5.99236047284,5.1337051559,4.67225640984,3.41551546815,1.94451563828,3.6953893515,6.60232947445,4.90418271864,5.77273490694,3.99422353526,2.0328569661,6.50714022162
0,5.0,3.2,1.2,0.2,2.43343425715,6.39079827094,3.39589158072,6.68910224886,1.67128114979,4.48562738944,4.06949955135,6.00601054493,3.25307896003,4.79194465822,3.04992292137,1.7050177529,4.46362494727,4.49464624667,5.12145175367,2.5814581259,2.72713584463,5.69880692084,1.6594869301,6.18742198487
0,5.5,3.5,1.3,0.2,6.8899539221,5.56340149902,3.46826367467,1.10584647994,6.26538740369,5.65416618975,1.26150324864,6.99941678939,2.17047788096,6.59953710178,2.19210124501,1.38990458399,2.78783956014,1.5784554994,1.79587067523,4.20640773123,4.44832313723,6.29060240597,2.04275822861,5.32732410472
0,4.9,3.1,1.5,0.1,3.90106168406,1.82201679053,4.26810191583,2.98969943703,1.57850556871,2.16750152477,6.45759770609,3.89306906599,4.42935955448,3.82685419398,4.81842002682,6.01214800366,5.02272741448,4.38848587093,2.43149805054,4.21888565307,2.48077969335,1.45424129378,4.91620592433,3.60791192009
0,4.4,3.0,1.3,0.2,4.75065327883,4.15732248525,5.52665025251,5.57330275882,1.68807425184,1.70537892344,3.4218689082,3.72101247154,4.67197140534,4.12264487322,6.12702399649,5.67340717691,6.89816706655,1.70910242787,1.80561554594,3.11168456187,6.21772161214,1.98668549428,4.81521377368,5.23005991799
0,5.1,3.4,1.5,0.2,2.78231246777,2.64468689513,2.61908000696,4.97594035663,1.56850279584,4.06938252313,4.60610917179,5.53068639969,4.81849962907,1.51527952388,1.95008818005,4.46088649168,6.12969801251,4.20870336461,5.72662936954,1.12976277731,1.17405580187,2.29454598274,6.32026271197,6.2729555304
0,5.0,3.5,1.3,0.3,6.87277317033,5.64873590988,5.74739106736,6.30181030421,4.54762253244,5.25839892233,5.89454379417,4.57966151524,4.72979077883,6.469356713,4.96053605363,2.55700403037,4.69223615112,5.53441299845,5.84317128288,6.44629672668,5.62340724919,2.96348314748,5.39670071921,5.44923878091
0,4.5,2.3,1.3,0.3,4.66134263655,4.00159068967,4.95076858308,3.56700470923,1.8077577829,2.76688492817,1.69730278786,4.89860951288,4.58838781176,5.45920090973,6.60525690434,1.64759100785,5.19109373502,2.63304749441,4.34441338553,6.28668726443,4.96719570713,1.64750532814,3.53121855264,2.84629108077
0,4.4,3.2,1.3,0.2,3.53807215219,1.57459999331,4.608093755,2.58427172727,6.22079157064,5.12021949441,4.85402718787,4.20359753652,4.2405835814,1.72736051199,2.34523992854,6.2848578224,6.05646081769,5.29550846434,5.34624246204,1.92681686886,6.47005679503,4.69053499597,3.55841553612,4.21693490872
0,5.0,3.5,1.6,0.6,1.53052092376,1.56503629832,3.6758781473,3.10935752173,2.265897282,1.46005058697,2.38639200813,5.79655342148,5.70830928109,3.27303863837,3.51278096411,6.22124083193,4.53176369916,4.2575140487,3.04601269493,5.50408425609,5.16135387991,5.56891200632,4.56356974451,6.15007266276
0,5.1,3.8,1.9,0.4,4.52987151452,1.96587873112,5.04701937773,1.35231984925,1.2248502327,5.54713880006,4.34037131213,6.89237880793,6.99686815053,2.66462728124,5.7147572073,3.55184764778,6.1667019788,6.28158566754,5.74090800546,3.50381713805,3.54312150408,5.85608022326,4.31743800602,3.23908493268
0,4.8,3.0,1.4,0.3,1.48074219376,4.07172397444,4.96174641624,6.44180885136,1.18456595619,6.19091360724,4.28825684845,5.62053522062,2.36620194032,4.45351927987,6.45775578648,4.24666542738,5.30820891018,5.45236596512,3.10588605477,4.8619693127,4.73935596189,3.10564770682,2.63508186862,3.81637371437
0,5.1,3.8,1.6,0.2,2.01436846833,2.06791716179,6.45109362542,6.5304577851,5.17175583603,4.35042564844,2.46430338401,3.64871875037,2.90326941978,1.34315248158,6.774930586,3.19647091035,6.19029169289,5.4410823343,6.21276521725,1.64260792654,1.78532925803,5.57621548502,1.24506475233,4.87970143456
0,4.6,3.2,1.4,0.2,6.11951790526,4.99646701739,3.5592096622,2.79813516641,4.01704703441,5.82533390949,5.89818285514,4.73273802828,6.98156584703,6.75606861636,2.67369962254,3.89576481453,2.28353470878,3.64577317147,3.7698331316,4.07321216988,2.89977905185,4.5635794887,5.79263912065,2.41407996849
0,5.3,3.7,1.5,0.2,2.03527433095,6.15629653121,1.33901030488,3.91880629636,2.42291097674,3.93615352798,5.54109167891,4.51337918466,1.62787438757,4.03210412757,1.04188186997,2.00677333353,2.45940304872,5.9203891151,6.63616090228,3.47649041612,5.47833557776,2.45231510295,1.86088067042,6.90732714921
0,5.0,3.3,1.4,0.2,1.50497944082,5.0208604778,4.94989307281,1.01356496555,5.67474093123,3.9071344623,5.10202910461,1.50275941119,1.68402412481,5.25558971567,6.6120889982,2.15666258095,2.37390837551,4.67582878314,3.67537944845,2.78357720053,1.53565283337,2.78129566825,4.7045733456,6.22320370707
1,7.0,3.2,4.7,1.4,6.32598702183,3.06591441275,3.45611301218,4.62059939638,4.32019798956,4.34517606695,6.12489572061,4.99227447827,3.60931525775,5.76839999365,5.28064959077,4.00523045451,4.78824714205,2.34317645413,6.76264968109,5.26921959082,6.32423187706,2.94871966344,4.26154383635,6.48270370064
1,6.4,3.2,4.5,1.5,3.17438898235,2.43829593083,4.93598717256,5.63769194677,3.47540666828,4.70370233213,6.87525500851,5.28663915874,5.49345989654,6.69882750224,1.09890089252,3.51519306173,5.2071407477,1.07126912063,6.61198489088,2.82304392619,2.19623005816,1.1025971391,2.75034229816,5.60977599172
1,6.9,3.1,4.9,1.5,5.84376486171,5.06813623361,1.42178731425,2.41402724269,2.5308259818,6.70995056333,1.13978917162,3.78762051624,3.19620708196,1.0167985268,5.68873891694,6.89397660069,2.40996301718,5.88797030859,4.23752936711,3.32137242788,4.48573451557,4.76779043118,5.86235981997,6.16569958886
1,5.5,2.3,4.0,1.3,4.77608922761,2.6515097796,5.16289168667,3.93885755027,5.49204740634,6.46461981085,6.1985968612,2.6460916143,1.9503597701,2.93537093476,5.10246087764,1.9337800006,2.42998651513,6.31412131465,4.44549693636,3.90812489174,3.19836781443,5.9281541732,5.88459156069,4.6336496299
1,6.5,2.8,4.6,1.5,5.56898074598,5.88532085741,1.43167750142,6.84644396917,2.1935478581,1.48637659794,1.57781557377,6.29707692494,2.41392614567,2.39905044512,1.89547279657,2.75232360813,5.57542277339,4.43418486317,6.59673391384,4.40054450233,2.5485056662,1.67828155246,1.68814619328,5.42826649127
1,5.7,2.8,4.5,1.3,3.73900120523,2.52025288721,4.84659545792,6.2329848728,3.69655520606,5.04528991953,3.60236520709,5.38580286791,4.64421591508,4.66023097006,4.62106724379,4.45556007507,3.11665906541,3.03500184238,3.54628603443,3.15023569647,4.13704241607,2.53142314058,5.57494170736,3.2773168634
1,6.3,3.3,4.7,1.6,3.98897398097,1.29480809341,4.84926290286,5.62976462834,4.14301559848,6.09461657966,2.40713155649,5.36345514417,5.92017254543,4.01565825423,6.1327399863,6.8517601649,6.16838815708,5.8260460598,3.54520800527,1.25658036688,3.48527387037,6.9848405528,5.19120315616,3.53644966057
1,4.9,2.4,3.3,1.0,2.65837980799,4.57068463234,2.22048980663,2.58307670275,6.30375520399,6.99809514967,6.81904443981,4.09837436948,1.9644159814,4.24565038251,2.74476992871,2.65203610495,1.92353510213,5.32870686675,5.2155900545,3.22235510087,6.65179587122,3.1264322858,3.76649855804,2.85564600598
1,6.6,2.9,4.6,1.3,3.21427420998,1.71284567687,2.18683415389,3.16020383144,1.71467920855,2.27129743559,1.36466920514,3.99614351803,6.03047663734,3.38273992141,2.18624077367,5.89070684021,5.6498275843,4.01725413762,6.8554787043,6.19306338608,6.31656084202,5.2195098417,2.1972727106,3.18792739919
1,5.2,2.7,3.9,1.4,4.17960366542,6.70803392873,3.11032017061,3.53706202511,3.18750687444,4.38415400725,5.75408397994,1.4762179062,4.19967878384,1.10786541279,1.57357417043,5.68545738678,5.46158122958,6.39967319112,2.49843015758,3.71418830257,1.94223210499,1.82125974253,2.39780558863,3.41208907488
1,5.0,2.0,3.5,1.0,5.31938031887,2.21186724925,2.32442442807,4.33801728776,4.9313477846,1.32249114057,2.51641886884,1.70675069865,6.12372348953,3.10744428206,2.23575998056,6.27073997346,2.6381639928,5.41154677511,6.51521117646,2.1376378882,2.8229995024,1.82496175095,1.28348745795,6.07301809132
1,5.9,3.0,4.2,1.5,3.91131500634,2.5223173655,3.29539637916,6.91779588098,6.42201413906,5.28674395918,1.0299434939,5.03979206143,3.89392437343,4.08316465329,4.90796987696,1.88080070712,3.16019422083,3.13005107905,2.79777775931,3.88948334733,2.02027784186,3.15574973412,6.30016858083,1.10097242037
1,6.0,2.2,4.0,1.0,5.99181417403,1.85891223258,2.81031886038,5.81659797636,1.909325752,6.46880232798,6.36037313831,3.4944833186,4.40113054379,3.99447026348,4.0549029084,6.24300726664,6.11788651114,1.20521665895,6.53904241639,1.02829235426,2.8225414409,3.28925104967,4.79481168094,5.46562893993
1,6.1,2.9,4.7,1.4,2.35105849252,2.83263400907,6.97708702056,2.68926171566,5.41196730168,4.33025916134,1.77020108703,6.59057750204,5.42045645747,6.57966892589,2.05621119559,3.86656367875,1.94889283229,3.21300684995,2.92715298932,2.04613184312,1.63835450193,2.21430429142,3.69904197739,6.26946314203
1,5.6,2.9,3.6,1.3,2.48243917966,4.29663234497,1.20607895181,4.13396800111,5.6172664138,2.50821376951,3.18666306869,5.71950371186,5.42989413398,4.49245253391,6.20002780372,4.16084985623,3.26617970963,2.60965591116,5.26203527338,5.35023410466,4.57482681775,6.76808760105,2.09346349441,6.11221103758
1,6.7,3.1,4.4,1.4,3.54887403693,5.42243632268,1.96321060298,6.49131319603,4.1645614711,2.95325823701,2.24318704064,6.84802046692,2.0473532947,6.88976962021,5.70471166475,5.40460694486,1.66163502939,2.98132969814,4.34870824246,2.32274896194,3.5315367886,1.09774317823,3.3306473774,6.89997242644
1,5.6,3.0,4.5,1.5,3.17665700566,3.69537751343,4.99834822048,6.75891033003,5.48295623892,6.20746219968,5.63350835627,1.61437933169,5.47068628233,1.26475627323,4.75681933726,1.48696917406,2.12871942802,4.50597374626,4.01970226682,3.98872931658,4.52419587621,6.88851459338,2.2923605151,3.41930623753
1,5.8,2.7,4.1,1.0,3.73098295958,2.46943762543,4.84819681147,2.47781030748,2.50644962271,2.9679882093,6.44510250186,1.44487727559,2.52993626952,1.87875052257,1.29912334136,5.82353126509,4.22897886334,5.62386691243,5.16349337255,4.1175128023,1.7585044235,5.83637714833,3.55986053502,4.57565638642
1,6.2,2.2,4.5,1.5,4.50698161066,5.04433909031,5.64734335847,6.37943899032,6.62272895806,2.23202327795,3.44315085179,1.51200265804,2.87530734922,5.8722589686,6.04557357494,4.64840823547,1.51240067144,6.12257826798,1.38802621621,2.92448593617,1.32084058088,1.47660404665,3.95664373956,6.16880574051
1,5.6,2.5,3.9,1.1,5.37315655394,3.09206367402,3.15980765692,3.39887665384,5.72061371946,3.1784817822,1.57380926193,6.59096667037,4.82766982625,5.29840474355,2.04787419188,3.39530357874,4.87497948802,5.24537196059,3.44845166608,5.30235641748,4.53287959223,2.79339902823,1.90542077488,2.58514564231
1,5.9,3.2,4.8,1.8,1.99973536841,3.42411926252,1.7264384379,5.54049723308,1.19465692762,3.58471354021,5.16669436658,4.50138838476,4.99846947402,1.97075081001,2.25404673835,1.20130398151,3.0640261571,1.46830532562,4.65311165848,3.19374357288,1.74551689422,1.4743058963,2.37879095744,4.85507632263
1,6.1,2.8,4.0,1.3,4.28077722625,6.36482924473,3.18984687838,4.95088436475,6.08678047649,4.9062273189,5.05806940798,4.47217483209,1.67236350199,2.76705305407,3.37345872911,2.92115155915,6.64630275332,3.86544774024,4.66301883271,3.20656296875,1.96540586277,5.52866035041,6.14313399689,5.26882494337
1,6.3,2.5,4.9,1.5,2.21621158054,4.86290951256,5.22389659461,4.62838163456,1.73820959594,4.64521247387,3.69080627862,3.04157369622,5.75952005991,4.66335978149,2.06085738354,3.20286541291,4.9128041173,2.23052080173,1.07685646784,4.13234019891,1.10546985644,6.45847209284,3.75412241639,6.81899203174
1,6.1,2.8,4.7,1.2,3.44407862529,3.25464204756,2.01466161324,6.90214422342,2.69084372424,1.82677443648,5.86178357371,4.51853824508,2.89735991733,6.86383641035,3.57066475693,4.1888359169,1.62823578116,2.90102845669,2.10752264534,3.83000854498,6.89514795566,4.14728377572,5.08331953527,1.24833278
1,6.4,2.9,4.3,1.3,6.74086547571,4.44677514688,2.85872353571,3.16456962178,1.16468431956,4.81566300586,2.45030329139,3.56123336139,1.80115116205,4.20236426411,1.61752858935,3.68767136427,6.24166375109,5.54560087453,5.30043488175,6.92081560469,4.4643423355,3.30914820422,3.26847556421,3.04250925076
1,6.6,3.0,4.4,1.4,5.83226725651,3.02285656941,2.89620675462,2.93980208459,1.00001773491,4.49468081403,6.70401849213,5.98677494714,6.10050133709,5.83671387304,6.92575780933,3.81972951252,3.57494335618,2.06823367246,1.91407952182,2.69537219808,6.52421416373,4.6551271842,2.73341622729,2.45593437104
1,6.8,2.8,4.8,1.4,2.42029434303,1.37250322856,5.72301651245,6.90703423487,1.15692169205,6.95395631011,5.25426074685,6.79623969863,1.95252295417,3.0748317509,6.37080908029,6.51841453709,3.11874666207,1.14141981091,4.63155328812,4.68200118799,5.87625399487,1.28733021142,1.7636906152,3.63034399818
1,6.7,3.0,5.0,1.7,2.97751628397,1.6243416302,6.51579550146,2.99539533989,3.55568724994,2.0223068402,5.24636205166,5.85990235399,2.16350214395,4.93827877109,1.01648623648,5.45109741214,2.11427804339,5.09236665915,2.82917704488,1.03650320782,1.12106934359,6.18069616989,2.47212047965,4.73035607798
1,6.0,2.9,4.5,1.5,5.5309361566,4.55211152777,3.87065523478,1.33755407845,4.41718911068,2.53974505236,4.72341541312,5.91286562299,3.41498665716,5.82982917886,6.70182466247,5.59115996604,1.9371306,4.17715037777,5.77165899888,2.11951610919,5.71823903704,5.72961042332,2.7058649758,6.02159371398
1,5.7,2.6,3.5,1.0,4.727344704,3.75734139288,6.08477445509,4.66923984026,5.2334323781,4.48252475144,6.394923791,3.86655902559,5.82228912779,6.7252709754,2.60998584559,3.32183639866,3.63178313676,6.92953946856,2.61597220934,3.28464710098,6.21261220924,3.01125446732,2.38388655574,6.08488191312
1,5.5,2.4,3.8,1.1,2.81634766359,4.16778126021,6.79611875699,4.61756255487,6.46227069676,5.26738862826,6.40707346765,3.99965343862,2.99513491519,5.76164886598,5.23861962559,6.83427893486,4.600610383,4.07614147155,6.45479939767,4.5603673117,4.20434101472,1.62216344126,3.54240813298,2.7792386341
1,5.5,2.4,3.7,1.0,3.80180672957,4.07367374944,5.18159991197,4.64661277646,4.05759887917,4.82767059502,4.17036801594,5.39110916322,3.89288680595,6.20720110113,1.96252886997,4.03006385282,6.88464083143,3.81287503081,5.47805843101,6.42506285171,4.45997020687,1.38422260484,3.4456688281,6.12853875959
1,5.8,2.7,3.9,1.2,5.49250964244,3.90105765237,1.68872968852,4.84430711558,2.25521328056,4.95054083456,4.12780785339,6.94127987083,1.85980744012,4.69936495513,4.72999894849,2.11544425683,4.24053248063,5.56183482181,2.55175891173,2.90610528145,5.21472972683,3.30558139386,5.17557134385,5.48994769732
1,6.0,2.7,5.1,1.6,2.68733419642,6.792461532,4.34636738627,2.7569569266,2.21315866278,4.87680605324,3.05486570156,2.16132660223,5.72999212271,4.50543893541,1.81664680612,6.45971668716,2.39755074525,4.8071250757,6.22207627908,3.53838537124,3.3170010667,4.6820972422,6.12086213438,3.44625191405
1,5.4,3.0,4.5,1.5,5.41302040217,6.77059677936,3.37622474009,5.15400592449,6.18864796393,5.26581965278,2.20987097913,1.63055579635,6.25162249146,3.32168557756,2.9036968881,6.59035931018,6.71518661947,2.5996881805,5.85600057371,1.56284060165,2.54058413405,5.91965430145,4.60246502155,4.53914228038
1,6.0,3.4,4.5,1.6,2.38006168333,6.78115542045,6.70362528853,6.28107165578,4.05707051425,2.06442696042,4.17467493293,5.01348128256,4.15680598088,5.09534235394,4.82314559436,1.23722197527,4.99884609282,3.37659394113,2.3880566162,6.04875270533,2.22196639222,5.43165350325,4.28269855198,4.88460455498
1,6.7,3.1,4.7,1.5,6.211358631,3.10795807807,2.40970449276,3.9996602584,2.14987542911,5.45744487848,4.81847019838,3.85313875668,3.59210746199,5.0320811474,3.84080370428,3.16443949208,2.93258313572,2.76829201489,6.90327302092,5.9134010835,3.92190223799,2.43807005676,4.87435803502,1.22970103428
1,6.3,2.3,4.4,1.3,1.59079321587,4.86509263647,2.95935510754,3.42417265251,6.73601317366,1.30269792174,2.04896107008,3.81375403548,3.29586811161,2.31187363754,1.78506482826,4.2894547191,2.01919600467,6.34803717268,1.2471167075,6.58631208154,4.66003886942,5.04102565952,3.94749220004,2.53059736615
1,5.6,3.0,4.1,1.3,1.95786602466,3.7648837505,5.28408174639,2.81939381666,4.60843746868,1.10439619226,3.92935792826,1.05444759105,3.31656347285,3.42994576178,3.37440222332,3.97763294239,6.57908469141,4.84335833307,3.36780404875,3.18958212601,4.3307182101,1.20517378397,6.32276801766,3.86917097806
1,5.5,2.5,4.0,1.3,4.24839543885,6.23994516465,5.0703796253,5.70475532292,6.92565958648,4.41563075785,3.933292815,6.98760402373,4.34809343628,1.38686750363,4.33424105423,3.3090799207,4.83396226855,5.11350446264,4.86404803278,4.3813072284,4.08327802643,3.86185661879,1.67236618001,5.8042165884
1,5.5,2.6,4.4,1.2,4.84368708067,1.43243214384,2.00663436182,3.49271153844,1.42347410833,5.3769147113,1.39825313123,4.15257297051,5.04884614989,2.50421724885,6.8110511748,1.3929179548,5.54203000898,6.65407974952,3.23446212642,4.73837083045,3.91497448374,2.48670391678,4.98238657842,6.25344712995
1,6.1,3.0,4.6,1.4,1.0835126873,6.35474793505,5.96485735052,5.34106589175,1.33652336827,1.139092659,2.06346372411,3.90159027612,4.60969667368,1.28683791313,5.37571494382,5.66998632968,4.13672566924,3.64826260868,3.72912083174,5.06480761959,5.26481470616,1.53978187819,3.06903322164,3.88777531068
1,5.8,2.6,4.0,1.2,5.31613035141,4.23536355015,4.04237850516,3.79220654753,4.75545776803,5.41205785109,1.69100957096,5.98201483063,5.24827103368,2.35997150663,3.10289211941,6.65937294008,5.76012433405,5.90665227128,2.31590227239,3.63495406492,2.68043455203,4.46858530087,5.39396136715,3.00365101632
1,5.0,2.3,3.3,1.0,1.2425543555,1.44862560061,4.85904025432,5.69979710298,1.7527120407,4.69330102197,5.01600429995,4.39414985324,4.24842483539,2.66539384018,6.54228021003,2.40523690562,3.15468043689,1.61092531239,4.1272038857,1.28401495659,4.02880140686,4.26949327626,6.49562441083,1.0583593991
1,5.6,2.7,4.2,1.3,1.47853145717,6.19298392107,3.80194616089,2.64038266757,3.67321076994,3.20002974485,2.04660009601,3.38516132677,1.7363399461,2.20032027122,1.84707759127,5.04707021931,2.72008192495,1.61272480353,4.39939565924,1.19162068719,4.18905347839,1.74869155531,5.87590364514,2.2319216876
1,5.7,3.0,4.2,1.2,1.4684606559,3.03406810156,5.61411995372,4.51359390703,3.41398776357,2.66066173153,5.48305920719,2.99469240009,5.09068620912,1.36810091003,2.2020799129,3.28480925676,3.36855179349,5.57088696104,6.3195871699,2.61904899705,3.68547293333,4.34538458774,5.98131705666,4.30007831728
1,5.7,2.9,4.2,1.3,2.90907237152,6.55892425808,5.02043167459,6.05975946668,6.65835516813,1.27679523975,6.84232379345,6.89772213101,5.44568176414,2.55281960101,6.16592576068,2.51411058623,6.76527413965,4.44942459154,1.31507929071,6.42039510464,6.92171727811,2.28342498127,1.97980219842,6.61900599701
1,6.2,2.9,4.3,1.3,2.33698620908,5.85588427203,5.41205586376,3.86473765885,5.00994857106,5.53895552515,6.57465395557,4.31391600369,6.68633439601,3.02328301633,1.18154246848,3.89377989856,4.85022421615,3.02960332596,5.50291802039,2.08626264131,6.83598767172,2.78546722674,4.95474798909,5.46779552684
1,5.1,2.5,3.0,1.1,5.61160974388,3.50312202629,5.92466902947,2.98067482222,4.50145084871,2.27149315294,3.80424512712,6.80112609417,6.59507780509,1.79315236705,4.45930063202,5.56326180255,2.86453803113,6.13775368293,3.82662457373,5.27077531085,4.6490598028,6.9079511439,6.97249644665,3.59644330623
1,5.7,2.8,4.1,1.3,3.00577627791,2.09572115577,4.38442918802,3.32443908706,2.99432936353,1.44873422057,3.65414389206,3.097750275,3.49104189741,3.45951024668,6.32807673761,4.88769857052,4.30964374409,4.38963107299,6.63728480469,1.68862077351,3.77397696882,5.78433870223,1.95108931323,4.14357587372
