label,0,4.54267703931,1.18407071767,3.49478376355,1.65881209033,4.97967949653,2.3226391119,1.75269689617,2.8162019473,1.70045684058,2.53327806551,4.03182254755,2.16389909715,4.95465164434,1.99931639352,4.51976266298,3.865361903,1.17862213444,1.40837986222,4.36759726838,2.97736313634,2.56593792424,3.83642531641,2.24778937129,1.7923688388,2.52569385369,3.17547938896,1.01710767906,2.84224635753,3.68136846171,3.19501878215,4.18899190243,3.35519435008,3.65473717189,2.20310647321,4.94265528508,1.15939871528,4.45475048744,1.92111915097,1.84627658333,1.66022116471,4.46973697835,4.90858232668,2.20551906183,2.02200363329,1.81694176932,4.07233471486,4.65022935192,2.58301972948,3.10724944368,3.4237703553,2.021247431,2.46532878086,3.59422097506,3.11958718797,3.13555130452
0,6.227865613501906,4.18524221812,3.88431421832,1.67551509266,3.6661382428,4.89554376538,2.30947422515,4.73155856483,4.9182375044,2.22198868279,3.75487641512,2.45632745007,1.11281153523,3.33370011948,1.73630993195,2.26955712235,3.08450623292,3.60632536256,3.2272995254,3.55697100459,4.65670870818,4.29703180568,1.30001616891,3.41414948656,1.67665350018,1.19310410846,2.87405888773,1.93123720375,1.9248811236,3.85947303333,2.17776610669,3.64698783738,3.00766920012,3.05188342331,3.90650224271,2.00180699462,1.98031600449,2.90523820815,1.49925208502,1.78039575247,2.60100265449,4.53992463308,3.23069083997,2.23733329439,4.97847087639,4.81653675334,1.44346323181,1.17699928921,3.83883046228,3.98734971371,2.77930995766,1.34600655272,4.1065131518,1.47429514426,3.47121550344,1.86439932114
0,1.6320586509291237,2.04689985185,3.47737914529,2.17993005141,4.90501498073,4.52456607679,4.75085100951,2.34659042681,2.41298635517,4.28682605178,4.55958618714,4.62817297323,2.02935906649,1.81644363205,4.69166009471,2.38215042741,2.26651734345,3.54831148066,3.47423920719,1.53919942652,1.16750250172,2.63781411575,4.45421336537,3.94066523311,2.08278429793,1.95679482307,2.61714474057,4.0526527061,1.28653542575,1.26089683031,4.63910759351,4.65452208559,3.06723716019,1.15199379936,3.27641582911,4.0078165697,3.00580652845,3.57996802098,1.64806163043,3.8210355533,1.55452852931,2.36758069389,4.4227900036,1.86942975075,1.57391893853,3.21639524395,1.73072258479,1.74951103766,2.85462768332,4.08144851708,1.13424799004,4.39812703078,4.60769445373,3.24616471473,3.7653976648,1.35119981396
0,5.825668326122606,2.08818792306,3.67123414778,2.4845688695,2.77020838909,2.11984063187,3.65712905655,4.61142919346,3.99742322635,1.88596224207,2.9513068396,1.74787964745,4.62042838602,4.1118068383,1.26681945897,4.73882495014,1.10974889127,2.12409874404,2.7813917323,2.43709792041,4.00350563314,2.77240394913,4.62938278829,3.73751178722,3.413778955,3.14750890409,3.54606193599,2.09779597203,4.09315113163,4.94415510378,1.28165387562,3.92349727411,1.10277955032,3.97684279952,2.42977653393,3.87910129881,4.53582775114,2.97549143842,4.1955544924,2.10898376679,4.84423801902,3.54224804789,3.80204148093,3.48599673184,3.8797554679,3.59569901376,1.13907070336,4.41985236788,1.05173211877,2.8957045236,3.74171626814,2.12735525156,2.08493492732,4.19805696569,1.90768994405,4.43480068195
0,6.996147049439019,1.67675934676,3.11726590831,3.01171191777,3.38104474027,3.32642065124,1.47838176702,4.58306130477,1.65363202611,2.380383332,2.26700923135,4.2677434688,4.75042883267,2.43435574923,2.70252856992,3.41992287827,4.90242044699,1.09074925465,3.89985970197,1.08716288912,4.03688034597,3.2064846922,4.66443721999,2.9078302629,4.98724706401,3.93322047586,3.53791408177,4.48577936314,3.79732912564,2.56591214776,3.51108041188,4.64587062214,3.86242950449,2.12249550984,3.57123312921,1.56556551809,4.65332073736,3.81819823967,1.98656785939,2.69450557518,4.73629475842,1.64362896347,1.77260900958,2.274456392,3.00216550758,1.53195608953,3.16766045194,2.73712740657,4.37578853309,2.3392246851,4.12995015265,1.57930522664,4.73322604507,2.31096349426,3.15602481714,4.37716963086
0,0.6646460920860195,4.56601608815,3.93007813266,1.64780486429,4.92914807708,2.9799211452,3.94717947278,1.6855344313,1.69028785129,1.12004644987,4.17925937387,2.47504524487,3.6965552209,4.86912000507,2.41750305426,3.99417866664,4.13036764615,3.82178495285,3.50128392701,2.17713184323,1.77933349213,1.00177832262,3.44790127644,2.05806275675,4.20945026149,3.05841794454,2.190594099,2.99371023541,2.720408069,1.43403936167,2.37302913619,4.55111439979,4.85609342145,1.67759297937,4.46358829193,3.73657322552,2.30220243925,2.40686026151,3.85318859042,3.63594496354,4.47762524139,3.3219049856,2.2755461632,3.08218360037,2.17181506174,3.74802174672,2.76535423193,3.19114800409,4.47010554641,3.77788733335,4.25741164778,2.04337713369,2.25472464873,3.00004296582,3.36759978237,4.60181850856
0,6.815882370802441,3.79450364026,3.68594214839,4.04214957133,2.78885682203,4.56363060205,4.15498656219,2.65330692104,1.5473363534,3.2625139864,2.08630829914,1.74265796017,3.47092821887,4.003350179,4.80313760449,1.41624875161,2.63901416406,2.85032181957,1.86033837073,1.7909733829,3.69878280059,3.8799672348,1.24821587429,4.90937764356,2.6468778931,2.47133807969,4.56530082666,4.66658557332,2.84718734815,4.75523778775,1.05246516089,4.9530234584,1.22774849137,2.36408793162,4.84821455436,2.4569797256,4.09054389817,3.23313312074,3.27630191034,3.91079710251,4.20984367507,1.63191542329,2.66047878841,4.71540644552,4.29066053518,4.92465694418,3.79559709566,3.49261814683,3.81357657448,2.6590289891,1.39588161951,1.64034344288,4.23063718923,1.74170625793,1.00984486829,3.4695929205
0,6.061625730695077,3.15861965686,1.13284765468,2.40556692217,4.8988640153,1.73531660738,4.74742750478,2.47952456399,4.72688993315,1.95551649659,2.21701323998,2.54323046579,1.53835817635,4.59800448307,2.2326005819,1.31390002676,3.7134946343,4.51014471105,2.82307085097,4.65514124118,4.94749902269,2.42076816955,1.80651467661,3.84965562654,3.86059176182,1.0584674837,1.53960159577,3.77037551648,2.50489310006,2.30078255311,2.5554747756,1.56085099551,1.42023593445,4.80787692665,4.64510937248,4.63968956105,4.40433975849,3.14629003473,4.74691452521,4.7739797694,1.86793208163,1.20035269,1.47787095899,1.57069632599,1.48711526069,3.16080794114,3.89330496676,4.17378251655,3.74487062219,4.21510323682,2.75728937414,3.30860997613,2.28042309569,1.10106884929,4.39893813475,1.5164807732
0,2.7769316550143017,1.09005399688,1.11403571918,4.50779116143,2.44149089374,1.08680697779,2.77268567435,2.15579835038,3.07245673399,1.90503278716,3.27747297685,1.40144683468,1.02858596436,3.92637193436,3.99147980022,1.59439316315,2.23104649721,1.59764232732,1.23087218499,1.83991631209,1.62513764135,4.20259481116,4.15417438123,3.63339092631,4.18962460984,3.40473799007,1.07285160401,3.27879529758,3.19445971374,2.70429135239,3.09813521057,3.80233682886,1.01197184438,1.22824286309,4.88586524369,4.32534197403,2.36991327749,2.59275446065,1.31794274723,2.76646624172,2.97524130076,3.6005373179,4.36480911462,4.06955968343,1.72638814722,2.90831767265,1.17677518048,3.06481264633,3.8544437632,4.31662931885,3.26443940454,4.9022131211,3.08599485865,3.46746284982,3.45234075959,1.94948189738
0,2.8228687141437088,2.53854650556,4.94866076223,4.22893612675,2.37421480859,3.74084902378,4.74896030099,3.98237462814,4.48908945992,3.81215068917,1.14164954579,3.88113625848,4.26350489036,4.5887177844,4.95395771086,2.20943828609,2.19663472988,3.26853997862,1.26637897272,2.76309459552,3.02227254298,2.81781585841,1.5964444183,2.85317023661,2.58220066908,3.2646555706,4.63788066924,3.30637530534,3.73108519285,3.96690842693,1.59664919013,3.43047158913,4.83807224513,2.60902176176,4.4568366631,1.86807617381,4.31932429629,2.43891782496,4.60088477487,1.922436575,2.78743456768,3.83705649695,2.0521996938,3.80898862003,2.82374959178,2.72256127976,2.34862165359,4.90533934325,3.65893686686,4.81909705461,4.28373748268,2.65588377827,2.35893401344,2.05796940108,3.52731379706,1.74824263669
0,6.0726522634281705,2.74983036182,3.02491504018,2.981355577,3.0591726713,1.90703872584,2.44229292463,4.65180047059,1.82679307605,1.74958909019,1.77016207327,3.85693814643,1.11730743219,2.90575583792,4.01756445959,2.23413110776,2.90546691868,3.32270791729,1.14974493579,4.60948149449,3.75104500593,3.52428310853,4.41663405856,2.27064621242,3.66498297122,3.89197274743,3.01693192903,1.20936908216,2.32011628469,1.21572044041,4.53187754249,3.28585692575,4.53321853027,3.88922932169,3.77974211456,4.84656927702,4.89730861914,1.8697661647,2.62414973472,4.50821177597,4.7351282386,3.73245862371,2.38127593351,1.92033439247,1.56218977356,4.39145006738,2.40333836534,2.94548580012,2.97556076159,2.81941838386,2.67297282626,1.52388007876,4.24677183341,4.29055518415,1.71904690804,3.21929727108
0,1.6051753853923525,4.26200289711,3.69503200711,2.08838106195,1.06382642792,2.53467710932,4.1220139978,2.58903699541,3.49216579734,4.22462116359,1.72534232357,2.66450158533,4.95522490195,1.23521721754,1.95588328266,4.44773054393,1.70029984822,4.06996657898,1.03294100945,4.91097873639,1.12073829853,1.19206058846,1.55801717339,4.40510814821,3.39055776813,2.79692382458,2.80614785762,1.82479469873,3.56026050768,1.02800566539,4.2332046036,2.2348365888,3.09493886061,1.71406143593,3.0217351564,1.39797158189,2.80535986494,2.27031391124,2.00314764313,2.52073837204,1.85826726432,4.47954541679,2.03930886402,4.83799191332,3.38475798049,4.57184824568,3.67194481805,2.59262886479,3.06681893129,2.61134163634,4.35759902366,2.53084246866,4.10271771051,4.94941299518,1.72585880842,4.01488173501
0,3.17492574543488,1.44996634153,3.41307842744,3.60999627663,3.57473691732,1.33461290073,4.56955657836,3.256148731,1.42492834249,4.57941453041,4.91635318887,3.0817224318,4.58995085506,3.94261006716,1.27423868794,2.11359867733,1.26594345707,4.08144973358,4.00213598304,3.74312053414,1.72215303015,4.26801749067,1.77522207771,3.1255415596,4.78586936375,2.5494715461,2.33347490647,4.17257663762,1.64599679787,1.3704219087,2.85824368856,2.16565599461,2.01532322262,3.72083513874,3.09518339183,4.97797814517,3.33464873623,4.67056417886,3.82215387629,2.63962446487,1.58666619705,2.83812431568,3.10744059082,2.31428049951,3.87998433138,4.47901561065,1.86378722894,2.89513888365,4.75440263409,1.08836838629,4.36605010963,1.2056268884,3.42741906592,2.80370343263,2.81005940476,3.40361715979
0,0.4503915078122085,1.41813392203,4.23055066609,2.47575595931,2.05980086352,3.17666733891,4.41374667532,4.09912065979,2.08453716314,2.56116670654,1.90905366881,3.2659837259,1.87425925265,2.03952560749,1.58765631686,2.31740198162,4.92427461297,1.48904009865,4.64767879291,4.80402400064,2.73481743993,2.59477731385,1.78529917233,2.66280571777,4.95770286893,2.38670984448,3.9627076682,4.10081499259,2.69308559577,4.49014084797,4.865578519,3.58759404879,1.34047800733,2.24808656403,3.9650423819,1.08715048041,1.65436259814,2.95343890279,4.61397721299,2.31749631616,1.1472537637,3.5064309911,1.71339906097,4.96049961982,4.68368223967,1.23707329723,4.88519076313,3.3354819321,2.45635377387,4.97868483717,2.5109705062,3.70414031601,4.35063618481,1.40440445476,3.81021852247,3.68215029433
0,6.252735735100652,3.49432109116,2.62815839829,3.21691927571,4.00763201203,2.07186670489,1.3029948817,4.63974783101,2.8687768221,2.87042760417,2.86891897257,4.08753516375,2.54969949511,1.24486080806,3.0852933821,3.06969176499,2.47177892466,3.34211052292,4.72728277478,2.62338058758,4.6460101664,2.73335931191,2.21073122113,1.36721453452,3.12139655237,1.0600234902,3.84440524542,4.60842628838,3.12870878286,3.43982697602,4.60788487668,3.55281106081,3.12436787031,4.40792715335,4.73111744509,3.97678600354,3.35854590997,3.09351787934,3.99550140389,4.83198001386,2.35091132111,4.01643525626,3.06669772863,3.59345075359,1.49758662145,4.50504198384,2.39561741067,3.58619831428,4.61090205033,2.11356734871,2.77453718172,3.79114923183,2.44199385507,3.42968627992,4.37363466046,3.36303098934
0,0.15894141231052833,3.19785055632,1.80823039059,4.34811996852,2.91253156096,2.17172780317,2.49167955009,3.4822440172,4.11928844482,2.14342085988,2.49597038018,1.81418872014,2.29618960586,4.06993856418,4.84728312292,4.02316069247,3.6912865211,2.17168329464,4.50519302325,2.60712424491,4.71610548545,1.27088944625,3.06500631464,2.8299993637,2.15019307742,1.67468849675,3.73588695878,1.30375783965,3.64757164007,2.42555029524,3.84364285276,1.40375383562,3.0243410928,1.74608832756,2.64535117052,3.23478637802,4.67884997077,4.26993366261,2.89770921051,4.55507533912,4.15862113617,4.13607289124,1.86481496836,1.64427576999,1.7268637323,3.48842297846,4.78811153821,4.82282283324,1.48104747545,3.99494887365,3.79137474474,4.61174975601,4.86708674644,2.04982918628,1.23054636481,1.63770885431
0,0.4366466013547302,3.64135192238,1.31470986453,3.43360780744,3.22375787495,4.10917652185,1.03287796687,2.38231008429,3.47084764041,1.56409466473,4.55582754819,4.72507268844,2.96300919419,1.63453401097,4.8649102538,3.82674460533,2.54414838474,4.61220273904,1.65220330905,3.07068217523,1.35254324933,3.91432299025,4.60716679172,1.66264545123,2.39621106668,4.26905032718,3.24663168939,2.57445490909,2.57488941272,3.18396910542,2.98084163894,2.22039903791,1.97627946162,2.38923581942,1.08359444392,3.0710591541,3.66636098387,3.78328797548,2.89713612501,4.72139077017,1.27309804077,1.0540842726,4.02225405644,4.92982054623,3.35411655545,3.66101329866,3.15133137251,4.92498284995,1.85724374416,1.21976529471,4.35059059079,1.53258544155,4.16482518729,1.11473958414,1.37784033257,2.10994851963
0,3.820255093253005,3.12240091416,1.75025694438,3.77625282708,1.29527544594,3.10580982143,4.13464589307,2.94079311634,1.45827438295,3.09019339044,1.8975734939,3.72327152745,2.70037441119,3.47871455209,3.77262705217,2.10522166491,3.18922469763,1.53110344097,1.59647143744,3.51521518282,2.24450122931,4.63377911794,1.11227639056,1.67316435496,4.98871005376,4.71886737729,2.94686537121,4.95074289365,1.74182060635,2.7533942779,1.38764214988,2.50315011609,3.18469030691,1.36669688422,3.95235600928,2.94980942076,2.99594229436,1.54040150211,4.32032949219,2.61216892524,3.52882944231,4.82216720865,3.09922087835,3.17094083841,1.19763418211,3.36628381186,2.50514188896,1.96688241452,4.35003364504,2.00758723475,4.88153420577,3.72452472427,2.28121974988,3.46434022123,1.71741410991,2.27170959182
0,2.569868175526534,1.59979167814,1.65683303022,1.88183448361,2.59917830958,4.65993680601,4.02406986915,3.54075226709,2.34836981496,2.403239723,3.68839714573,4.04506101245,3.70546491254,2.81206776373,2.60355713489,4.16312936565,2.62226168688,1.87319314608,1.32183669992,2.15258200935,3.91307412843,1.77055816356,4.77405109684,3.5276832579,1.21770961084,4.34197679648,4.19638410781,1.01415434433,4.75436532766,2.89994338531,1.18178669914,2.83762967355,2.15959458976,4.68929027881,2.48343160969,1.67296920401,1.78489685588,4.53445348047,1.05700116199,1.17029626984,1.51848113191,4.01648590403,1.80618442688,1.5049896436,3.22695052407,3.2624232368,2.11340133665,4.96776049788,2.22494511007,3.48675190317,4.82758302916,4.12245278161,1.68888506467,2.21472878539,4.38152829342,3.50824508151
0,4.607979846296506,2.4629630857,3.68020478467,3.48798556692,4.14047849499,4.85788671582,1.39539752197,4.11565848983,2.90449843618,2.11768532009,2.77190576378,2.26709808507,1.74329536222,3.8752168216,1.37765727141,1.25704169225,4.40545171737,2.32650119251,2.01737973405,1.05518024932,2.38938081239,4.14650453441,3.8733593433,2.1791760514,3.53746289695,3.51523761558,2.00314199846,3.62731608965,1.07398406084,3.4831825863,2.50503599112,1.2084886279,3.44273010958,4.01413801715,2.69071199995,2.30653233135,1.83124684441,4.28604160069,2.59596298505,1.43533004247,3.51027214552,1.41507110968,4.07029165797,2.71798769531,1.36849720652,3.52231920462,1.64642198417,3.27485090747,3.55632857391,4.28063815168,2.23064395086,1.52514054537,4.97895279542,2.04585372165,4.08417335342,3.9585255101
0,5.755925837991643,2.13636384468,2.11107814868,1.38321077228,3.35188872739,1.38571315502,1.18126023069,3.62430440898,1.93665883159,4.64742335999,1.03788703885,4.79033612263,2.18868220098,1.7774069338,1.26437727633,4.54021562475,3.90092738515,3.93161495208,3.24488254015,4.85075441563,2.85987079737,2.72885052779,4.53898659119,2.20447769284,1.81224183959,4.2060626214,4.6241415641,3.81843720741,1.328066198,3.25024561001,2.68811101028,2.7265961892,2.65568472146,4.03542196293,1.15490459072,1.84675208404,1.00004583569,2.93275578478,2.82120754118,4.38159680814,1.35341188945,2.2105948874,1.76372296636,2.31396145298,1.25226154947,1.78161255553,3.02457864656,4.57616122087,2.60841185609,3.32082297108,1.01092480152,3.85655445595,3.02424313154,3.57252444959,4.49587074987,2.61137486436
0,3.497772374121086,3.96727766966,3.90171221444,1.56757374995,3.98757264518,4.41075353261,4.59238101039,1.8747514725,2.42126006374,1.7641232603,1.48266312815,4.58064630704,1.03780994405,3.21956007658,1.67838865142,4.70149962575,4.57533815371,2.44601553272,4.16621616244,2.15259923109,4.25365305953,4.83565343609,1.08262481942,3.29732944317,4.96223393781,4.4667812138,3.46560178218,2.60315652988,3.49711629035,2.99856010053,4.0187852619,2.58131443971,1.69194583582,1.6982612254,2.39928379968,2.24040437468,3.73519913074,1.19681242261,1.90842497871,3.94953485289,4.92629431022,4.29171418072,3.29639210515,3.69639834733,1.2878132866,3.71487624326,1.25631498114,3.55208419675,1.03776541688,1.82601814363,4.8792180141,1.4306964209,3.23202759202,4.55706004495,4.18851572024,3.78194666097
0,5.1317061661132755,1.61969575323,3.69778074718,2.54303979623,4.5896180125,1.76093216775,3.28558199409,1.65469848386,4.55127214405,3.16047172371,3.02774186925,3.93368149708,2.72174651081,4.30567640421,4.56141215058,2.86816164438,1.32695483547,2.22441727386,2.68230250373,4.59049889035,1.03688999667,3.73144795123,1.4155235683,2.6860030641,1.10959247289,2.30343672875,2.37484920783,2.35370641129,1.55186227722,4.19648267235,1.72511767048,1.53518078471,2.38639564764,2.67448586135,2.0829278247,3.05592843726,2.45040871442,2.25147887179,3.96640528862,3.95161852806,3.95462374601,4.31854800508,3.42941063235,3.40264794523,4.15497860362,4.53148027211,2.22190032513,1.4283944196,4.90022153073,2.38852617382,2.99167984926,1.81414164492,1.83404308899,2.95147486955,4.34943425148,1.11153811711
0,1.2669840637855012,4.84968362505,1.31717556681,3.31744711457,3.09335466504,3.92824926158,4.44516063557,3.72437806385,3.25895475828,1.33272944689,3.09586924864,2.51888419974,3.85581069525,2.33894283619,2.08005345236,3.28311610631,4.84744090203,1.36357193925,1.60252693859,1.72532365418,3.92247644227,1.38394917682,4.13171402588,4.76028834809,1.77611855556,4.68787340999,3.6815854415,4.92310905901,2.9874701629,1.59007057835,4.99037379708,3.21737804521,2.45683592159,4.99329453889,2.82102467263,3.28610677824,2.4762373277,4.95379244941,2.34997716559,4.31653652345,4.37274434806,4.37994550956,3.25051249493,1.64617841654,4.77664783204,1.91667287829,1.44497318216,1.13256137042,4.67561955484,4.22339610012,1.3944264544,3.17215637254,3.6470645892,2.53834666586,2.66568796834,1.69207929665
0,4.031557209533415,2.11769211497,4.44931629039,1.70506879245,2.77814894296,1.12195111476,2.59080366206,1.83890841489,3.54865090985,4.78812456808,3.83078566652,4.6017959967,4.95170294302,4.64135707143,1.38593141905,4.33019842772,1.76315451983,2.34251656608,1.07228922167,2.27788220609,2.41928897634,1.51940776826,4.70190639591,3.77380005318,2.9975197028,1.01721476021,4.72240070033,3.60293534176,3.98185176486,4.23445803916,4.81591705505,3.06246225682,2.85106495867,2.61993163485,3.91561207675,2.22728560299,2.25927967198,1.24365772307,3.88117012441,2.47573928181,1.51792585963,3.30257750374,1.58636577234,1.63472411209,2.99868946891,1.54506441124,2.77274553449,2.2330869849,4.96088784814,4.20938922267,4.80383871084,2.49794332832,3.5778124555,3.82844771203,4.63996742798,4.78486712377
0,0.27939298613354646,3.86518529094,1.77395720867,2.84143966929,3.17945889998,3.50062711245,4.30926804466,1.77401443978,3.57818356945,2.64734311883,4.72716513085,1.01776615889,3.70711687609,4.60446602416,1.3639593622,1.10896274853,3.88187725059,1.76591030005,4.1927863765,4.71828145729,4.02991246958,1.66491149662,1.53827656426,4.08867011235,1.09604953835,2.75548070874,2.85361617314,2.11921147871,4.79748371536,1.59261213349,1.7008499256,2.73821659542,4.4271732482,3.4641763157,2.50541569537,2.0121967504,2.4881355026,4.09303160049,3.27939951194,2.61164112958,4.8062981011,1.6140980513,3.81984476473,1.00330358244,1.29640610024,2.56511638734,4.82802973788,2.3533209829,1.39761678904,3.20422058851,4.23590278161,3.90736813737,1.19135771948,1.62223661639,3.66704479628,4.05279793985
0,5.82283169673726,2.26383080124,3.951561697,1.94408876972,3.39260381346,4.20427836213,3.85307801732,1.24063670299,1.60713610325,3.96259381062,1.49473733871,2.75557393066,3.8331823209,2.20977657393,3.03856720811,3.44125943872,2.66141028079,2.36820127342,2.8542611833,2.99493656036,3.4385952951,2.16977517308,3.1254509868,2.04558164583,3.13282986318,2.00068070925,1.2672717875,1.23450109756,1.69496850091,3.55445890637,2.45744146056,4.25790775416,1.02937883448,1.30997891933,4.21226057666,3.79894694568,3.5845510385,4.4479884578,3.22123543876,2.11562592835,4.28336795526,4.23390645777,2.74692872956,1.27181124977,1.49733866382,4.05792616932,1.53077287338,1.77482617224,1.91624104487,4.70968942267,3.34304256236,3.54251886729,4.7760460897,4.13953037552,4.53551191694,3.40687039493
0,2.139040559175099,2.99440072423,2.32193544688,2.11412248546,4.97695017937,2.88576202597,2.63312935173,4.05715433282,3.37309052753,3.02905902422,4.81789740055,1.0104099068,3.7350147546,2.26104790004,1.89323617545,4.16462686741,2.66594406201,4.53621032733,3.94716457598,4.45105890155,2.26436623368,3.53192164589,3.80197058293,4.89380081492,2.67178063124,3.49872746708,4.00161296423,2.88345895053,2.68637803097,2.446157869,4.15386293555,2.27380697214,1.34522022484,1.72086047897,1.68484519877,1.20685482857,4.90722785556,4.3464106038,4.38265673305,3.86620628803,2.13716649508,1.55837519155,3.24905123536,4.76942498455,2.40537202291,3.95707127178,4.78220442682,2.13526792976,2.68011642117,3.56356402554,4.83824038362,2.67283364544,3.03946816054,2.09279914985,2.54624253955,1.82236249848
0,2.4085165452235326,3.98321239629,3.20566715654,4.52122771433,1.26081272605,3.57095254927,3.82146590923,2.03375972577,1.90200941009,2.10641686675,4.87311619922,4.77511061707,4.27650949737,4.5170913726,2.77843157652,2.73536395907,2.18733383524,1.34207824116,3.32944119065,1.41434191782,1.61479308364,1.89384497476,3.26771866793,2.25018598388,3.07409209361,2.12914045185,2.97444148024,4.59591052447,4.61999762775,2.49363809777,1.71698850546,2.75850090661,2.77657968671,2.54476824237,2.73159176951,1.87216763857,1.70962975789,4.90478877561,3.94245960275,4.49186980472,1.39345128707,1.79419632211,2.6528342915,3.45950894624,3.67010986376,3.85842161534,2.38846754304,2.08371751625,2.1646620627,3.07005163908,4.42574223181,1.29241924718,3.58942397546,4.7238995256,2.98021899625,1.07481725635
0,1.7970828421934975,4.00751829256,3.18410581539,4.11199124597,1.43080597142,1.64333229801,3.55368456425,4.61942111626,1.58450025562,4.85232207523,1.90266838261,3.92308528992,2.8602806373,1.26578612958,3.22180694311,4.54698253018,3.09562271387,2.17610580124,3.35793542343,4.34304960358,3.13781987811,2.23247447538,3.99256512255,3.62196737706,4.61636583915,3.8701635453,3.82504138074,2.94705303368,2.29402401579,1.05335198003,2.25115866397,2.28411002368,4.2615179123,1.97264584532,1.00796007187,3.40075035159,3.83886980549,4.6584847198,1.95312417697,4.58844120428,2.98905286505,1.41666027021,1.77590299727,4.80775260517,4.26396761441,4.84766454681,4.96115752444,2.24459685093,1.23752030212,1.16484735793,4.23756429927,1.03056368255,1.77718877128,1.34081556729,2.38968173404,2.92352082464
0,2.214761865632636,4.772009673,4.50854455073,3.86536061751,3.52062823278,3.83391490024,2.7259137134,2.31490921675,4.85942779917,1.2656795093,3.33498958933,4.90185558706,2.01429184865,4.29035839434,1.64951963858,4.96238365247,4.44395621042,4.87748382157,1.383737522,1.78706635554,2.48773167032,1.98586348443,3.82810542781,3.07416150479,1.9697506209,2.29950617868,1.65384017219,4.96235310453,3.772705745,1.86848089131,2.01861374344,2.60522333827,2.79340719281,3.44121126582,2.42388544297,4.79710670164,2.16972190094,4.08635683183,1.91813944355,3.37944827684,3.09045103027,1.60208831801,4.83358741963,1.35609320728,3.14291146677,2.49006506629,2.48939155536,3.65314441448,3.13268633175,3.7012913096,3.51337473168,4.57696239232,1.02160615046,4.0412112274,1.98746379127,4.42073780029
0,1.8442499821358533,1.02088558994,1.67993903853,2.60066830777,2.79833682078,3.77478973176,2.02153388552,2.62922826201,1.31279185547,4.29464540021,3.16948829453,4.33020651645,1.86594062883,1.78754005496,1.30139781198,4.82434921515,3.49900984601,3.05269760646,2.75859518028,2.03004741652,1.37386200768,4.95750457904,2.31848395019,4.37118077343,3.40549463128,1.47148890906,2.70287546127,4.9058606352,4.82645373912,4.86253861533,3.88163766929,1.67242385238,4.10418795746,2.18241346015,3.11376536696,4.43736333166,1.95939276419,1.86643657823,2.99325120587,1.65278876856,1.71758668018,2.60366219972,3.62275853656,3.55744421263,3.13978555891,4.70228028384,2.38748916606,4.26712584672,2.28741718426,1.73586286946,1.28262921539,2.73568534924,1.13244415919,4.10071113315,4.92354301177,1.90164993123
0,0.29509615258033955,1.425292968,3.28757585934,3.35504509984,2.84626173933,3.57847910031,2.5629561668,3.78306292084,2.9888867306,4.60979346199,3.34766627205,4.07767962174,1.49809243357,1.12366426798,4.02852434747,3.29950159162,2.66235448787,1.6794639607,4.17785853093,3.38657285359,3.18603335732,1.5792470599,4.89218231976,4.79434897544,1.23574794668,2.2557304012,4.62990022785,1.4983167789,1.85380738227,3.28306386499,4.00129496698,2.4653173099,2.92413337853,3.55130911195,1.73590604012,1.09159133943,3.10766578932,1.2585937321,1.92414220132,4.69955087127,1.81257714909,3.8325201864,2.49081194073,3.04501609404,2.56803175839,4.36643881062,1.40877158767,2.48904931701,2.82471397982,4.19757860854,1.35607713541,4.08749811473,3.47062747653,4.03098110767,2.43965043807,1.00071328002
0,0.8057816410364143,3.87478432634,4.01822177039,1.7878724807,1.70558464254,2.99621785676,1.48161197177,4.14538239154,1.6513171776,1.13442080351,2.88017831682,3.90292987913,3.74164658936,3.39004543655,1.47880615509,3.86561266226,2.73328419282,1.80837719799,2.8360753711,4.14007498075,1.94501921471,4.15633032891,4.02235379803,4.36481332646,4.64528494872,3.5639919826,2.0113770845,4.59860166944,2.18636514685,3.31321327877,1.95891292248,2.13653976984,1.23965909912,2.01001854398,1.85906192952,4.04560102312,2.43833219436,1.21936083275,1.61887993826,4.42547936077,1.79637734546,3.79314869349,1.18687100131,2.09282144024,1.64253306265,3.10759906803,3.08040267673,1.51917533209,2.60015184096,4.62278677765,2.15967927311,2.79435874119,2.03007374642,1.62973767182,3.12263023998,2.34130478427
0,4.534757738614309,4.51530980114,1.32678937876,4.81197500787,2.26612500703,4.36613674373,2.73111518749,4.48047088997,1.02783741016,1.60935138974,3.20938646166,4.73717687446,3.26449468259,3.56484762842,4.36257968235,3.95486419282,4.35173545402,4.47055191002,4.59904119157,3.50848465032,2.16274697445,1.43973696531,1.14978257857,3.38475313331,2.84169063393,1.2297833976,3.77737493205,2.77762246648,2.76619455656,4.27574120825,2.64161066511,1.77580701599,4.27706602208,4.63624383706,2.31185232149,1.09248863051,1.62873576404,4.15644066826,3.57491455821,1.53008003056,3.25024339792,4.64841857189,2.43370041899,2.8677432028,1.12256861803,3.83363920158,3.84962422423,1.56350482262,1.04574094517,1.07434583107,2.23443083294,4.0163295764,4.70372698198,4.54818821826,3.49661955647,2.85911948151
0,0.8459075044047967,4.66137934589,2.25703492054,3.78485659865,3.47026163639,2.30832977088,4.42210833919,4.93314391273,3.56283866155,3.06035804628,1.70594837716,4.44025433116,4.77577205821,2.51978227899,4.42576278293,4.41735156368,4.12319242379,2.69055176411,3.10924219392,3.91604815195,4.70776300568,3.87878579269,4.04567322955,1.33747659919,4.97546410265,3.52476733238,2.25406168065,2.41870146942,4.73186714312,2.26372761588,3.81367574772,1.14265229574,3.81674132891,1.46862590885,3.52334030976,1.56669060513,2.53908661132,3.62929288699,1.2307751152,3.29866593027,2.34484738334,2.01723316088,1.55939359034,2.88194241497,2.77254493258,1.19223205452,1.83426361991,2.01862763632,1.12534782758,4.1617473846,1.00183603157,4.16450916418,3.45475535196,3.47091932216,1.46129213626,1.79423095543
0,0.759941595711128,1.52610458852,4.30356248098,3.15732052162,4.82066824425,3.61331796467,1.02550820707,1.12536078392,2.21375973448,4.91816585495,1.41344944946,4.43297485796,4.66679058853,4.2947668002,3.66576521937,3.3043058295,3.20807739158,2.54860847917,4.91069769597,2.31853045142,4.09286411396,4.94337054718,4.95902672327,3.41423576035,2.43757503542,4.36689760719,4.63220703367,4.57517709512,2.30327890637,1.4640059448,4.80927910302,3.63946713931,3.95952212876,2.7276842241,1.55022023952,4.60200901403,1.40495638356,2.10574300395,1.20020543751,1.37629695378,3.94527246278,1.14505080348,2.24687813592,2.32276062005,2.42236925448,3.13262587816,2.84940764002,3.20526529388,1.60731236656,3.3514384575,3.43743915953,3.76335971139,4.45914043261,4.63173785885,2.65770740337,3.02260345345
0,4.918550853071926,2.1734951289,2.90974268554,4.55829353768,1.13473817024,2.41541758678,1.83878415644,1.56308478969,3.3953196962,1.2105382565,1.1345542412,3.11268662982,1.49893475015,3.48596194227,3.91669229277,2.23120387869,4.39411856129,1.84552007808,2.38805955233,2.52150185207,4.47791083826,4.33464835553,2.75535353352,1.15699103639,4.10726001136,4.97037694308,4.16816036098,1.38548764358,1.94495116774,4.14895049481,1.69036261101,4.87970302472,4.63726761709,1.42038310812,3.06435846404,1.24428042088,1.52238935085,2.18781358336,2.32218212779,1.93603033731,1.12951195769,3.40031311427,4.74755256175,2.4124830776,2.83746789013,2.02285386591,1.43158418006,2.92792433869,3.63748689464,1.28467352382,3.3009445823,1.60317691434,4.66194937293,1.56706261143,4.07350616073,4.1176186984
0,0.7701777240181372,2.22312428532,2.69259885799,1.36459899503,3.4660401646,3.52536681871,2.67041175449,1.75440985853,3.12434304194,2.59610460703,1.68837718021,3.22422335553,4.50415932303,3.20366119788,4.75775247104,1.89470585575,3.76498360801,2.35024147822,3.90840261593,1.60543380331,3.78240620274,3.13185107358,1.36162862769,3.7058417463,2.30954706227,3.60090652413,2.40715248605,4.14710687926,3.14619290087,1.81368945064,2.86502496495,2.80548956071,3.63808596554,4.7605374157,3.19709656769,1.53176438484,4.27260861631,2.07066670091,1.43653350625,4.69716101213,2.37171681117,4.30391397792,4.53136156313,4.98418442582,1.70481391643,3.38308862343,3.37362270878,2.9102770008,2.95976767618,1.64059609682,3.34449026543,3.13613576283,3.01527423546,4.67214772168,2.58763304848,2.68105169413
0,5.792040111040575,4.81367845021,3.7351717964,3.0178745223,1.47831143399,2.14965666346,1.21001287354,1.93473096105,2.67401745597,2.10115305934,2.44921059551,1.9800925198,1.99227232634,1.59421746979,2.62581018965,4.96558635849,2.18416691854,1.97445433091,2.96941810677,3.12200881169,4.87143260214,1.42451875362,2.87358054385,1.97918116636,3.42442393896,1.74068377512,3.10973413803,2.00439300765,2.58427324667,4.9504956337,3.9863068585,1.02895970469,1.9405836884,4.52557844021,2.60164741415,1.33061838293,3.86230021093,1.99183875794,4.24467839902,4.73173650585,4.33233214919,4.05464966151,2.58548505098,2.4237163906,1.13917969803,2.15343948181,3.87075563596,4.03833340091,3.24741546315,3.36784320348,2.90123845369,1.51737126027,1.87975606916,3.49913641039,1.44640746914,2.72842402138
0,3.1763368101669376,1.63296505348,3.2046362012,4.06338325011,3.92503917737,1.24550372254,3.97920681643,4.63500644513,2.93692628325,1.03217833773,4.41147204345,3.92149209387,4.28573366333,3.33096981811,1.03817583478,3.03485232585,1.19433321701,4.48762299365,3.75530246359,3.80326722115,3.93376935713,4.69397373689,2.11041548936,2.01746513707,4.51875149369,1.44868983388,4.86047556711,2.12597122694,1.05543309894,3.82896859115,4.22915636339,3.83556326151,3.69480667495,3.78652369246,2.25337694325,1.68425658299,2.24961677662,4.71493897456,3.80512356136,2.82175452535,2.98450917962,2.08429214443,3.0149943077,1.05457613523,4.97516426138,3.08066686164,2.30184456349,3.72485735735,1.2726317643,4.68789727083,1.76432809058,3.66576355522,4.89568903385,1.35168056448,1.50661544945,4.17806067199
0,0.4491308353284137,2.02685550135,3.38956206975,3.05705943234,1.85591321624,4.48195276305,1.875850621,4.30213698753,1.61496606784,1.11233231851,4.17736869691,3.97311831066,4.9587584477,4.3899196878,4.80905909354,3.59711680109,2.44886054576,3.56548278001,1.26185414427,3.07225003651,4.00834973912,3.43876476619,1.27370855037,2.08130502277,3.33302387858,1.37072286873,1.45231513677,3.67153320795,2.3271455059,2.43050769099,2.1739167298,3.66477286421,4.22203470583,1.29069905241,3.18629843569,2.13753799462,3.42876065771,2.77946515468,1.564995247,4.75749368871,2.87807567959,2.86082597233,4.23690816392,1.54224034207,1.64349276309,3.98142133151,4.9495372866,4.85852702953,4.01628006644,3.57343407505,4.84404311999,4.33499467144,4.21253848103,1.55264672286,1.35167457134,3.11233295872
0,0.33795934529770844,1.29305979443,3.16979998262,1.7408236796,2.97692733139,1.139537658,1.89653745036,3.62430323322,1.55240049771,4.29085229979,4.29499132834,3.2868317112,2.10376730762,1.16123858046,1.60147193946,2.73756084585,3.73960041134,4.75102573904,2.33887906191,4.58827791216,3.35974988047,3.74617102218,3.76969205577,4.60416800589,3.62835807224,3.84912943132,3.32378282507,2.99168349662,2.24440833796,1.30143423685,4.18098179066,4.74515096093,4.41561340408,1.86831922024,4.08592799816,4.12360136364,2.26085925074,2.0906984841,3.08031090404,4.8179490202,1.0460725148,1.8047929563,2.34300669651,4.89106556643,3.65652729073,2.89331605894,1.41896138385,4.30906499179,4.19690081203,2.93231184047,1.24975747074,4.411901275,4.82693703299,3.59655737923,4.76332321718,4.3031104179
0,6.044114183981794,4.38433001227,4.29775635804,3.59545496743,1.49030887663,3.86134277145,1.68829653144,2.52192146576,4.84674160784,3.76585680479,4.20886958886,1.26538560565,1.63065978281,1.73015186533,1.19883641864,3.24776005308,1.25872822023,1.27304284325,3.10627438787,1.43279154193,3.25730830194,4.30964480236,4.84231339271,4.90909465186,3.16089352551,4.19180973782,3.3020725666,2.64998816411,2.69716709735,2.99957867881,4.73153695434,3.09994901441,1.12929361912,1.54630503925,3.3376090253,2.63744402923,1.63444506459,4.90428059281,4.80567325084,4.45598553549,4.87192756,3.97225214024,2.95521691104,1.42705307851,2.25533324566,2.00101376445,4.28898179986,3.71622392764,4.78315616625,3.9943300808,2.62913662313,3.13956466318,4.2736531289,4.07511425971,2.97340842317,1.66631710226
0,5.572451803529449,4.38964068687,3.74932241129,2.5014678879,1.14238378129,4.11663497359,3.46763194432,1.14730576093,2.21952006236,3.86346490829,2.77792947322,4.06960036624,2.87426313965,1.74657583606,1.17158755171,4.46182729779,2.5746359638,1.21926464703,3.58710821875,1.12641798567,4.97367182464,4.55282538479,4.23827283533,3.61150008492,2.92866216173,1.63208535362,3.83658519343,4.82123579142,4.81889721072,2.32445338166,2.70681704275,1.17276190935,3.54043518224,3.11280669724,4.89118183053,2.49937230752,2.84827410401,3.2576756026,1.45911543281,4.28699877205,2.37715922248,2.77979289742,4.58125515931,3.14174070443,4.24242687993,4.43208506,3.92017212905,2.12209062908,3.48344799246,4.33451326602,3.18255899736,2.24357032053,4.93675581971,2.68231194609,4.28931822497,4.33739703659
0,6.876243739809042,3.68906931939,3.63418953039,4.15322003247,3.81563052112,2.57366983134,2.06913042819,3.52959155376,4.97583490462,1.25784697042,3.83816656933,1.13455762422,4.50536856902,3.40249875171,2.62067987848,3.40539700475,2.91620575756,1.2281816878,3.79631288809,4.07989629507,4.34017063314,2.26844503178,2.9686040912,1.14087285128,3.69767675644,2.48434924326,2.86182816271,1.64139835521,4.78646551293,4.00803289893,2.24438219475,1.43086605821,1.94303993864,3.79917456856,3.81990209597,3.75237404522,4.70895606663,1.33399916344,1.99225159268,4.64745349608,3.20529625547,1.59823915976,3.96020539039,1.4906449444,3.58968551805,4.8355708732,1.69249653865,1.50764110526,4.37394594396,3.25880004027,4.89630411431,2.77340012097,1.266652762,4.49225894825,1.69308427796,1.71409327501
0,1.994399821359,1.78082106513,2.89801087869,1.03280732248,1.55592816787,3.90473834962,1.38672512253,4.91273950302,4.73812885424,1.00183648176,3.3478439962,3.73874416323,1.36566871952,4.47866767837,2.66487980988,2.96470597681,4.06909560215,3.40022237784,1.61148103331,4.65872705029,4.74476927924,4.44051739436,2.86462813441,3.70930748402,1.10186194263,1.11983996898,3.08643731865,2.200881149,4.04386244873,2.74547410911,1.87773818629,3.21044487078,3.91743483262,1.697230616,2.74632700528,4.84603374261,4.04843715192,4.41305672107,3.97503165213,2.20367184825,2.04862320358,2.14497171056,2.04959481875,1.01710099032,4.76832535851,4.48134222682,3.80585349143,2.51077839824,1.89333459304,3.905564656,4.08217697342,1.72036499376,1.43497153747,1.04160112282,3.56112554896,3.22775186454
0,2.797145808672372,3.94151859554,2.1028211652,4.6444818837,4.93498955178,3.77724674373,2.26204466375,1.47230197185,1.17618858145,4.57822883768,4.49666712786,2.58871024808,2.51162436922,3.13091543049,3.31435019846,3.75164900277,2.90416692641,3.50531032352,4.4528785117,1.77419222757,3.81273207294,1.8235296979,1.13716210408,3.06187198301,1.65998102705,4.60826790519,4.85213087563,3.8122789569,1.39364410692,3.3087824072,1.93485670419,4.86001381237,1.17130316436,2.17262245548,1.34934714755,2.56282306069,2.43100503627,4.86367766631,2.04785967329,3.67072517012,2.86371580058,4.4326711104,1.44269171667,2.95859511605,3.71747075241,2.80430262692,1.58118627526,3.87956067742,2.05269498726,1.17632124533,3.99179064764,3.57860990326,2.85166296288,1.05912169659,4.43732893342,1.55882805615
0,6.835493737461084,3.88356267484,2.52853560864,4.43406981086,2.88493591622,2.13070468488,1.06337758435,3.61045292964,2.919948563,1.31744805384,2.94263517531,3.62546051724,2.6404095086,2.40730232483,1.69846190356,4.62564436125,3.16682935498,1.96930890348,1.90923668123,1.43649307562,3.46457931779,4.16791333676,4.56809563069,3.5589988578,1.3955243322,1.59270904902,3.10595762546,4.82506778827,1.17771473803,1.57100240604,4.2479680753,2.2089417338,3.22583966583,1.33812229092,4.55961738245,2.04285513451,4.56037694278,2.00137955352,2.08044128718,1.08321638111,2.43523782658,2.70473912058,3.95066257304,1.71157838761,1.60523109353,1.14278629029,1.25459746828,3.95685934875,3.57611546503,4.03684142519,2.03152063223,4.8248051797,2.21589364521,1.93994790134,3.19957468951,3.49162122925
0,0.8392509883394228,2.29947773159,2.04643522416,2.63448749589,3.94465882153,1.0266072727,4.28857633348,4.89382940926,4.03578102519,3.67597059615,3.73428652091,1.8326412559,2.80979378175,3.14472517321,2.07850372293,3.20477963789,4.85023077794,3.96043723404,3.80044768788,2.63038706255,1.78559676877,3.82096737795,2.5811430857,3.14591213016,2.80774748391,4.74592687852,1.09796960776,1.43266790539,4.40859657596,2.79117964443,2.27017254368,4.33699942011,1.66183543461,3.0245593121,3.48941441055,3.52991530551,2.61229595495,1.02723652898,4.05552301267,4.14511511853,3.68119823822,1.44915043183,1.47458036805,4.06587974742,1.13539394835,2.73657471677,2.47011515862,4.51338025732,2.69408508671,2.98714275209,3.12709253497,4.442188411,2.11655518531,3.75475094998,4.57439879795,1.16349089704
0,5.083425118668628,1.60901708906,1.83126241978,1.2136045943,2.16135589871,1.36772341976,2.07848055228,2.97106273501,2.22792774529,2.51160391348,1.56947718222,4.93461115685,1.75343737862,3.78711188992,4.80168000595,2.75475635888,2.87726687678,1.93709058362,3.27518585755,3.69477697212,4.46987401866,3.45593713904,3.35288005994,3.91376463531,4.58472775839,4.86770432082,4.22523752044,3.06164113035,2.46798578924,4.54882921928,1.32983434703,1.39314775391,4.53168090751,4.34757027692,1.04952487374,2.07276099211,2.98571957367,4.77984486334,4.26030329032,1.71687795128,2.43968144998,1.24212644015,3.42602622202,4.45486591877,3.75823534216,4.58325512306,2.31467957518,4.57525879158,3.19788226273,4.30784907337,2.96385918127,1.19688300383,3.27435370113,2.03035853688,2.0226804518,2.38646689204
1,3.3504952484561907,3.57005644676,2.84664217684,2.8108324197,3.13097151837,1.14738974243,4.15377697655,1.89500225125,2.61901831777,1.99008212155,2.109100393,2.57049244834,2.02562918442,2.26492944395,2.01739370908,2.93133938248,1.3682555682,2.87056260814,1.4385252128,4.05122091879,2.89218143391,2.81526571641,4.99185359615,1.81714727575,3.91730104587,3.74482087003,3.58739017282,3.67101833985,3.61088562984,1.85263040954,1.99063449725,4.84093936841,1.34010934698,1.8138630186,2.16410862321,4.45159511851,2.73655853066,2.03103394452,3.28143855841,2.83013342988,1.61488921194,4.52211016002,4.36321411639,3.80702632293,1.83634302741,4.10539803519,1.56087413942,4.687209771,4.4046759872,2.15587528321,3.89125121882,4.41340739461,2.85825167146,2.67334598333,2.83627508139,2.16837386058
1,0.5106933118598024,3.15061430092,2.65281457688,3.82791036867,2.02114080004,2.51171549957,4.07329474673,2.56587795136,4.41820144997,3.72672689323,2.47994357668,1.30000525602,1.63360164215,3.00966297552,2.09579124367,2.67603459594,2.96590330019,3.0775572379,2.93060811363,3.9877950297,1.5438733608,4.68547444913,1.42768378442,3.22354679771,2.20567227503,1.92660910005,3.85344811453,1.99147165879,4.313672663,4.68645641409,2.36734235289,4.16973057696,2.03177841836,1.38418896829,2.25840665659,3.22940195079,3.50701731007,4.42333913621,4.02290625965,2.71081968401,4.58509719476,3.418567294,2.38437261621,1.55172013413,3.06649577967,4.88683019974,4.73817661776,3.01286037684,4.5447167531,2.0924554974,4.11805692097,2.80842473319,4.07330731885,1.41994821505,3.45634785259,1.3006732646
1,6.219834347393114,3.96079608477,2.04251626493,4.38154754556,3.85446035764,4.43936958467,1.52523754804,3.91275622946,4.42828959052,2.99573518366,3.67993476487,1.37053873769,3.10194586675,1.79787513401,2.62776128464,3.96791790703,1.30785459292,2.19467522667,1.37510389661,1.27795982835,3.14620891506,4.37936534636,4.03228133819,2.46147406817,4.63733786137,1.72559596119,1.99046556454,3.46232123312,4.24037111236,4.98807171607,2.28577423163,4.03185521918,4.44252371211,2.37263309015,2.29599066681,4.03072157345,1.25759643809,3.04305687616,3.85385445029,2.48960685563,2.60131021714,4.55272603774,3.78488477875,4.59501271514,3.49250244936,1.09153193036,1.92744189285,2.11701670595,2.38592606543,1.26868725094,2.02472146712,3.8080783657,1.55963300519,1.16680768572,3.94330499344,3.73980494351
1,0.7863075150760926,1.68004058141,4.99690759515,4.08429362664,4.10168564839,1.00334172566,3.65659790146,1.7808462952,3.40314376586,1.20133460521,3.86565416856,3.05703716606,1.89407182325,4.51328671572,1.98212449405,1.44292566894,2.52354482228,2.02370875131,2.75130914351,3.1894979615,3.49107071978,2.35076746543,1.8111214277,3.88619266419,4.58374347591,4.45991892038,1.244346696,1.05258779964,1.71494890107,4.70886227729,2.17205863889,2.72934798496,4.23291589579,1.27440773109,4.93491694747,1.92380138579,3.43993422488,4.35208897074,1.44126108886,4.57219825804,2.88068728882,3.16174817685,1.62807111962,4.21565010663,4.68711216436,4.97224483943,2.38583669458,3.07272625497,2.45848810562,2.29833429581,2.05034425953,2.73686699983,1.4427886333,2.62842278492,3.23623212135,3.26233077579
1,2.335376179658185,2.43219804767,3.36460483023,2.65256059438,2.17478021875,3.18686634567,3.2930733288,2.79079309981,3.42658188941,4.11796395567,4.31891981495,3.99034020968,1.69463346956,3.03508633692,3.74603559372,1.98751719752,1.03270820017,3.73202988015,1.89599497022,3.65492723369,2.24386019432,3.56331508317,2.32522093853,3.82636255839,1.06899044502,4.15400913396,1.95177152756,2.33227764809,3.49136492718,3.99035852394,1.42781818944,3.90756931655,4.4944300992,3.81360408758,4.75846026464,2.22354059449,2.03946507704,3.1511132185,1.71548378121,3.86878597065,3.34553443757,3.64980686531,2.22264604299,4.41727031722,4.51360577317,3.50528063184,4.62699854564,1.84019342042,3.89911841145,1.28920422462,2.62406579127,2.74429129241,1.74484931526,4.16426089043,4.05778503162,1.16892927685
1,3.1046966894159276,2.84403805145,4.94515297589,2.25164412218,4.12807006148,3.9557311381,4.45485386496,4.14026850428,4.13707950639,3.3643360564,2.68111856989,3.42231993639,1.47414917632,3.96926238337,2.43194689672,3.88276508593,4.77953304817,1.04989001476,4.5848544791,2.72831511395,4.83567520463,1.49899937318,2.78018946077,4.44266111578,1.45388578114,2.05333810953,3.51086346571,1.88133883859,4.57958842813,4.06571343742,2.47061635077,2.49142398324,1.26909540908,4.49098982632,3.23096526892,2.28554435535,1.76143944632,2.96282502249,2.79698522378,1.55554120865,1.25539506898,1.18844146471,2.88019317551,3.16672119922,3.15716536237,3.06566275303,4.74018987595,1.26657427089,2.68088759622,2.54615088367,2.8126105441,1.26414497078,2.86765146642,2.50283613691,1.58984484123,4.9908992514
1,2.6055815121834582,1.76076039942,3.63106020566,2.13546878249,4.65406137276,2.08554634942,1.02760902445,4.95526406892,3.00035948521,3.00893490785,4.64006032407,3.56462364238,4.01473888398,3.92729306132,1.91569839257,4.63381327072,4.3027155352,4.96564549043,1.53877436157,2.67717982371,4.87735587252,1.6176071919,4.29468496068,4.04992974146,1.24892179857,4.90392616963,1.84669972343,3.58873031124,1.6199579979,4.63889271211,4.54639593997,1.18611856792,2.39604590919,3.88548527072,1.35283211973,1.34338256005,4.0823914494,3.61931950192,2.37953982877,3.32355743013,4.34178732038,2.39594420062,4.37657370269,4.89686274837,3.38997362473,1.63127618286,2.16309405576,4.78854092758,2.38871083758,1.75728597145,2.73846628721,2.60076274434,1.94895799443,3.02995899619,1.56307178141,2.09014918898
1,3.2907133824413104,3.05548251118,2.22997082676,1.89670948431,3.11944012736,1.84883078552,2.12177941316,1.9497393444,2.18934686777,3.19152959011,2.92545424717,1.09839385435,4.97719180827,3.77127378219,2.70939353805,2.5006361247,4.83510639493,4.05209694023,4.18491112155,1.11231576457,4.26139854749,1.7403328731,2.16343267183,4.81141425811,4.0707802213,4.71755686569,3.15274033024,3.35738088313,1.54993760837,4.61783849307,2.98322504054,2.32908083154,4.66906790476,3.75725691263,4.97224789492,4.74565639587,4.27063861341,3.84321734946,4.15681122747,3.47321309763,4.68039551969,1.22602493519,4.23460428299,4.91452596467,2.99489329646,4.83435409254,4.73454132409,3.3587407115,4.78397402071,4.01257400151,4.37510121628,2.29162262843,3.55063470688,3.05516038593,3.94860746858,3.74606243376
1,3.320509653592871,2.44504630321,2.68600458701,2.77129401736,1.88543216371,3.96187525211,3.36074507207,1.42913755246,4.29473310041,3.80872826409,3.11858095548,4.30859295012,3.30529716664,4.30939139858,2.78702555299,4.10583073471,3.04481980585,1.24724005627,1.80517370396,1.8517345506,3.85368773756,4.57144224774,2.32079114342,4.86548682212,1.44716081068,3.98303743477,2.8492010526,3.01300006819,3.98682747009,1.32743522981,3.22541590929,3.10848633332,3.40369682348,2.28429953729,3.39495537536,2.72848335767,4.70739765686,1.11432983255,2.64980529546,2.83424602921,3.09210824099,4.13476549171,1.33257777048,3.51227754399,2.47726497419,4.44778230326,3.90670692594,1.26975194337,4.05298600008,2.04113520337,3.99028869322,1.32800462959,4.33348288367,4.62154907947,2.93008288081,3.50873916423
1,3.994990973451218,3.93458490019,4.69587385517,2.95444217847,4.68287342547,3.6325005513,4.46680877972,3.22698289017,2.74847204292,2.12579258032,4.63044928257,1.38199055802,3.41937040499,3.04751317946,3.744414606,1.03858434842,4.41701542261,4.53807015824,4.97146682751,1.82586591148,4.85130214633,1.37418370464,1.3353643405,3.83274478159,3.37146146688,4.71759957567,3.66488625657,1.04097781291,2.91294007232,2.1892061333,2.20466948166,3.7354271165,2.70707528358,2.09644800148,4.57003327115,1.71767443154,4.20659049164,2.62868048986,3.51175004074,4.1887325204,4.56397753979,1.42920067937,4.34012608521,4.8576972111,3.31025623699,4.70098485802,4.13834829787,4.19323702951,4.57400458739,4.66408556175,2.05372012849,1.30505840396,1.41282393641,2.87135788097,1.42459456717,4.68550461069
1,2.91582505718331,3.49816175686,1.15025314917,3.08191926913,3.88159233558,3.77231800413,4.97205437214,4.28774469711,4.99661026988,4.58815618604,1.72084197826,1.97727724409,3.35158599993,3.97794129455,3.84717193535,2.72574107097,2.21103933318,2.86876337982,4.30572754932,3.38783141264,3.66437359591,3.78958276042,2.10050277792,3.3428731714,3.19293030193,2.84366906825,2.09993496755,1.63586253021,4.88799678889,1.74459551877,1.39461778331,1.5390229843,3.96373244367,2.40572485945,1.67290335694,1.04344639092,4.19090101509,4.98400181743,1.41403808237,1.41753434388,4.77456932001,2.14254825315,1.58933991391,4.16430894688,2.311926312,2.11363272828,2.36659714352,4.28904088761,4.18147841765,4.2250879013,2.69999957693,3.39711973007,3.45584406454,3.79062887982,4.32578824357,3.75952679997
1,0.21943954439679342,1.29726849458,4.44469992726,4.91700520839,4.0388624312,1.30576724427,1.95354335355,1.65328129221,2.58147424649,4.09070627188,2.45827209472,4.27267887571,4.31654560341,4.01577070443,2.36958647224,2.81127147031,2.1925561279,2.35934111077,4.31807005459,1.6065605882,1.67974757936,4.09852573612,2.35700822639,3.6095910381,1.48173844821,3.55824807032,1.24705142738,4.65803026396,4.68669390821,1.93803676038,1.4007676928,2.67816964767,4.39799925645,1.42323463703,1.60248550048,1.26078497799,2.98121446986,2.45737286512,4.02086529721,2.85994589816,1.83452986287,4.14638908705,4.20112127515,2.58464243979,1.0284593562,2.82665886944,1.97339948941,4.08646668463,2.57529148409,3.12071304556,2.55299150133,1.49200074957,3.05411498417,2.31342331012,1.05756390437,4.84995814522
1,1.0101873168376025,3.51570904857,4.52341996137,3.73377926797,3.77443096162,1.15564072834,3.34767232644,2.15944502914,3.64361569122,4.36373002912,2.15026882836,3.21525178719,3.97301611525,3.1070636716,4.56239485359,4.90126724694,2.26521167627,3.1874002008,3.04457857842,1.68329512543,3.61778736077,1.24153700373,4.60738582593,4.44256344413,4.54600218566,3.12856649389,1.84958234327,4.06804473381,2.00238562609,2.237491749,4.63781768732,2.85900851062,2.69770038418,2.11005979202,3.96268370832,1.92442015853,3.51718577583,2.28361533616,4.81072524958,3.94608502942,1.32028254065,1.58973466287,1.88048537917,1.9242592415,4.61262107019,1.33624130296,1.11938994827,1.86429779924,3.53794060037,1.34090642561,1.08078287703,4.38421334079,3.21572339902,3.34151312924,1.11399108233,1.51797157044
1,3.2073811943233577,1.21183698734,1.30432644416,4.95618924694,2.01855554565,3.79777446463,2.56830169502,4.93168092874,4.80345896477,2.75731820096,2.34434090434,1.64775137232,2.53326976502,2.62329630299,3.69781263277,1.38304404818,2.79814452034,4.88412259814,3.52209580932,2.7358465619,4.6958506112,1.86645826361,4.32731492037,2.80546862945,4.52240873756,1.91953561985,2.04555264151,2.35171363729,4.97428224359,2.59062816215,2.22916741908,1.44964219184,2.13531736455,3.36749828953,3.36331105078,3.47385181406,1.42830259255,4.00379871822,2.75670701623,1.68082124473,2.81051695279,3.28665643621,1.30955025862,4.55100885218,1.56635230871,1.67823099095,1.65544709441,1.3426553616,2.81022760174,1.55731520194,3.63547661263,2.93581460672,3.02191325484,2.00051687741,4.93996303846,2.99004243756
1,1.964007297917527,3.80983813581,2.35132390046,4.84364688968,1.97715385662,4.38791329045,3.71538847181,3.67593010669,1.04976396908,1.35723397057,4.92272039858,2.2603733464,2.59966933853,1.85711234597,2.42076256079,4.35203763497,1.5353689886,1.50602864918,3.29583907466,4.93509986541,1.27239731685,2.77067534953,2.77860048392,3.48630452626,2.04516387446,1.24252799122,3.53872854358,1.30687368476,3.53941077112,1.26808352883,4.57831253506,2.88478809405,4.17432949975,3.08625733895,3.56703362753,3.89615652432,4.0150179249,3.308511634,1.0887847852,1.43388916974,3.04010024909,3.23662034956,2.42318451994,3.44122511161,4.42437941085,4.17477855756,3.80013877941,4.29996613361,1.4951630111,1.23630313718,4.45888820872,3.01901540496,3.13601580555,1.01694519012,4.2532313482,3.68318084563
1,5.658672509752409,4.02936000142,3.50071667466,4.70326016201,2.89287585676,1.09198430305,4.32651304345,1.47574365853,2.49307322408,2.33469230328,4.85200278997,2.34921730557,4.27777374025,2.2910533665,2.86346262565,1.29254717805,3.54626338963,1.7678919095,2.85121907065,3.92279086637,1.22220953127,3.67609781223,2.70341375247,1.9728640275,1.77067701106,3.5334397414,1.93079811579,3.87600298787,1.56999030897,1.27205878679,4.99447919083,4.83493474202,3.50314827466,3.24649154966,1.27820877771,4.57837469047,3.93558524802,1.06763583891,3.2051320287,2.71780462644,2.36723436806,2.89402123425,3.44965742868,3.59283441339,2.28230983116,3.40840787004,2.80359577094,2.97668676278,4.46165876435,4.63178196104,1.39841137041,3.54148764247,2.62171831879,3.42729356429,3.93777989,2.1424923054
1,1.1216845546249241,2.21098426102,4.79070724408,4.65980665809,1.24411752276,2.9991362148,4.82217104727,1.24939854068,3.86543188326,4.88759948141,3.47545611246,3.86869141737,1.34467362818,2.57491735783,1.41558864151,2.99862294009,2.83606137787,1.39906483862,3.1856288677,3.66909911832,3.42548718494,2.94539488047,2.26698940721,3.00204881632,4.6136073246,3.24026257795,4.99200701028,1.8476319026,4.24893029322,1.06376544307,3.21210310701,1.91830154355,4.50408788226,4.26569778167,3.67515155448,2.74931602845,2.73842821359,3.75418240133,2.75452968466,2.67564248908,4.71818758048,4.89322059798,1.51183177035,4.9630079792,2.23257354683,1.0177021692,4.57932561305,4.4969973933,4.71265724162,3.07819150594,4.5557651657,4.3714196658,3.10768635735,3.69599072026,3.20233522579,3.84221072937
1,2.0554459276645156,4.26244996113,1.01877705604,1.91686349071,4.98333963345,1.24098426647,3.15997311388,3.76905990722,4.91526434327,3.41218106071,2.62569263322,3.41178338322,1.3348986754,3.50230521343,1.43367377564,4.8587345365,3.2199541823,1.83160929577,2.19671104824,4.39693180769,4.2949870113,2.57376490772,3.05027157075,2.02177680769,3.15735200199,3.67238169437,1.45628367353,4.93475904323,3.64194486092,3.96124349297,2.79396867401,3.87496903876,4.12418534572,2.3894053612,4.83461207398,3.32098451722,4.93285227435,1.98403163274,3.04153936768,3.22944262477,3.94587768283,1.11124407469,2.00757838817,1.20694509909,2.59750432357,2.93447588758,3.77815266852,1.38811236448,1.21687113679,2.48252529638,2.04566372926,2.02334767605,1.96428628914,3.8557058717,4.41711629944,3.62401029452
1,4.315751687215149,3.6754115089,3.8768100309,4.42785361384,2.55609984611,4.3107768527,2.52352067374,1.43020132038,4.1019154876,2.69906365834,2.09908107473,2.28267476308,4.70300507912,4.18277160012,1.9179709147,3.01832032967,3.40391506767,3.60905538957,4.80388332909,2.85538494518,2.66046336901,1.02472694399,3.66041507869,2.22219234773,4.95544672084,4.50569823035,4.30952066964,4.33336280681,4.14578459426,4.45076391827,2.88441695222,3.82930194096,4.6923454325,1.77360858629,3.631448233,3.17523219824,1.63893433393,1.64243238406,4.48733564146,4.98484598834,4.30962771098,1.21962739286,1.53807326007,3.19523237564,4.88121200305,2.2517517298,2.32687846996,1.95363293042,3.12696836369,2.15208444116,2.51960393209,4.6415887701,1.42571672373,3.51633494233,2.93805367874,3.10937171788
1,4.317136702074838,3.51488813423,4.65432400077,3.04349268308,2.61632134676,1.23607229798,1.31364506659,4.14052028955,2.47580665372,4.06905177926,1.06988191222,4.45826899391,1.86872690687,1.457088596,2.92467383922,4.64813280569,4.9782164099,1.94299931996,2.73671537701,2.0072990786,1.77377141821,4.54732510499,2.44066403911,2.04173933407,4.63645989218,2.32327960738,3.85121961795,2.85586371242,2.47759059772,3.10906599179,1.55548431411,1.03290824508,4.89019430204,1.69303451946,3.11936582509,1.78862952936,3.99618696374,1.6059499341,3.63791624824,2.60569230856,2.57917779878,4.08168023488,2.01711505799,1.2505249072,4.6204475506,3.13914352904,3.43905718857,4.23146486322,3.23143718605,1.13029817299,1.28009470545,2.61075625409,3.97142658574,3.82013470256,2.59175635633,4.4517961835
1,3.8988149504457663,4.1550618252,4.93806389003,3.88694676785,4.99930282435,3.46628862275,2.07583384647,4.85407159524,3.99791930831,2.90456931393,2.57517312343,3.63566599685,2.22713265512,2.2678776568,3.24405717829,2.62563346427,1.76408924648,1.31281482504,2.1052241475,2.09687459334,4.09864517459,2.76697537628,3.86016574492,4.42160879479,2.49014592899,2.26547984866,1.94850524562,2.08415911736,1.07562721654,4.92050711548,4.5446603496,4.03385183724,4.64486052243,1.2218418757,4.05399491736,3.97509383407,1.81964173929,2.08329406126,3.67194359195,1.24240380684,3.9308959549,1.09226180259,4.09530476303,3.58921498485,2.31136880443,4.43748003798,2.02529121514,2.66865338865,2.2217521792,3.40638235374,2.72600370813,1.90507342402,2.7546030996,4.52212361329,1.38035326199,3.08050986075
1,0.7710711458844947,1.51945784481,4.96141348872,2.2030930829,1.74003156898,2.15766801972,3.4351874011,2.475470983,3.54755051809,1.67444353357,2.33914207071,3.51636042099,3.70183230344,4.76096151822,1.03471261551,3.84909257329,2.78033235991,4.95681174219,3.08373067071,4.20325938337,2.88511949091,1.831818495,1.81858855132,3.73185440931,4.34617753845,4.64945435485,3.81656387247,3.36471676465,3.10585115364,1.18664557458,4.354056722,4.23173644607,2.61064299835,1.77557741218,2.3461065411,1.38591815472,4.69778562651,4.62960955061,2.75009124379,1.4124525302,3.13271678876,3.94210356431,4.04741127811,2.34271161493,3.42391450809,2.42284077122,4.29057574278,2.28374735986,4.69427417238,3.19039033175,1.05476064154,2.77966059755,3.95931219167,3.95706222352,2.31416112221,3.40944472489
1,0.22232090253147585,4.51732802105,3.10550688326,2.22265037412,2.98528828261,3.43310715743,3.30757551215,2.03661022585,4.78687197918,2.94142026267,4.60712017549,2.78594696607,1.78330407892,1.71491781401,1.11542124556,4.132147043,2.12506181708,1.11643535821,2.87899651183,2.39019607503,4.88976171726,2.66958684329,4.92592034861,1.11214730635,2.33455045035,3.27451027829,1.62972428154,3.9580534355,4.81559437289,1.90356167524,4.25636462565,1.93730926519,1.85308276679,1.67215772021,3.73703119729,3.60995526449,4.43238275783,4.925985235,4.2885350104,4.75162820985,2.77153993369,1.86232775786,2.37016137692,4.14084764762,2.89472816555,1.99370881687,3.97881728676,1.13880342598,4.05468242372,3.87863405692,3.16617932513,2.60717955055,4.50323850657,4.12402215,4.07804825867,4.58622493728
1,2.3337845456320325,2.00551886879,4.69958448747,4.28993788097,1.56378485488,2.27691582037,3.66690539836,3.97220128936,1.74372693371,3.51220051751,3.94785714432,1.58334441238,3.07263898595,2.05828408712,4.4357248032,2.96683029506,3.71734426149,3.81823224052,1.34442540114,2.28265437522,3.94051664376,2.43761256124,4.60598329911,2.76669322982,1.93093477902,4.09113713548,1.21419073859,4.49419818347,2.06279768193,3.21092181405,2.02137761796,3.86068187998,2.8985486271,3.24016518421,4.82024970884,1.21404421787,2.09489048977,3.16738274989,2.09603134136,4.16910895083,2.86743970602,4.01722017551,2.02391656901,1.34938753803,3.15989183721,1.94793245902,4.9167359635,2.29857098304,1.14377636914,1.12313849604,1.2052147856,2.85429250764,2.89881210733,1.88665389624,4.78513850804,2.2267753291
1,5.066617055066544,4.00118845987,4.86416614616,2.45241810336,1.15316646706,3.41236330909,4.11545792966,3.61166279915,1.8192994099,4.37311914711,1.64800842546,3.57091836455,3.30046902745,3.7196542356,2.27328604042,4.90607090053,1.79609601596,3.9659947923,2.35802831451,4.41994022149,1.10589288521,1.82412812279,1.90115483246,3.91292915846,2.64310226949,3.51236388106,3.92750727662,3.8687163669,4.2633643958,4.68290281238,4.00285219111,1.70901461305,3.5252339043,3.93214278178,2.94227441394,3.8012662295,1.76087635108,1.43741816872,3.86896573739,3.99233142358,4.92262592045,4.2203834186,3.75192619849,3.33897408666,4.60649361204,4.78710964447,4.57225722586,1.98301013122,1.19275095897,4.16753641375,3.65598028725,1.58271276987,4.86386287672,1.95697529189,3.08899729891,2.0994814385
1,6.406634769774701,3.26138823877,2.18852797175,1.78585691827,1.16686117548,4.93511860581,4.74841235267,2.56792521932,3.51727048065,1.05510680542,4.822630245,4.52683653292,1.39540149833,2.01601378282,1.3574410823,3.35019697692,4.69348907606,4.13663205285,4.26130276517,4.76685731157,2.85684053909,2.95619083289,4.36796365503,4.10775810675,2.68372256578,4.11698787513,4.78665933818,3.85040877432,3.3770703926,2.76717080094,1.94194828945,1.98734462586,1.00436886965,2.9727165425,4.11245324606,3.53661312997,4.74674799761,2.65111412538,3.04828833208,4.93983023505,3.43087548732,1.30437666107,1.70224511221,3.6945985376,1.21864337371,4.90524298259,4.02429723526,3.39893473575,3.73424393728,2.0970184372,1.2037468464,2.76785585844,2.59017485371,3.42544182804,3.8088459771,3.32507729209
1,5.6984899448038755,3.33872506609,1.87923444928,3.4448407963,2.42533353549,4.86413855549,4.80163659419,3.80133385835,4.42169245406,1.84231178283,4.28994964887,1.04499264471,3.96797323075,2.90458495783,1.30733327865,2.44356189826,2.32528088495,2.08324309832,4.77972654141,4.41645178685,4.63014171927,4.54376858799,3.92567309005,1.4316610246,3.88703444086,2.77188428195,2.76833253961,4.15450247396,2.98859510096,3.20931054665,1.33720733278,3.67734690868,4.77907885281,1.08839158235,4.3099296199,2.29104078299,1.33408424101,3.15025641851,1.02953832934,2.84445377614,3.34050107937,4.95705426175,2.42228093458,4.78327955991,4.78710048477,3.07283116824,4.98478183169,4.11238554431,4.96265563652,1.9191365931,4.89498170926,4.96750130137,1.64220657073,1.03873186421,3.09825601154,1.76185306004
1,1.0088089125375508,3.61671860288,3.72154454517,3.60247406729,1.54841434762,4.51116502202,3.38413722755,4.81083727681,3.27673306096,1.20972822596,3.11337498883,3.34289316773,3.85225212288,1.24807551415,1.06243717531,1.65200308833,1.41898738364,4.69038092918,1.36253002523,3.68787246405,3.39363327883,4.4227298023,2.49198838473,4.60367651132,2.14494605937,3.84547279159,3.80885267045,2.6762893162,4.5780047672,1.3977957382,4.04265234629,3.72709028588,2.77020010368,3.95763384325,3.65074993833,3.36179206822,4.18252183155,2.22196841482,3.40032856208,3.99735874908,2.71147739142,3.72768514772,3.96893761585,4.1057727101,3.42847533947,3.70944731982,3.31838157374,4.36449921453,2.14112082413,4.81546464046,4.20230489112,2.59163620682,4.98324203115,1.46911973453,4.69989847977,2.84947454837
1,3.9887756148006757,3.98001915231,2.2259724826,3.65494370582,3.89830891522,3.36636103123,2.03949954293,1.69006911852,1.48528624401,1.38437886574,1.81166358369,2.75124101791,4.25532821113,2.67468402493,4.99893051074,4.99895648506,3.71864338374,1.18933220387,4.85758518953,3.48973804774,3.70364656955,2.48194409711,1.73331980585,4.60095861053,2.74175747577,4.407110355,4.51598492126,4.25900637042,3.34548967799,2.4503141205,4.5011828366,3.42598844459,1.31359143879,1.19462253009,4.96023532005,4.81949652836,1.33024702672,2.37944671217,4.86819976273,4.85969407005,4.13506639237,3.125199984,2.93634911111,3.95472599059,2.30337312873,2.5241736871,3.70338508092,1.6022940194,1.59608520003,1.7481305909,1.79784108136,1.97983054068,3.85409324409,2.86509480221,3.66469813907,2.38612146219
1,4.312058817205461,4.63128747721,2.3764835682,1.88629370597,1.45366284074,3.64822751288,1.37455511073,2.7554869231,1.18002246392,1.72261289532,3.36610883973,2.69496268033,2.3191118371,4.68381636479,1.86836125251,4.04077408152,1.99964446632,4.24575302082,1.59425763164,2.73557618058,3.49313846882,4.16313394058,1.01813679635,2.52366401003,1.37906788297,3.17842767593,1.14149184086,3.0137823411,2.16930240853,2.16967284183,3.66502285896,1.2015762869,4.05874797582,2.59028837938,4.8294754877,3.26682245416,4.01483343019,3.31058667265,1.00575499028,1.50136923863,4.2523477345,2.33019983666,3.1306335001,1.35948978099,2.30191930837,2.99493846096,1.24227538299,2.16710926616,1.13634962035,2.63873223101,1.17690016542,2.53173509855,1.21501004289,1.4407810035,2.35990523525,1.26102978758
1,3.3549631718439117,4.87074763176,1.32909078929,3.41733344989,1.57631475733,4.06727525459,1.66855405835,4.45764410742,3.04118418384,4.51536453991,4.55033210169,3.84206605037,4.14069273478,2.95500740776,1.90234816102,1.74412188895,1.05401570468,2.13897468792,1.89913740834,1.937204838,2.00891588541,2.05696691451,4.52356325863,4.43354611836,2.95537349901,2.90310624334,2.6018244022,1.37456689425,2.72323371661,1.14016602807,3.97772143307,3.17525150765,4.10161669253,4.57500364907,2.34040596405,2.58794629824,1.62012914731,1.64207289904,1.37284676886,4.79178216223,2.75046260268,4.33852478317,2.55031985285,2.1488594636,2.35340618533,2.99740946429,2.17139565128,3.28664419835,2.34655852985,2.81951700436,3.20347974667,4.5137198632,2.25324680478,1.31322450489,2.43429078199,4.49220644203
1,2.2450235224489465,4.2520909287,1.95622437138,2.38313405181,3.1255278345,1.31292352232,1.40695278021,1.32293857685,3.65188516898,4.8717706079,2.28840533261,2.94776447914,2.79819877745,3.67468964582,2.90095599099,2.24178055471,1.47141649803,1.16895707667,4.79958213148,3.58028290974,2.72744320643,2.83830369748,4.83055820545,2.15642230499,3.69938794911,1.76201512466,4.03308719178,1.81246537637,4.66585099558,4.39794437559,4.88056852921,1.29621120811,1.63056941985,4.43237408447,3.34085199815,4.56567892019,2.35051277948,4.99004016991,1.79910337992,4.42155222536,4.37607405656,4.85783517269,2.55376763832,2.66148597899,1.64617085939,1.6806283132,1.73171583643,2.42199196896,2.92298646869,1.04869703734,2.03503125185,1.41062834329,1.44642727789,4.11497469324,4.50008569727,4.40591070764
1,4.090926744813703,1.22309906537,3.75542621001,4.24449198762,2.53090694333,2.54280787556,3.54235717619,3.63290468057,1.05397588305,4.01832170872,2.17279008879,2.0778619212,3.47843670242,3.02037179715,2.5615542064,2.1246655798,4.17940184444,3.31648209889,1.06936891719,3.06370246482,2.52698178573,3.00927955257,3.6908720016,1.54506271869,4.09900366177,3.93563716564,2.70039045332,3.91543528261,3.04588614559,4.45463685246,1.35820679307,1.70800195598,3.66512000792,2.31964936585,2.51671324209,1.64353052862,3.40310526626,1.47078017541,2.03344285487,2.96335062195,1.69975634375,2.54558987443,4.85023000723,4.59246909732,4.2153729218,1.87322119982,4.91089442132,1.74653718276,4.39287897226,3.44132765728,3.04194530774,4.94667805331,2.14978379582,1.25328041171,2.23291372272,2.14267657803
1,6.39057371823085,4.52525552613,2.52050860114,3.6812812789,3.56039135067,2.199037938,1.02740001908,1.51905855295,2.86136927606,1.36674343912,4.50897714225,1.82370969144,4.86926589239,3.5624818489,2.23456105927,1.75519741244,4.51285579352,1.85494391251,3.09677740931,3.02297443904,1.41170673287,2.80244985126,4.85135594488,3.37596717541,3.9257476425,2.24314855286,3.05162864678,2.44259028883,4.13369424528,2.51482861669,4.72382370031,2.54801808408,1.66972573521,1.11207398094,3.56885589188,4.35328476765,1.67031997425,1.70208512902,3.22232013062,4.44731693921,2.32353344995,4.19600373311,1.7691439788,4.87564677362,1.71575592284,2.45745526006,4.81297943883,2.41599307501,2.51417230954,4.93010164911,4.767748632,4.44113284756,3.56090139621,2.28248288763,3.62169628336,4.90762293107
1,0.9181923932014717,3.74118892112,4.46421137943,3.26055094271,1.33978463232,2.88828086153,4.87954311672,2.4392826165,3.11275258249,4.78210902193,3.0197664606,2.17600609512,3.84977395051,2.40239459676,1.04261291067,1.35409667426,2.51026061377,3.58526406175,3.02575825496,4.3061546204,2.7731114541,2.40352576422,3.20541908611,3.35049914989,1.35276434258,2.05527045148,2.12010053185,3.5435978506,1.27259504176,4.09913057557,3.30985802158,2.49226067147,1.86570330381,1.59134519822,4.36546110549,4.95013700695,2.37392363314,1.60056672423,2.99918117122,1.55554777516,3.79805521611,1.07432955082,4.65925676408,1.7745549422,3.1594573501,2.87802085835,2.66701068342,2.1460545147,1.80937209596,4.97821656003,1.59249838864,4.03569927622,1.97846798554,1.67161246407,4.93201184692,4.29157249023
1,6.828271181721884,2.35736384899,1.85155869653,3.8195804966,2.77253418818,3.72367201738,2.45848202858,1.16468810701,2.42988259474,4.78007772756,4.02595282994,4.39383955256,4.31532233407,3.76117467074,4.63232924488,3.62532766618,2.23255407952,1.70102383834,2.20832759344,3.79829737162,2.05304767382,1.1265421691,1.76099152479,3.09761996686,3.37565195106,3.29732306095,1.64902355917,3.09685408036,3.23505909877,3.42965814683,3.28663571217,1.45304818489,3.52139923614,3.76904486744,2.46713930772,2.8675158806,1.97691598171,1.54256000144,3.59368707823,2.66503485782,3.71916838617,1.05555480486,4.68346310509,1.89333992393,1.51898585139,3.71410830414,4.80991117537,3.04180903733,3.03724978866,2.90479897083,2.10096836817,3.37967951044,3.8927629227,4.37669269429,2.96549380214,1.37952488612
1,2.31981157573936,1.88164571648,2.39469221798,4.27428583526,3.96317081106,4.69514084722,3.86832232816,2.02014490162,1.38455730998,2.68424723808,4.25265780636,2.91169201635,1.15218539921,1.68617218227,3.44240621041,1.8656643462,4.90764374489,3.16377174736,2.94013999004,3.15703874866,1.46208762017,1.29155743204,1.82468437369,3.82786021462,4.66926771413,1.50586135206,1.27053933224,1.1826717272,4.36687766557,1.39040778471,2.63560572622,3.12555372302,4.91529048545,1.97616113366,1.27781958706,2.66938132977,2.63756371156,2.33359705603,3.28153948929,4.78584646253,4.15857902803,2.32143865482,3.94770297364,3.28052488825,3.58313739807,3.76923042508,2.79939676364,1.22445613952,1.33544826461,4.85631172263,4.67713276135,4.12589550885,1.29714999844,4.17560548691,1.78453641285,1.71092752876
1,4.752452816474495,2.19229847004,1.57068097953,1.35847891777,4.5286648071,4.24398872682,1.53772645401,4.3579573747,1.78691993815,1.21715896433,2.54034099879,3.73593076114,4.78745624933,4.92727209348,1.18304298784,1.65605599061,1.66352905696,3.70070778265,2.02256661853,2.3305360663,4.60290605998,2.94432525642,1.23334055365,3.51583695349,2.34487547199,1.94513388864,3.45011681418,2.6839804087,1.9975059809,1.083837438,4.01626777894,3.43494085369,3.66264883938,1.12414743071,2.92044749897,1.25166438597,3.63170928119,3.07542213196,3.45689560721,1.06852366794,4.47421762797,1.22640768021,3.31286194151,4.35098126658,2.94943796881,4.26706368233,2.26600421924,1.37306480022,1.06054878449,1.00415546897,4.29311242841,3.91617844731,1.20032236221,4.67854076237,1.92642848314,1.75689069738
1,4.471236442291871,4.53594686882,2.83662824216,4.69877823532,3.73499800431,3.90936133104,3.40755549912,4.36468526924,1.32428753373,2.04602165004,2.22904060855,1.82912616428,4.96618783958,2.78734383499,2.37245544242,4.77074918287,1.38766134417,4.95626104706,2.98580356781,3.43424201489,3.84240026629,1.51685473098,4.68354459046,3.32709664436,1.89744189096,2.3697993203,3.4708739215,4.6259155102,4.69217544975,4.70378031127,1.52975376272,4.66862937521,4.57827132188,2.30644479914,2.3163028803,3.05705718711,3.09839495878,3.2280551883,4.6967175743,4.14434186055,1.79304689222,4.17175677189,1.13846846691,2.2147423824,3.06041305876,4.99725713179,1.5212298202,3.15980864928,2.76659777084,4.74780929116,2.11115057781,1.09249430495,4.94599923578,3.50142768451,1.57405538349,3.58472379685
1,3.419481849237657,1.41020213354,3.70207827092,1.27455086885,2.6650959429,3.53806816225,4.01794167009,4.50167256921,3.48728031029,4.38925312402,3.9476073816,1.07960156723,4.18956710653,4.37142336735,2.05589039158,1.96093158825,1.84618362005,2.87051400021,2.89070683217,2.7529948239,3.43305160269,2.68336572381,1.36750223198,4.10545164398,1.16542319353,4.18149839191,1.38315121106,3.91188162545,3.30684541402,1.62657583012,2.33836756501,2.67534954637,4.78267242764,2.79140825915,1.40188490753,2.96956890428,4.7934271659,4.67636189332,2.21429512571,3.46872478438,2.73135748164,4.03972332906,4.93631316747,3.7159124759,1.31288137484,4.44608531802,1.81688515456,3.83482654944,1.70347379173,2.62907169863,4.83926087802,1.84929673696,4.03117618941,4.96524589201,4.0338455112,2.89015703237
1,2.086082335367506,4.26023718976,3.4092831298,2.15184667944,4.65121390545,2.64135617837,4.54247337127,1.46412836567,2.6349198974,2.82903123413,1.68353478107,4.86136143683,3.71289559544,4.75015361445,4.43782756757,1.00754850737,2.88144042201,4.12663290833,2.58700943994,4.41133009704,1.58944123552,4.05309774527,3.40635158265,4.43674006066,1.11261994307,3.5150159292,2.97207908437,2.24002964118,3.37552525908,2.13884749528,3.58678325307,3.45862495285,2.67975651868,4.6595908871,3.06176302796,1.61905174184,4.71986508247,3.60146131236,3.52016011106,4.61083777361,4.64781331971,3.77228158561,4.342548707,3.08829192573,4.59928783502,3.8350689987,4.50445186127,1.92832191342,3.13800220607,2.67265654625,4.28826300068,3.58446557076,3.0312054416,1.37844134001,2.7339351026,1.26629910251
1,2.6769502871845043,3.27143045813,1.60311914123,3.6270650468,2.28611019863,3.28948553194,2.21441462476,3.52231700213,4.08819377384,4.10997281355,4.08877558123,4.18248798513,3.62902155775,1.02348816276,1.76271959311,4.99727040013,1.84140783231,2.30478334227,1.31900834987,3.68889455131,2.78295016161,3.87725989112,2.29669345941,4.1653610898,2.15131993341,3.76605720065,3.00251723642,2.78345660923,1.92866832874,1.04755110529,1.42315002676,4.04557248762,2.73495283694,2.22782326427,1.49349506037,4.10341053864,1.39203963941,4.83529143134,2.45419058962,3.88956192465,3.53488546058,2.62771611508,1.071650195,2.3394851203,2.1241457779,3.95678294367,3.92308326998,3.35403584002,1.66770418113,3.7014416927,2.82020426692,2.70762526969,4.07230198437,4.10886889651,2.42757462614,3.53615680495
1,3.6068150378187265,3.65503917236,1.31564588051,2.28899640315,4.42035627148,2.69312327832,2.39209972803,3.24901211076,3.53177619628,2.73608217092,2.81857219401,2.07698014864,2.66895761483,3.90077354299,1.85539996705,1.5653254326,1.04892784812,3.09262019608,3.06496831305,2.36236794178,2.01035435233,2.73856134752,2.73517937367,3.18614521687,3.25515138247,4.79452503186,4.35495528975,4.8560224185,1.48742270329,2.91747145419,3.0383662262,4.39513946056,1.56096558847,3.46862377428,3.79025428352,1.98978154193,4.94926396666,1.79982303121,2.37850028331,2.63100655861,3.05133412322,3.89222773699,2.13267916977,1.22427257949,1.19785609846,4.53117331774,4.7886168397,1.86240155219,2.82001089326,2.59475812562,1.29458184648,2.21273836183,3.98979459169,2.27102997667,1.07522174917,3.00989216536
1,1.3889048981543974,4.25401986893,1.28773662734,2.6972491666,1.44924009529,3.15320694978,4.32035252272,3.56878268951,1.23486427489,3.9084022176,1.17705317329,2.54871908864,3.88584807105,3.53942197271,4.1944150974,3.37224055841,2.82568196546,4.95818442375,2.93413039192,3.24567771489,4.08722627563,4.62741391857,2.39667322751,4.63562901812,4.76998535332,1.32296321394,2.18496394626,4.42366343046,1.84866754467,4.14888555443,3.91270810822,3.85282220967,4.51146847713,2.08562540369,1.39433959611,3.26041949414,2.40635310848,4.51948264115,1.86749379464,2.90422803444,2.46248355496,4.83718847906,1.37028206887,2.0915392853,1.10184622708,3.06347854,1.22101145174,3.48022941495,1.19278813462,1.00663781746,4.77003843415,3.65000227849,3.70956082456,1.68815207624,4.40303255479,2.46121729448
1,3.7531409233738526,2.28918801278,1.02836582269,1.95167369965,4.91735113813,2.03312963965,1.8738164029,2.51887933932,4.55334630102,2.64509992858,1.55254217189,3.77055351327,2.5909785827,4.50510726279,4.39880121195,1.01882625218,2.77728177687,1.3555164373,2.43560244021,2.41117038739,2.34541304579,3.86535008826,1.73376600617,4.59918619371,4.46809913786,4.95604708706,2.74541811557,3.97102030551,1.18413648661,1.47930113427,4.12665250143,2.71007159178,1.39308389851,4.76840953544,1.30454163465,1.42875109401,3.66725474947,1.96430170233,3.32107400831,4.23894712488,3.85871393091,4.6966654074,1.27343155016,3.13884136609,1.04647847658,1.66686363598,1.86000914074,4.59275531491,4.55015829345,1.44708324053,2.22895666322,4.80808216587,1.96440252028,2.95587475914,4.81408966153,2.05347293056
1,0.40409549515203813,4.38932829081,3.7038864883,1.85470467832,3.27909363007,1.6431917146,3.70603640421,3.13742328621,1.16235247741,4.42643425165,3.54812755483,1.28237192151,1.55680324062,3.27410998177,2.99810505024,2.86569396957,1.30457180644,1.95801742752,4.82422968361,2.99302259604,3.03396799806,3.44265436411,2.25985771016,4.70995979536,2.12950002094,1.079049901,1.70549829007,4.51352863542,3.90086842544,3.92263437531,1.44256345349,4.30194686395,3.19917831013,1.92906183909,3.34087298964,1.03798150215,1.65138500975,3.148798258,2.83973106501,2.71094036141,3.03325021354,2.5703712841,3.49779849273,2.09862689172,3.55174419063,1.01182616236,3.46663923594,4.23359670235,3.05676120548,4.96398039593,3.16310148457,1.16896338691,4.39892167884,2.21260698857,4.80447713317,4.43177050196
1,4.257180855936809,2.15539906281,2.05559921334,3.48665017457,3.47233745635,4.08674721576,2.87825281246,3.02651166048,3.95042943148,4.84647746441,1.38389888097,3.82475588395,3.06363224394,1.50906514793,2.9786358421,2.52441292986,3.67607604934,3.42309883647,1.05459343338,1.01366654648,3.20448664126,4.17231089884,2.60405446469,3.99884825628,3.33310878327,3.58340647739,1.56258167024,1.44489510188,4.98622710272,2.3304639467,1.0102869313,2.32707472364,2.64025296073,4.86158459402,1.23049669969,4.74786852778,1.24865571257,1.6043566385,3.72547663028,2.83204248923,2.00918471378,1.19411796323,1.40800665424,1.76856524792,2.34844416783,4.76312886284,1.47131347674,1.83523471114,2.28852281308,4.32895831299,4.48704684708,2.01637256326,2.93461575824,3.10190615203,4.98113371634,4.42532166689
1,0.8432947200754005,2.55597272184,3.87824593717,4.17300401677,3.22446157412,4.72104187313,1.20615927522,2.12705457772,4.43678020857,2.42857252091,4.90420668519,2.55770376366,1.07126237264,3.73626735205,2.13641663067,1.60614378151,3.43421990944,4.46358210068,4.50899846213,4.82252284461,4.90535228642,2.44009911303,1.24953329363,4.24196000631,4.39178664812,1.52682476098,4.25831065511,2.82549951806,4.17355448996,3.74955506868,4.55917457396,2.93361788974,3.97354292328,1.11367842549,1.10033811111,2.01925304338,2.34380119658,2.1573019857,3.3890992138,2.07677018645,4.17982962144,1.4723350933,3.19339322247,2.95242694636,2.70914333752,1.13277521343,3.73811199966,1.69829792887,2.40953209546,3.12013077521,1.2485522092,4.46156102927,1.93391940157,2.86281521383,3.76087117004,3.99467667455
1,6.914864141976626,1.82072519308,3.10523798456,4.01451592535,2.36503773943,1.63977064493,3.74375489238,1.5624354999,1.01577941382,4.23824055225,2.93138160682,3.43727192338,1.4984425569,1.13920819223,1.34170107032,3.13394176782,1.25972214205,4.44465585527,1.17678580355,2.05110171277,2.37411512933,2.5388252359,2.37192591057,1.56015713204,1.52483013401,1.93530877039,2.25153775135,3.92133066605,2.29484331838,1.39323062413,1.76543079887,4.60931548588,2.11494901208,1.41774493283,4.30094359226,1.06851383752,3.43101230682,2.55952328642,3.9346538885,2.5240982601,4.67501634836,1.33003701807,3.64590218956,3.87370563113,2.04069077741,1.11291384621,3.04161730967,4.56874061252,4.63650046034,3.83076682467,4.63283903478,1.84358734392,3.86366375403,2.75818009638,3.76006140594,4.38621088651
1,6.029501775860062,3.83871731646,3.77040401308,4.73195655319,3.59160661601,3.73330331874,2.12096493964,1.09474418707,3.50097671388,2.68080032264,4.89503583184,2.41693584065,1.61110486912,3.88295468177,1.56435235844,1.70790900054,1.47547513937,4.56925662658,1.0484957317,4.89008526765,4.96116490226,1.21309012689,2.67170185702,1.62578411902,4.69747145153,1.47742951443,4.99561706959,3.55670180896,4.69381808231,4.87828648862,1.05211116461,4.10859033213,2.71919572293,1.41192085731,3.98693073563,4.99831144074,2.29654197535,2.98321128532,4.12196500392,4.38606785962,1.95266379897,3.71859625192,4.42261483298,1.97176964881,4.80775046705,4.32508662064,3.44064321887,2.28421460858,2.44294484389,4.14609447571,1.48737592841,1.46154774499,1.79662913124,1.29636686187,2.30544014295,2.55141849379
