0.86,AFFX-HUMTFRR/M11507_M_at,AB000449_at,"[2.424808161758467, -2.072232377662925]"
0.85,AFFX-HUMRGE/M10098_3_at,AFFX-HUMTFRR/M11507_5_at,"[-0.48668262543149027, 3.0054490932221856]"
0.85,AFFX-HUMTFRR/M11507_5_at,AC002073_cds1_at,"[2.4166844567812245, 0.43196741790187776]"
0.85,AFFX-HUMTFRR/M11507_M_at,AB002559_at,"[2.1918697289368643, 1.6113835835028791]"
0.85,AFFX-HUMTFRR/M11507_M_at,AF006084_at,"[2.12070256434048, 1.7684189453543562]"
0.84,AFFX-HSAC07/X00351_5_at,AFFX-HUMTFRR/M11507_M_at,"[0.2321555336715232, 1.6755726970855278]"
0.84,AFFX-HSAC07/X00351_M_at,AFFX-HUMTFRR/M11507_M_at,"[0.20647503376636858, 1.6199839778064213]"
0.84,AFFX-HUMTFRR/M11507_5_at,AFFX-HUMTFRR/M11507_M_at,"[2.0927886726482314, 0.45800728923749645]"
0.84,AFFX-HUMTFRR/M11507_M_at,AF000231_at,"[1.7460690996989676, -0.7223320423188199]"
0.84,AFFX-HUMTFRR/M11507_M_at,AF009301_at,"[1.6123198479748433, -0.6725558566942256]"
0.84,AFFX-HUMTFRR/M11507_M_at,AJ000480_at,"[2.00328146558131, 2.025149114736122]"
0.83,AFFX-HUMISGF3A/M97935_MA_at,AFFX-HUMTFRR/M11507_5_at,"[0.34622904772114416, 2.3753843700741673]"
0.83,AFFX-HUMGAPDH/M33197_5_at,AFFX-HUMTFRR/M11507_M_at,"[0.22160608217965228, 1.6348175063070485]"
0.83,AFFX-HUMTFRR/M11507_5_at,AFFX-M27830_5_at,"[2.7722605087924723, -0.33117276988233685]"
0.83,AFFX-HUMTFRR/M11507_5_at,AF014958_at,"[2.582005616362587, 0.4440674286598806]"
0.83,AFFX-HUMTFRR/M11507_M_at,AF006041_at,"[1.4449756415504624, 0.46337069042209506]"
0.83,AFFX-HUMTFRR/M11507_3_at,AB000449_at,"[2.428285189265373, -1.5025456277945959]"
0.83,AFFX-HUMTFRR/M11507_3_at,AB000468_at,"[2.449327213799887, -0.7651849619841065]"
0.82,AFFX-HUMRGE/M10098_M_at,AFFX-HUMTFRR/M11507_5_at,"[-0.3606278979325706, 2.8744853591225024]"
0.82,AFFX-HUMGAPDH/M33197_M_at,AFFX-HUMTFRR/M11507_M_at,"[0.2172184970868738, 1.6172581384740692]"
0.82,AFFX-HSAC07/X00351_M_at,AFFX-HUMTFRR/M11507_5_at,"[-0.08311932657765594, 2.6382092671098194]"
0.82,AFFX-HUMTFRR/M11507_5_at,AFFX-M27830_M_at,"[2.6214191264258364, -0.20262296987948608]"
0.82,AFFX-HUMTFRR/M11507_5_at,AFFX-HSAC07/X00351_3_st,"[2.53008830548128, -0.31483259820710907]"
0.82,AFFX-HUMTFRR/M11507_5_at,AC002115_cds1_at,"[2.6112917102572957, -0.15789260852503997]"
0.82,AFFX-HUMTFRR/M11507_M_at,AF003743_at,"[1.356090859243384, -0.22708214590932813]"
0.82,AFFX-HUMTFRR/M11507_M_at,AF007875_at,"[1.3773440502807939, -0.7978069039708819]"
0.81,AFFX-HUMRGE/M10098_M_at,AFFX-HUMTFRR/M11507_M_at,"[-0.18774885996584612, 1.339697988538534]"
0.81,AFFX-HUMRGE/M10098_3_at,AFFX-HUMTFRR/M11507_M_at,"[-0.23341655679418685, 1.4179057507812751]"
0.81,AFFX-HUMGAPDH/M33197_5_at,AFFX-HUMTFRR/M11507_5_at,"[-0.08025534563790596, 2.62784473576387]"
0.81,AFFX-HSAC07/X00351_5_at,AFFX-HUMTFRR/M11507_5_at,"[-0.08932904237485485, 2.5821198816802755]"
0.81,AFFX-HUMTFRR/M11507_5_at,AFFX-HUMGAPDH/M33197_M_st,"[2.5957868958978345, 0.34612468184340583]"
0.81,AFFX-HUMTFRR/M11507_5_at,A28102_at,"[2.7071336017578758, 0.252104439370842]"
0.81,AFFX-HUMTFRR/M11507_5_at,AF008445_at,"[2.536617590122764, 0.2801107477383533]"
0.81,AFFX-HUMTFRR/M11507_5_at,AF015913_at,"[2.4981761606233452, -1.2346960718599975]"
0.81,AFFX-HUMTFRR/M11507_M_at,AF000562_at,"[1.4641885737153582, 0.5563970409223882]"
0.81,AFFX-HUMTFRR/M11507_M_at,AF006087_at,"[1.3926219436226135, 0.0]"
0.81,AFFX-HUMTFRR/M11507_M_at,AF010193_at,"[1.4165405903330246, -0.2698338609514039]"
0.81,AFFX-HUMTFRR/M11507_M_at,D00017_at,"[1.4149033309777246, 0.11269892405402568]"
0.81,AFFX-HUMTFRR/M11507_3_at,AF008937_at,"[2.3225238825729018, 1.9323278799631713]"
0.81,AFFX-HSAC07/X00351_3_st,AJ000480_at,"[-0.9854856433151746, 2.3249725029343957]"
0.81,AB000449_at,AC002073_cds1_at,"[-1.5988612965715547, 2.155488568543878]"
0.8,AFFX-HUMISGF3A/M97935_MB_at,AFFX-HUMTFRR/M11507_M_at,"[0.0, 1.3818971910494207]"
0.8,AFFX-HUMRGE/M10098_5_at,AFFX-HUMTFRR/M11507_5_at,"[-0.214276404702345, 2.81284371528919]"
0.8,AFFX-HUMRGE/M10098_5_at,AFFX-HUMTFRR/M11507_M_at,"[0.0, 1.374635665689747]"
0.8,AFFX-HUMRGE/M10098_3_at,AFFX-HUMTFRR/M11507_3_at,"[-0.3472984897541297, 2.5298235450706885]"
0.8,AFFX-HUMGAPDH/M33197_M_at,AFFX-HUMTFRR/M11507_5_at,"[-0.08155495380412905, 2.6725530705314355]"
0.8,AFFX-HSAC07/X00351_5_at,AJ000480_at,"[-0.817729519049709, 2.6863345203527014]"
0.8,AFFX-HUMTFRR/M11507_5_at,AFFX-HUMTFRR/M11507_3_at,"[1.370645130154374, 1.750826683332378]"
0.8,AFFX-HUMTFRR/M11507_5_at,AFFX-HUMGAPDH/M33197_3_st,"[2.7959974006893513, 0.0]"
0.8,AFFX-HUMTFRR/M11507_5_at,AB000115_at,"[2.7842313175499314, 0.0]"
0.8,AFFX-HUMTFRR/M11507_5_at,AB000464_at,"[2.767743255261922, -0.2660212195312693]"
0.8,AFFX-HUMTFRR/M11507_5_at,AB002318_at,"[2.790482863727863, 0.0]"
0.8,AFFX-HUMTFRR/M11507_5_at,AB002382_at,"[2.7959385048009278, 0.0]"
0.8,AFFX-HUMTFRR/M11507_5_at,AC000064_cds1_at,"[2.660061803495856, 0.5254818601586504]"
0.8,AFFX-HUMTFRR/M11507_5_at,AF000231_at,"[2.806955603849636, 0.0]"
0.8,AFFX-HUMTFRR/M11507_5_at,AF003743_at,"[2.7959974006893513, 0.0]"
0.8,AFFX-HUMTFRR/M11507_5_at,AF006041_at,"[2.8055443568585643, 0.08199709011160107]"
0.8,AFFX-HUMTFRR/M11507_5_at,AF015910_at,"[2.782351414127921, -0.17406850626890422]"
0.8,AFFX-HUMTFRR/M11507_5_at,AJ000480_at,"[2.6056685534851196, 1.5521046793881141]"
0.8,AFFX-HUMTFRR/M11507_5_at,D00632_at,"[2.6498199518364562, 0.26901880911977294]"
0.8,AFFX-HUMTFRR/M11507_M_at,AFFX-M27830_5_at,"[1.3917351448021964, -0.011214879676406594]"
0.8,AFFX-HUMTFRR/M11507_M_at,AFFX-M27830_M_at,"[1.386118504034999, 0.0]"
0.8,AFFX-HUMTFRR/M11507_M_at,AFFX-M27830_3_at,"[1.3824426930277907, 0.0]"
0.8,AFFX-HUMTFRR/M11507_M_at,AFFX-HSAC07/X00351_3_st,"[1.382958409672261, 0.0]"
0.8,AFFX-HUMTFRR/M11507_M_at,AFFX-HUMGAPDH/M33197_3_st,"[1.3913840610747228, 0.0]"
0.8,AFFX-HUMTFRR/M11507_M_at,AFFX-HSAC07/X00351_M_st,"[1.2999242119700873, 0.5270443990403242]"
0.8,AFFX-HUMTFRR/M11507_M_at,A28102_at,"[1.3849493687547676, 0.0]"
0.8,AFFX-HUMTFRR/M11507_M_at,AB000115_at,"[1.374675944310685, 0.0]"
0.8,AFFX-HUMTFRR/M11507_M_at,AB000464_at,"[1.3829922590785064, 0.0]"
0.8,AFFX-HUMTFRR/M11507_M_at,AB000584_at,"[1.363447912234195, 0.0]"
0.8,AFFX-HUMTFRR/M11507_M_at,AB001106_at,"[1.3828880618083137, 0.0]"
0.8,AFFX-HUMTFRR/M11507_M_at,AB001325_at,"[1.3792573035046098, 0.0]"
0.8,AFFX-HUMTFRR/M11507_M_at,AB002315_at,"[1.389185179479991, 0.0]"
0.8,AFFX-HUMTFRR/M11507_M_at,AB002382_at,"[1.3895938330682454, 0.0]"
0.8,AFFX-HUMTFRR/M11507_M_at,AB003177_at,"[1.3831947396649955, 0.0]"
0.8,AFFX-HUMTFRR/M11507_M_at,AC000064_cds1_at,"[1.2735670983058145, 0.8291935264239102]"
0.8,AFFX-HUMTFRR/M11507_M_at,AC002115_rna2_at,"[1.3821169783278278, 0.0]"
0.8,AFFX-HUMTFRR/M11507_M_at,AF000560_at,"[1.4171639254722004, 0.45526098839574475]"
0.8,AFFX-HUMTFRR/M11507_M_at,AF002224_at,"[1.3791236399118414, 0.11335866797740957]"
0.8,AFFX-HUMTFRR/M11507_M_at,AF008445_at,"[1.3823505165934449, 0.0]"
0.8,AFFX-HUMTFRR/M11507_M_at,AF014958_at,"[1.3809324556927516, 0.0]"
0.8,AFFX-HUMTFRR/M11507_M_at,AF015910_at,"[1.375864254521869, 0.0]"
0.8,AFFX-HUMTFRR/M11507_M_at,AJ001421_at,"[1.3866112386517113, 0.19702105654601265]"
0.8,AFFX-HUMTFRR/M11507_3_at,AFFX-HSAC07/X00351_M_st,"[2.429237761109916, 0.4999649299819227]"
0.8,AC002115_cds1_at,AJ000480_at,"[-1.2440473701482109, 2.2848083154939465]"
0.79,AFFX-HUMISGF3A/M97935_MA_at,AFFX-HUMTFRR/M11507_M_at,"[0.0, 1.3710920227562164]"
0.79,AFFX-HUMISGF3A/M97935_MB_at,AFFX-HUMTFRR/M11507_3_at,"[0.0, 2.4922468574924825]"
0.79,AFFX-HUMISGF3A/M97935_3_at,AFFX-HUMTFRR/M11507_5_at,"[0.0, 2.7749353022104555]"
0.79,AFFX-HUMISGF3A/M97935_3_at,AFFX-HUMTFRR/M11507_M_at,"[0.0, 1.3810405878638048]"
0.79,AFFX-HUMRGE/M10098_5_at,AFFX-HUMTFRR/M11507_3_at,"[-0.1273068850169409, 2.520378104926601]"
0.79,AFFX-HUMRGE/M10098_M_at,AFFX-HUMTFRR/M11507_3_at,"[-0.27943144533475556, 2.524943346632188]"
0.79,AFFX-HUMRGE/M10098_M_at,AJ000480_at,"[-0.2716289270449438, 2.267964397592186]"
0.79,AFFX-HUMGAPDH/M33197_5_at,AFFX-HUMTFRR/M11507_3_at,"[-0.09361206306880207, 2.3342958189350322]"
0.79,AFFX-HUMGAPDH/M33197_M_at,AFFX-HUMTFRR/M11507_3_at,"[-0.09635420931603907, 2.3773434214108033]"
0.79,AFFX-HSAC07/X00351_5_at,AFFX-HUMTFRR/M11507_3_at,"[-0.09454658379115091, 2.367626497004754]"
0.79,AFFX-HSAC07/X00351_M_at,AFFX-HUMTFRR/M11507_3_at,"[-0.08644378428709351, 2.393689794849138]"
0.79,AFFX-HUMTFRR/M11507_5_at,AFFX-M27830_3_at,"[2.794688972279585, 0.0]"
0.79,AFFX-HUMTFRR/M11507_5_at,AFFX-HSAC07/X00351_M_st,"[2.8013759004413283, 0.0]"
0.79,AFFX-HUMTFRR/M11507_5_at,AB000449_at,"[2.537280797611917, -0.894111665313287]"
0.79,AFFX-HUMTFRR/M11507_5_at,AB000584_at,"[2.6428716364461144, 0.16376673554862553]"
0.79,AFFX-HUMTFRR/M11507_5_at,AB001106_at,"[2.7872320008214184, 0.0]"
0.79,AFFX-HUMTFRR/M11507_5_at,AB001325_at,"[2.7764620372797175, -0.21188074849696395]"
0.79,AFFX-HUMTFRR/M11507_5_at,AB002559_at,"[2.8057982949115137, 0.0]"
0.79,AFFX-HUMTFRR/M11507_5_at,AB003177_at,"[2.790215556865331, 0.0]"
0.79,AFFX-HUMTFRR/M11507_5_at,AC000061_cds2_at,"[2.8051531455789367, 0.0]"
0.79,AFFX-HUMTFRR/M11507_5_at,AC002115_rna2_at,"[2.7929646638591183, 0.0]"
0.79,AFFX-HUMTFRR/M11507_5_at,AF000560_at,"[2.604923960123849, 0.41805040198641774]"
0.79,AFFX-HUMTFRR/M11507_5_at,AF000562_at,"[2.8044139603266447, 0.0]"
0.79,AFFX-HUMTFRR/M11507_5_at,AF002224_at,"[2.7959974006893513, 0.0]"
0.79,AFFX-HUMTFRR/M11507_5_at,AF002700_at,"[2.7701357916529927, 0.0]"
0.79,AFFX-HUMTFRR/M11507_5_at,AF006084_at,"[2.9807594376029827, 0.8335483311131484]"
0.79,AFFX-HUMTFRR/M11507_5_at,AF006087_at,"[2.794686952842576, -0.14883261210727627]"
0.79,AFFX-HUMTFRR/M11507_5_at,AF007875_at,"[2.803563807526085, 0.0]"
0.79,AFFX-HUMTFRR/M11507_5_at,AF009301_at,"[2.792440839623254, 0.0]"
0.79,AFFX-HUMTFRR/M11507_5_at,AF010193_at,"[2.804247725343766, 0.0]"
0.79,AFFX-HUMTFRR/M11507_5_at,AJ001421_at,"[2.7895793084414167, 0.0]"
0.79,AFFX-HUMTFRR/M11507_5_at,D00017_at,"[2.7821156846205533, 0.0]"
0.79,AFFX-HUMTFRR/M11507_5_at,D00596_at,"[2.4212962685013784, -0.48401198999233]"
0.79,AFFX-HUMTFRR/M11507_M_at,AFFX-HUMTFRR/M11507_3_at,"[0.32351897521350853, 2.121821662764336]"
0.79,AFFX-HUMTFRR/M11507_M_at,AFFX-HUMGAPDH/M33197_M_st,"[1.2571268842496843, 0.3269884554763309]"
0.79,AFFX-HUMTFRR/M11507_M_at,AB002318_at,"[1.3790626939633865, 0.0]"
0.79,AFFX-HUMTFRR/M11507_M_at,AC000061_cds2_at,"[1.3413025632015623, -0.2624004838394547]"
0.79,AFFX-HUMTFRR/M11507_M_at,AC002115_cds1_at,"[1.3851285285635517, 0.05581676301546687]"
0.79,AFFX-HUMTFRR/M11507_M_at,AF002700_at,"[1.3285949668471722, 0.9358298329731639]"
0.79,AFFX-HUMTFRR/M11507_M_at,D00596_at,"[1.358597797135459, -0.49199621824932344]"
0.79,AFFX-HUMTFRR/M11507_3_at,AFFX-M27830_M_at,"[2.358960900770345, -0.19744837524739448]"
0.79,AFFX-HUMTFRR/M11507_3_at,AFFX-M27830_3_at,"[2.5082893245127234, 0.0]"
0.79,AFFX-HUMTFRR/M11507_3_at,AFFX-HSAC07/X00351_3_st,"[2.239199281014344, -0.3547319075241965]"
0.79,AFFX-HUMTFRR/M11507_3_at,AFFX-HUMGAPDH/M33197_M_st,"[2.357963007453447, 0.2295436228861375]"
0.79,AFFX-HUMTFRR/M11507_3_at,AFFX-HUMGAPDH/M33197_3_st,"[2.488987463053158, 0.0]"
0.79,AFFX-HUMTFRR/M11507_3_at,A28102_at,"[2.400098146886962, 0.38820252580624903]"
0.79,AFFX-HUMTFRR/M11507_3_at,AB000115_at,"[2.5020176631315243, 0.0]"
0.79,AFFX-HUMTFRR/M11507_3_at,AB000464_at,"[2.47394969561071, 0.0]"
0.79,AFFX-HUMTFRR/M11507_3_at,AB000584_at,"[2.451552428459009, 0.12570292333436403]"
0.79,AFFX-HUMTFRR/M11507_3_at,AB001106_at,"[2.5021290322171112, 0.0]"
0.79,AFFX-HUMTFRR/M11507_3_at,AB001325_at,"[2.5011697515733453, 0.0]"
0.79,AFFX-HUMTFRR/M11507_3_at,AB002315_at,"[2.3767436702285947, 0.3262386398255523]"
0.79,AFFX-HUMTFRR/M11507_3_at,AB002318_at,"[2.4699099481219164, 0.0]"
0.79,AFFX-HUMTFRR/M11507_3_at,AB002382_at,"[2.5155630181251274, 0.0]"
0.79,AFFX-HUMTFRR/M11507_3_at,AB002559_at,"[2.4621495687327006, 0.5575959847017915]"
0.79,AFFX-HUMTFRR/M11507_3_at,AB003177_at,"[2.4885698738220077, 0.0]"
0.79,AFFX-HUMTFRR/M11507_3_at,AC000061_cds2_at,"[2.5120236888712695, 0.0]"
0.79,AFFX-HUMTFRR/M11507_3_at,AC002073_cds1_at,"[2.126023169483064, 0.46037793946893407]"
0.79,AFFX-HUMTFRR/M11507_3_at,AC002115_cds1_at,"[2.327729777293507, -0.1803942737037481]"
0.79,AFFX-HUMTFRR/M11507_3_at,AC002115_rna2_at,"[2.5068703316432583, 0.0]"
0.79,AFFX-HUMTFRR/M11507_3_at,AF000231_at,"[2.4795741728413616, 0.0]"
0.79,AFFX-HUMTFRR/M11507_3_at,AF000560_at,"[2.229968301236498, 0.7353449850536118]"
0.79,AFFX-HUMTFRR/M11507_3_at,AF000562_at,"[2.469774730563219, 0.0]"
0.79,AFFX-HUMTFRR/M11507_3_at,AF002224_at,"[2.5360118616095804, 0.46579421695879447]"
0.79,AFFX-HUMTFRR/M11507_3_at,AF002700_at,"[2.4921335112047887, 1.1298929474547603]"
0.79,AFFX-HUMTFRR/M11507_3_at,AF003743_at,"[2.5127880859960072, 0.0]"
0.79,AFFX-HUMTFRR/M11507_3_at,AF006041_at,"[2.6069195968685483, 0.489947277232627]"
0.79,AFFX-HUMTFRR/M11507_3_at,AF006084_at,"[2.4798055402289867, 0.6667409505875435]"
0.79,AFFX-HUMTFRR/M11507_3_at,AF006087_at,"[2.5043285844918377, 0.0]"
0.79,AFFX-HUMTFRR/M11507_3_at,AF007875_at,"[2.5055985351046366, 0.0]"
0.79,AFFX-HUMTFRR/M11507_3_at,AF008445_at,"[2.4606433350518797, 0.0]"
0.79,AFFX-HUMTFRR/M11507_3_at,AF009301_at,"[2.503348679906141, 0.0]"
0.79,AFFX-HUMTFRR/M11507_3_at,AF010193_at,"[2.510554891949891, 0.0]"
0.79,AFFX-HUMTFRR/M11507_3_at,AF015910_at,"[2.5028194155691237, 0.0]"
0.79,AFFX-HUMTFRR/M11507_3_at,AJ000480_at,"[2.2582159367135546, 0.8835935117457695]"
0.79,AFFX-HUMTFRR/M11507_3_at,AJ001421_at,"[2.484706539308224, 0.0]"
0.79,AFFX-HUMTFRR/M11507_3_at,D00017_at,"[2.4869966955068263, 0.0]"
0.79,AFFX-HUMTFRR/M11507_3_at,D00632_at,"[2.2871279104782674, 0.7756328130383481]"
0.78,AFFX-HUMISGF3A/M97935_MA_at,AFFX-HUMTFRR/M11507_3_at,"[0.22936112650328405, 2.260164631135455]"
0.78,AFFX-HUMISGF3A/M97935_MB_at,AFFX-HUMTFRR/M11507_5_at,"[0.12605842046869653, 2.727943020098844]"
0.78,AFFX-HUMISGF3A/M97935_3_at,AFFX-HUMTFRR/M11507_3_at,"[-0.49292290108124975, 2.6226437490096974]"
0.78,AFFX-HSAC07/X00351_M_at,AJ000480_at,"[-0.6057493429429234, 2.4658756735998684]"
0.78,AFFX-HUMTFRR/M11507_5_at,AB002315_at,"[2.6889504976765832, 0.23318028306785796]"
0.78,AFFX-HUMTFRR/M11507_5_at,AF008937_at,"[2.644559897951605, 1.1680334569356698]"
0.78,AFFX-HUMTFRR/M11507_M_at,AB000468_at,"[1.4752271845942222, -1.1203790462234913]"
0.78,AFFX-HUMTFRR/M11507_M_at,AC002073_cds1_at,"[1.3813976252466242, 0.0005219127968749786]"
0.78,AFFX-HUMTFRR/M11507_M_at,AF015913_at,"[1.042501502607526, -1.078643841669807]"
0.78,AFFX-HUMTFRR/M11507_M_at,D00632_at,"[1.2818372709688979, 0.4438596435147755]"
0.78,AFFX-HUMTFRR/M11507_3_at,AC000064_cds1_at,"[2.382849352595332, 0.8546779480289103]"
0.78,AFFX-HUMTFRR/M11507_3_at,AF014958_at,"[2.345206183761695, 0.38486317486855265]"
0.78,AFFX-M27830_5_at,AJ000480_at,"[-0.22488760701601967, 2.3521124025506297]"
0.78,AFFX-M27830_M_at,AJ000480_at,"[-0.35454440904637186, 2.26734846884587]"
0.78,AC000061_cds2_at,AJ000480_at,"[-0.7645069152921031, 2.5354992793120665]"
0.78,AF008937_at,AF015913_at,"[2.564131833956779, -2.4057895294345024]"
0.77,AFFX-HUMISGF3A/M97935_3_at,AB000584_at,"[0.0, 0.7888620328731717]"
0.77,AFFX-HUMRGE/M10098_5_at,AB000584_at,"[-0.028524182194532715, 0.7708390269673449]"
0.77,AFFX-HUMRGE/M10098_5_at,AJ000480_at,"[-0.1488477799554941, 2.3021648500861254]"
0.77,AFFX-HUMRGE/M10098_3_at,AFFX-HUMGAPDH/M33197_M_st,"[-0.3867122613547151, 1.4069263494262634]"
0.77,AFFX-HUMRGE/M10098_3_at,AJ000480_at,"[-0.2877152275936712, 2.2827279008268255]"
0.77,AFFX-HUMGAPDH/M33197_M_at,AJ000480_at,"[-0.4677811957729777, 2.3760701590516033]"
0.77,AFFX-HUMTFRR/M11507_3_at,AFFX-M27830_5_at,"[2.468374014994069, -0.24477341354827664]"
0.77,AFFX-HUMTFRR/M11507_3_at,AF015913_at,"[2.345023389819234, -0.5356562884034134]"
0.77,AFFX-HUMTFRR/M11507_3_at,D00596_at,"[2.187446389367153, -0.5800313038415724]"
0.77,AFFX-M27830_3_at,AJ000480_at,"[0.0, 2.167225579364766]"
0.77,AFFX-HUMGAPDH/M33197_M_st,AB000449_at,"[1.1086288993323714, -1.4030507863010777]"
0.77,AFFX-HUMGAPDH/M33197_M_st,AJ000480_at,"[0.9108302047903091, 1.7538430756645826]"
0.77,AFFX-HUMGAPDH/M33197_3_st,AJ000480_at,"[0.0, 2.1713360166058213]"
0.77,AB000464_at,AJ000480_at,"[-0.5675443766949398, 2.307671064277362]"
0.77,AB000584_at,AF006087_at,"[0.7668836109170702, -0.16444477274362806]"
0.77,AB000584_at,AF009301_at,"[1.0668772514900184, -0.42255950782767554]"
0.77,AB000584_at,AJ000480_at,"[1.7534348139664369, 2.144512928284002]"
0.77,AB000584_at,AJ001421_at,"[0.7888620328731717, 0.0]"
0.77,AB002315_at,AJ000480_at,"[0.9888663941290308, 2.0623396814842185]"
0.77,AB002382_at,AJ000480_at,"[0.0, 2.1739964641515264]"
0.77,AC002073_cds1_at,AJ000480_at,"[1.815853977986954, 1.5753088314152277]"
0.77,AF000562_at,AJ000480_at,"[0.0, 2.1702969937671637]"
0.77,AF006084_at,AJ000480_at,"[0.0, 2.1706680971342593]"
0.77,AF007875_at,AJ000480_at,"[0.0, 2.171412290357463]"
0.77,AF008937_at,AJ000480_at,"[1.4213365259097976, 1.8151627434316882]"
0.76,AFFX-HUMISGF3A/M97935_MA_at,AFFX-HUMRGE/M10098_3_at,"[0.7983061262801482, -0.1975297169067107]"
0.76,AFFX-HUMISGF3A/M97935_MA_at,AB000449_at,"[1.855492507926965, -1.7918659857319958]"
0.76,AFFX-HUMISGF3A/M97935_MB_at,AB000584_at,"[0.015475675435640594, 0.7821214000411102]"
0.76,AFFX-HUMISGF3A/M97935_MB_at,AJ000480_at,"[0.5288326350426359, 2.0734841504528956]"
0.76,AFFX-HUMRGE/M10098_M_at,AFFX-HUMGAPDH/M33197_M_st,"[-0.31428139884222, 1.361249741369176]"
0.76,AFFX-HUMRGE/M10098_3_at,AB000584_at,"[-0.24382676713480889, 0.7374142248691739]"
0.76,AFFX-HUMGAPDH/M33197_5_at,AB000584_at,"[0.007565430520568871, 0.7986020878104988]"
0.76,AFFX-HUMGAPDH/M33197_5_at,AJ000480_at,"[-0.5586309501706623, 2.419195048725752]"
0.76,AFFX-HUMTFRR/M11507_5_at,AB000468_at,"[2.6879650763396525, -0.6139454693977419]"
0.76,AFFX-HUMTFRR/M11507_M_at,AF008937_at,"[1.3614404959898312, 1.4778618104486785]"
0.76,AFFX-M27830_3_at,AB000584_at,"[0.0, 0.7899761971479053]"
0.76,AFFX-HUMGAPDH/M33197_M_st,AB000584_at,"[0.8807411857600727, 0.41294002705720484]"
0.76,AFFX-HUMGAPDH/M33197_3_st,AB000584_at,"[0.0, 0.7899761971479053]"
0.76,AFFX-HSAC07/X00351_M_st,AB000584_at,"[0.621962691601658, 0.719822688105685]"
0.76,A28102_at,AB000584_at,"[0.2834270243140346, 0.6779600663707452]"
0.76,AB000115_at,AB000584_at,"[0.0, 0.7902334193067025]"
0.76,AB000464_at,AB000584_at,"[0.0, 0.7901984148850549]"
0.76,AB000468_at,AJ000480_at,"[-0.4552165968093941, 1.894345742568885]"
0.76,AB000584_at,AB001106_at,"[0.7901986229880221, 0.0]"
0.76,AB000584_at,AB001325_at,"[0.7901583649356559, 0.0]"
0.76,AB000584_at,AB002318_at,"[0.790230734239879, 0.0]"
0.76,AB000584_at,AB002382_at,"[0.7888620328731717, 0.0]"
0.76,AB000584_at,AB003177_at,"[0.7899694285885133, 0.0]"
0.76,AB000584_at,AC000061_cds2_at,"[0.8408254282645008, -0.23371792128341423]"
0.76,AB000584_at,AC002115_rna2_at,"[0.790169331293736, 0.0]"
0.76,AB000584_at,AF000231_at,"[1.1056353950688882, -0.39662831004480514]"
0.76,AB000584_at,AF000562_at,"[0.7896836608460879, 0.005243794130452811]"
0.76,AB000584_at,AF002224_at,"[0.7628935426743444, 0.2185663512066113]"
0.76,AB000584_at,AF003743_at,"[0.8945219825824828, -0.26150320189881304]"
0.76,AB000584_at,AF006041_at,"[0.8276320843562308, 0.14718358346268534]"
0.76,AB000584_at,AF007875_at,"[0.959471305716178, -0.5909869038222249]"
0.76,AB000584_at,AF010193_at,"[0.7868420338768513, 0.0]"
0.76,AB000584_at,AF015910_at,"[0.7872056884820589, 0.0]"
0.76,AB000584_at,D00017_at,"[0.7902319652130446, 0.0]"
0.76,AB001106_at,AJ000480_at,"[0.0, 2.1770606951922966]"
0.76,AB002318_at,AJ000480_at,"[-0.7015336669627031, 2.4219150012885167]"
0.76,AB002559_at,AJ000480_at,"[0.31167112297817967, 2.041479226850554]"
0.76,AB003177_at,AJ000480_at,"[0.0, 2.1629403323291543]"
0.76,AC002115_rna2_at,AJ000480_at,"[0.0, 2.1716166497788154]"
0.76,AF000231_at,AJ000480_at,"[0.0, 2.1705336651919986]"
0.76,AF002224_at,AJ000480_at,"[0.0, 2.16054487101142]"
0.76,AF002700_at,AJ000480_at,"[0.07866250411025515, 2.1144421364779777]"
0.76,AF006041_at,AJ000480_at,"[0.0, 2.176740642835692]"
0.76,AF009301_at,AJ000480_at,"[0.0, 2.169009721780586]"
0.76,AF010193_at,AJ000480_at,"[0.0, 2.162580846352849]"
0.76,AF015913_at,AJ000480_at,"[-1.4919977937525855, 1.7584081246915981]"
0.75,AFFX-HUMISGF3A/M97935_MA_at,AFFX-HUMRGE/M10098_M_at,"[0.8107020348713022, -0.2191757838199135]"
0.75,AFFX-HUMISGF3A/M97935_MA_at,AFFX-HUMGAPDH/M33197_M_st,"[0.5329384679126266, 0.7277796516613171]"
0.75,AFFX-HUMISGF3A/M97935_MA_at,AFFX-HSAC07/X00351_M_st,"[0.7880278321849359, 0.6509302973040305]"
0.75,AFFX-HUMISGF3A/M97935_MA_at,AF015913_at,"[0.7065464025889556, -1.4567064388083124]"
0.75,AFFX-HUMISGF3A/M97935_MA_at,D00632_at,"[0.6264567409427074, 0.6856647558322928]"
0.75,AFFX-HUMISGF3A/M97935_3_at,AJ000480_at,"[0.0, 2.1716172263036206]"
0.75,AFFX-HUMRGE/M10098_3_at,AB000449_at,"[-0.3818591577839046, -1.8544473540916826]"
0.75,AFFX-HUMRGE/M10098_3_at,AF015913_at,"[-0.3110128222705349, -2.0186369173735867]"
0.75,AFFX-HUMGAPDH/M33197_M_at,AB000584_at,"[0.0008042841503742457, 0.78888590129192]"
0.75,AFFX-HSAC07/X00351_5_at,AB000584_at,"[0.0, 0.7862801956175023]"
0.75,AFFX-HSAC07/X00351_M_at,AB000584_at,"[0.0, 0.7844409687959405]"
0.75,AFFX-M27830_5_at,AB000584_at,"[-0.07348011217970431, 0.7463458790280864]"
0.75,AFFX-M27830_M_at,AB000584_at,"[0.0, 0.7902341879280956]"
0.75,AFFX-HSAC07/X00351_M_st,AC002073_cds1_at,"[0.8171208731970085, 0.9609203310135971]"
0.75,AFFX-HSAC07/X00351_M_st,AJ000480_at,"[0.32441730191715323, 1.945099899241019]"
0.75,AB000449_at,AF008445_at,"[-2.236385422777943, 1.2266852491695062]"
0.75,AB000449_at,AJ000480_at,"[-1.2435119069168534, 1.6229307392869723]"
0.75,AB000468_at,AC002073_cds1_at,"[-0.8145100433747094, 1.240208641862684]"
0.75,AB000584_at,AC002115_cds1_at,"[0.7900794997582191, 0.0]"
0.75,AB000584_at,AF006084_at,"[1.2567654256524776, 0.974168424279058]"
0.75,AB001325_at,AJ000480_at,"[-0.15658514026557094, 2.210312858168173]"
0.75,AF006087_at,AJ000480_at,"[-0.4829213634237134, 2.0899579318481973]"
0.75,AF014958_at,AJ000480_at,"[0.627479676441448, 2.0427281231604835]"
0.75,AF015910_at,AJ000480_at,"[-0.6323232213857961, 2.3968887285163873]"
0.75,AJ000480_at,AJ001421_at,"[2.1814961728399846, 0.0]"
0.74,AFFX-HUMISGF3A/M97935_MA_at,AFFX-HUMISGF3A/M97935_MB_at,"[0.8592714654066649, 0.0]"
0.74,AFFX-HUMISGF3A/M97935_MA_at,AFFX-HUMRGE/M10098_5_at,"[0.8419401264052098, -0.028681877377031127]"
0.74,AFFX-HUMISGF3A/M97935_MA_at,AFFX-HUMGAPDH/M33197_5_at,"[0.9643509933992075, 0.04995153576877497]"
0.74,AFFX-HUMISGF3A/M97935_MA_at,AFFX-HUMGAPDH/M33197_M_at,"[0.941520579076151, 0.0394412994817712]"
0.74,AFFX-HUMISGF3A/M97935_MA_at,AFFX-M27830_5_at,"[0.8422627241239209, -0.021700849463856052]"
0.74,AFFX-HUMISGF3A/M97935_MA_at,AFFX-M27830_M_at,"[0.8561271208519484, 0.0]"
0.74,AFFX-HUMISGF3A/M97935_MA_at,AFFX-M27830_3_at,"[0.859206502107121, 0.0]"
0.74,AFFX-HUMISGF3A/M97935_MA_at,AB000115_at,"[0.8591796392996494, 0.0]"
0.74,AFFX-HUMISGF3A/M97935_MA_at,AB001106_at,"[0.8571058150346549, 0.0]"
0.74,AFFX-HUMISGF3A/M97935_MA_at,AB001325_at,"[0.8592848480543167, 0.0]"
0.74,AFFX-HUMISGF3A/M97935_MA_at,AB002318_at,"[0.8592560082259014, 0.0]"
0.74,AFFX-HUMISGF3A/M97935_MA_at,AB002382_at,"[0.8571058150346549, 0.0]"
0.74,AFFX-HUMISGF3A/M97935_MA_at,AB002559_at,"[1.478553661633245, 1.0419927056469676]"
0.74,AFFX-HUMISGF3A/M97935_MA_at,AC000064_cds1_at,"[0.8126474299515019, 1.2173346713110023]"
0.74,AFFX-HUMISGF3A/M97935_MA_at,AF000231_at,"[1.0667949123480205, -0.27575165573022326]"
0.74,AFFX-HUMISGF3A/M97935_MA_at,AF000562_at,"[1.0583427554443892, 0.3433291074306969]"
0.74,AFFX-HUMISGF3A/M97935_MA_at,AF002224_at,"[0.8389694937084753, 0.121481203370373]"
0.74,AFFX-HUMISGF3A/M97935_MA_at,AF003743_at,"[0.9901177295177144, -0.31624835625481024]"
0.74,AFFX-HUMISGF3A/M97935_MA_at,AF006041_at,"[0.8965896056666572, 0.1341856179998696]"
0.74,AFFX-HUMISGF3A/M97935_MA_at,AF006084_at,"[1.002478266072932, 0.35458783553687095]"
0.74,AFFX-HUMISGF3A/M97935_MA_at,AF006087_at,"[0.8207246417824948, -0.523121028722222]"
0.74,AFFX-HUMISGF3A/M97935_MA_at,AF009301_at,"[1.1928574718530676, -0.49438894208905465]"
0.74,AFFX-HUMISGF3A/M97935_MA_at,AF010193_at,"[0.8591988652744668, 0.0]"
0.74,AFFX-HUMISGF3A/M97935_MA_at,AF015910_at,"[0.858013307240878, 0.0]"
0.74,AFFX-HUMISGF3A/M97935_MA_at,AJ000480_at,"[1.464441777657361, 1.8052981730400348]"
0.74,AFFX-HUMISGF3A/M97935_MA_at,D00017_at,"[0.8532969394744472, 0.0]"
0.74,AFFX-HUMRGE/M10098_5_at,AC002073_cds1_at,"[0.0, 1.0238940786408586]"
0.74,AFFX-HUMRGE/M10098_M_at,AB000584_at,"[-0.24734946285282766, 0.7475097848094842]"
0.74,AFFX-HUMRGE/M10098_M_at,AC002073_cds1_at,"[-0.1642226438091704, 0.9605940386311405]"
0.74,AFFX-M27830_3_at,AC002073_cds1_at,"[0.0, 1.0271155551941118]"
0.74,AFFX-HSAC07/X00351_3_st,AB000449_at,"[-1.2441017014086322, -1.9316311014883443]"
0.74,AFFX-HUMGAPDH/M33197_M_st,AC000064_cds1_at,"[1.3391603959895173, 1.4386028667213742]"
0.74,AFFX-HUMGAPDH/M33197_3_st,AC002073_cds1_at,"[0.0, 1.0228433874068812]"
0.74,AFFX-HSAC07/X00351_M_st,AF008445_at,"[1.0957498189748647, 0.7604925245316536]"
0.74,AB000115_at,AJ000480_at,"[0.07286261054523478, 2.174637942685425]"
0.74,AB000464_at,AC002073_cds1_at,"[0.0, 1.0269244707708454]"
0.74,AB000468_at,AB000584_at,"[-0.8879466216506358, 0.9959576873068049]"
0.74,AB000468_at,D00596_at,"[-0.5085336631072468, -0.892946780711096]"
0.74,AB000584_at,AB002315_at,"[0.6719101147568945, 0.20744848183905507]"
0.74,AB000584_at,AB002559_at,"[1.3824806867938184, 1.0154599232088584]"
0.74,AB000584_at,AC000064_cds1_at,"[0.7315354489049309, 1.0555754988270587]"
0.74,AB000584_at,AF000560_at,"[0.6074596242800586, 0.5021554460158988]"
0.74,AB000584_at,AF014958_at,"[0.6291662538214503, 0.31871661315202016]"
0.74,AB001106_at,AC002073_cds1_at,"[0.0, 1.0264057545181695]"
0.74,AB001325_at,AC002073_cds1_at,"[0.0, 1.0238940786408586]"
0.74,AB002318_at,AC002073_cds1_at,"[0.0, 1.0271417499838158]"
0.74,AB002382_at,AC002073_cds1_at,"[0.0, 1.0264057545181695]"
0.74,AB002382_at,D00596_at,"[0.0, -0.9134214789080709]"
0.74,AB002559_at,AC002073_cds1_at,"[1.1995750590563137, 1.943705200014555]"
0.74,AB003177_at,AC002073_cds1_at,"[0.0, 1.0228433874068812]"
0.74,AC000061_cds2_at,AC002073_cds1_at,"[-0.40545931469265145, 1.1560207166596876]"
0.74,AC000064_cds1_at,AJ000480_at,"[0.8591623971529433, 1.947311077205457]"
0.74,AC002073_cds1_at,AC002115_rna2_at,"[1.0269408582227864, 0.0]"
0.74,AC002073_cds1_at,AF002224_at,"[1.018500969694898, 0.032724185900885286]"
0.74,AC002073_cds1_at,AF002700_at,"[0.9882107736739421, 0.8478823143072047]"
0.74,AC002073_cds1_at,AF003743_at,"[1.1266150488276778, -0.21728477916433728]"
0.74,AC002073_cds1_at,AF006041_at,"[1.1309592240754005, 0.2800065292407732]"
0.74,AC002073_cds1_at,AF006084_at,"[1.2871649282809243, 0.4936768255285945]"
0.74,AC002073_cds1_at,AF009301_at,"[1.83239271635552, -0.9030507839884322]"
0.74,AC002073_cds1_at,AF015910_at,"[1.0270118469880005, 0.0]"
0.74,AC002073_cds1_at,AF015913_at,"[0.8709381040171257, -1.5484835754559239]"
0.74,AC002073_cds1_at,AJ001421_at,"[1.0233998541223563, 0.0]"
0.74,AC002073_cds1_at,D00017_at,"[1.0269478622933061, 0.0]"
0.74,AC002073_cds1_at,D00596_at,"[0.7755681009777476, -0.513629697719884]"
0.74,AF002224_at,D00596_at,"[0.10661327131524852, -0.8886636088126958]"
0.74,AF003743_at,AJ000480_at,"[-0.18210834908200282, 2.2300351050284446]"
0.74,AF006084_at,D00596_at,"[0.32833000005215174, -1.061910801865451]"
0.74,AF008445_at,AJ000480_at,"[0.6410436617766948, 2.1813554682576486]"
0.74,AF008937_at,D00596_at,"[1.22933783995563, -0.6888479496557074]"
0.74,AJ000480_at,D00596_at,"[1.9966137592730289, -1.122349609059932]"
0.73,AFFX-HUMISGF3A/M97935_MA_at,AFFX-HSAC07/X00351_5_at,"[0.856970659055565, 0.0]"
0.73,AFFX-HUMISGF3A/M97935_MA_at,AFFX-HSAC07/X00351_M_at,"[0.8949450119875622, 0.017602569130463784]"
0.73,AFFX-HUMISGF3A/M97935_MA_at,AFFX-HUMGAPDH/M33197_3_st,"[0.8592015161487699, 0.0]"
0.73,AFFX-HUMISGF3A/M97935_MA_at,A28102_at,"[0.7276390281345204, 0.37795427307557383]"
0.73,AFFX-HUMISGF3A/M97935_MA_at,AB000464_at,"[0.8591968691878925, 0.0]"
0.73,AFFX-HUMISGF3A/M97935_MA_at,AB000468_at,"[1.1044334856851943, -0.9636890858308657]"
0.73,AFFX-HUMISGF3A/M97935_MA_at,AB000584_at,"[0.620055523705555, 0.26624321314240124]"
0.73,AFFX-HUMISGF3A/M97935_MA_at,AB003177_at,"[0.8571058150346549, 0.0]"
0.73,AFFX-HUMISGF3A/M97935_MA_at,AC000061_cds2_at,"[0.899241516067335, -0.2060813966141991]"
0.73,AFFX-HUMISGF3A/M97935_MA_at,AC002073_cds1_at,"[0.4871528233066881, 0.599800819384306]"
0.73,AFFX-HUMISGF3A/M97935_MA_at,AC002115_cds1_at,"[0.8581744175843291, 0.0]"
0.73,AFFX-HUMISGF3A/M97935_MA_at,AC002115_rna2_at,"[0.85920151614877, 0.0]"
0.73,AFFX-HUMISGF3A/M97935_MA_at,AF000560_at,"[0.7013365888750945, 0.4916374182857135]"
0.73,AFFX-HUMISGF3A/M97935_MA_at,AF002700_at,"[0.851957950599481, 1.0249297126411943]"
0.73,AFFX-HUMISGF3A/M97935_MA_at,AF007875_at,"[1.016180320006173, -0.5536428418767521]"
0.73,AFFX-HUMISGF3A/M97935_MA_at,AF008445_at,"[0.8592930993548386, 0.0]"
0.73,AFFX-HUMISGF3A/M97935_MA_at,AF008937_at,"[0.6767526227395108, 1.6351322239811283]"
0.73,AFFX-HUMISGF3A/M97935_MA_at,AJ001421_at,"[0.855651818910039, 0.0]"
0.73,AFFX-HUMISGF3A/M97935_MA_at,D00596_at,"[0.5358943751045964, -0.46628158957198235]"
0.73,AFFX-HUMISGF3A/M97935_MB_at,AB000449_at,"[0.8942324469505344, -1.7074105578729664]"
0.73,AFFX-HUMISGF3A/M97935_MB_at,AC002073_cds1_at,"[0.0, 1.0224792497966755]"
0.73,AFFX-HUMISGF3A/M97935_3_at,AC002073_cds1_at,"[0.0, 1.0228433874068812]"
0.73,AFFX-HUMRGE/M10098_5_at,AB000449_at,"[-0.23469211562289805, -1.8106980559758517]"
0.73,AFFX-HSAC07/X00351_5_at,AC002073_cds1_at,"[0.09698174341462285, 1.289173977536029]"
0.73,AFFX-HSAC07/X00351_M_at,AB000449_at,"[-0.7990784002217147, -2.174206297361226]"
0.73,AFFX-HSAC07/X00351_M_at,D00596_at,"[-0.01171625892207273, -0.8785749537999763]"
0.73,AFFX-M27830_5_at,AFFX-HUMGAPDH/M33197_M_st,"[-0.2328402276560103, 1.2906582395736945]"
0.73,AFFX-M27830_5_at,AC002073_cds1_at,"[0.0, 1.0224686163016217]"
0.73,AFFX-M27830_5_at,D00596_at,"[-0.04854014679525186, -0.8808466590988621]"
0.73,AFFX-M27830_M_at,AC002073_cds1_at,"[0.0, 1.0271371629988886]"
0.73,AFFX-M27830_M_at,AF015913_at,"[-0.40637341078709877, -2.1363426881150325]"
0.73,AFFX-M27830_M_at,D00596_at,"[-0.012082292976559808, -0.8954131597530168]"
0.73,AFFX-M27830_3_at,D00596_at,"[0.0, -0.9134340081047378]"
0.73,AFFX-HSAC07/X00351_3_st,AB000584_at,"[-0.27935405974730776, 0.5689606444654512]"
0.73,AFFX-HUMGAPDH/M33197_M_st,AC002073_cds1_at,"[0.7406377181249618, 0.6290600476249311]"
0.73,AFFX-HUMGAPDH/M33197_M_st,AF008937_at,"[1.1284727296577641, 2.00040919331737]"
0.73,AFFX-HUMGAPDH/M33197_3_st,D00596_at,"[0.0, -0.9081125162793886]"
0.73,AFFX-HSAC07/X00351_M_st,AB002315_at,"[0.9681532025468989, 0.948888260244083]"
0.73,A28102_at,AJ000480_at,"[0.7080008436356048, 2.145697029822907]"
0.73,AB000115_at,AC002073_cds1_at,"[0.0, 1.0228433874068812]"
0.73,AB000115_at,D00596_at,"[0.0, -0.908067268198095]"
0.73,AB000449_at,AB000584_at,"[-1.3806365227123898, 1.5235765427022008]"
0.73,AB000449_at,AB002315_at,"[-1.6210350859918532, 1.3124930535764259]"
0.73,AB000464_at,D00596_at,"[-0.06531862326860244, -0.8916017680587098]"
0.73,AB000584_at,AF008445_at,"[0.6323406456870635, 0.21956901806467727]"
0.73,AB000584_at,AF008937_at,"[0.6086103490130976, 1.7272741662258049]"
0.73,AB000584_at,D00632_at,"[0.5228607410866399, 0.762046326406216]"
0.73,AB001106_at,D00596_at,"[0.0, -0.9116050259286052]"
0.73,AB001325_at,D00596_at,"[0.0, -0.9132264356355239]"
0.73,AB002315_at,AC002073_cds1_at,"[0.0, 1.0266521147744465]"
0.73,AB002318_at,D00596_at,"[-0.11624714926103893, -0.8622857866369362]"
0.73,AB003177_at,D00596_at,"[0.0, -0.9132264356355239]"
0.73,AC000061_cds2_at,D00596_at,"[-0.5226988646661747, -1.0690144688738712]"
0.73,AC000064_cds1_at,D00596_at,"[1.0018876268243524, -0.8514629823560627]"
0.73,AC002073_cds1_at,AC002115_cds1_at,"[1.0228433874068812, 0.0]"
0.73,AC002073_cds1_at,AF000560_at,"[0.8638308631465278, 0.2952555189180184]"
0.73,AC002073_cds1_at,AF007875_at,"[1.1754139935436223, -0.4423971653237225]"
0.73,AC002073_cds1_at,AF010193_at,"[1.1021568607562395, -0.1492868264772949]"
0.73,AC002115_rna2_at,D00596_at,"[0.02506429937172637, -0.9069662758924943]"
0.73,AF000231_at,D00596_at,"[-0.0936742643642843, -0.9894151199629179]"
0.73,AF000560_at,AJ000480_at,"[0.571158068960519, 1.9569820337865533]"
0.73,AF000562_at,D00596_at,"[0.0, -0.913134766689168]"
0.73,AF006041_at,D00596_at,"[0.0, -0.9134849457780277]"
0.73,AF007875_at,D00596_at,"[0.0, -0.9127049131825496]"
0.73,AF014958_at,D00596_at,"[0.2589174238104948, -0.7715452804780828]"
0.73,AJ000480_at,D00017_at,"[2.209623223852144, -0.0935074917164133]"
0.73,AJ001421_at,D00596_at,"[0.0, -0.9132264356355237]"
0.72,AFFX-HUMISGF3A/M97935_MA_at,AFFX-HUMISGF3A/M97935_3_at,"[0.8544223285240717, -0.06563635476982621]"
0.72,AFFX-HUMISGF3A/M97935_MA_at,AFFX-HSAC07/X00351_3_st,"[0.7061590620542568, -0.19869648559198066]"
0.72,AFFX-HUMISGF3A/M97935_MA_at,AB002315_at,"[0.7511314540847317, 0.2072460661327905]"
0.72,AFFX-HUMISGF3A/M97935_MA_at,AF014958_at,"[0.7070471627876692, 0.28844816115187905]"
0.72,AFFX-HUMISGF3A/M97935_MB_at,AF015913_at,"[0.5925527139082902, -1.7792158645005536]"
0.72,AFFX-HUMISGF3A/M97935_MB_at,D00596_at,"[0.20184048034605975, -0.7833216123525298]"
0.72,AFFX-HUMISGF3A/M97935_3_at,D00596_at,"[0.0, -0.9134541752083785]"
0.72,AFFX-HUMRGE/M10098_5_at,AB002315_at,"[0.0, 1.004087749318229]"
0.72,AFFX-HUMRGE/M10098_5_at,D00596_at,"[-0.03484938161505218, -0.892135983583297]"
0.72,AFFX-HUMRGE/M10098_M_at,AB000449_at,"[-0.37792448782012344, -1.8829033194508233]"
0.72,AFFX-HUMRGE/M10098_M_at,AF015913_at,"[-0.26761835356335045, -1.9288610177997856]"
0.72,AFFX-HUMRGE/M10098_M_at,D00596_at,"[-0.20011963392320045, -0.850884320723564]"
0.72,AFFX-HUMRGE/M10098_3_at,AB000468_at,"[-0.30117791501315233, -0.8816881452115597]"
0.72,AFFX-HUMRGE/M10098_3_at,AB002315_at,"[-0.17554037164950348, 0.8984729383255899]"
0.72,AFFX-HUMRGE/M10098_3_at,D00596_at,"[-0.17388993528095673, -0.8452751071344197]"
0.72,AFFX-HUMGAPDH/M33197_5_at,AB000449_at,"[-0.7555660100089127, -1.987635792455081]"
0.72,AFFX-HUMGAPDH/M33197_5_at,AC002073_cds1_at,"[0.1343959978927591, 1.3932336330758401]"
0.72,AFFX-HUMGAPDH/M33197_5_at,D00596_at,"[0.0, -0.9081125162793886]"
0.72,AFFX-HUMGAPDH/M33197_M_at,AC002073_cds1_at,"[0.12504687291687175, 1.3559604560064327]"
0.72,AFFX-HUMGAPDH/M33197_M_at,D00596_at,"[0.0, -0.9133569622854502]"
0.72,AFFX-HSAC07/X00351_5_at,AB000449_at,"[-0.859575111628207, -2.2711257647779997]"
0.72,AFFX-HSAC07/X00351_5_at,AF006084_at,"[-0.3327803649507114, 0.31916322684549603]"
0.72,AFFX-HSAC07/X00351_5_at,D00596_at,"[-0.019102599893146163, -0.8582986027983995]"
0.72,AFFX-HSAC07/X00351_M_at,AC002073_cds1_at,"[0.09403688074860582, 1.2868230885408602]"
0.72,AFFX-M27830_5_at,AB002315_at,"[-0.01388996595381208, 0.9890798065543401]"
0.72,AFFX-M27830_5_at,AF015913_at,"[-0.20198437181616435, -1.9860279748827496]"
0.72,AFFX-M27830_M_at,AB002315_at,"[-0.02130440655999353, 0.9667783491253474]"
0.72,AFFX-M27830_3_at,AB002315_at,"[0.0, 1.0040262185526903]"
0.72,AFFX-HUMGAPDH/M33197_M_st,AF008445_at,"[1.029955225310133, 0.3457300087070128]"
0.72,AFFX-HUMGAPDH/M33197_M_st,AF014958_at,"[1.0660491062305923, 0.5431660140353535]"
0.72,AFFX-HUMGAPDH/M33197_M_st,D00596_at,"[0.902664690562917, -0.5786489138053437]"
0.72,AFFX-HUMGAPDH/M33197_M_st,D00632_at,"[0.9634790153714851, 0.8115721667695386]"
0.72,AFFX-HUMGAPDH/M33197_3_st,AB002315_at,"[0.0, 1.0027355079970632]"
0.72,AFFX-HSAC07/X00351_M_st,D00596_at,"[0.6625106066089265, -0.8303851218464452]"
0.72,A28102_at,AB002315_at,"[0.5691923102235894, 0.7429636466225774]"
0.72,A28102_at,AC002073_cds1_at,"[0.34739484572608204, 0.9121323556064048]"
0.72,A28102_at,D00596_at,"[0.1300841527414831, -0.8524597017271636]"
0.72,AB000449_at,AB000468_at,"[-1.3624815915382062, -0.36559884773171375]"
0.72,AB000449_at,AF008937_at,"[-1.289180138916163, 1.1782438909234763]"
0.72,AB000464_at,AB002315_at,"[-0.03842929274037329, 0.9842046044824246]"
0.72,AB000468_at,AB002315_at,"[-0.9359445743329208, 1.3352365771759858]"
0.72,AB000584_at,AC002073_cds1_at,"[0.4129783162849844, 0.8162832764878466]"
0.72,AB000584_at,AF002700_at,"[0.7868761213736719, 1.0596526871179524]"
0.72,AB000584_at,D00596_at,"[0.444425683739342, -0.5464706194819745]"
0.72,AB001106_at,AB002315_at,"[0.0, 1.004225311452406]"
0.72,AB001325_at,AB002315_at,"[0.0, 0.9983872137539961]"
0.72,AB002315_at,AB002318_at,"[0.9904087536962817, -0.01025919579654358]"
0.72,AB002315_at,AB002382_at,"[1.004225311452406, 0.0]"
0.72,AB002315_at,AB003177_at,"[1.0022404613665556, 0.0]"
0.72,AB002315_at,AC002115_rna2_at,"[1.0041835311359506, 0.0]"
0.72,AB002315_at,AF000562_at,"[1.004225311452406, 0.0]"
0.72,AB002315_at,AF002224_at,"[0.9484405961503395, 0.3562219412504649]"
0.72,AB002315_at,AF003743_at,"[1.0001978226308643, 0.0]"
0.72,AB002315_at,AF006041_at,"[1.008566235533578, 0.011886473116679574]"
0.72,AB002315_at,AF006084_at,"[1.1189685021150992, 0.19820220118542575]"
0.72,AB002315_at,AF010193_at,"[0.9980741653490317, 0.0]"
0.72,AB002315_at,AF015913_at,"[0.8119940940351904, -1.7512732872071388]"
0.72,AB002315_at,AJ001421_at,"[1.003954128324484, 0.0]"
0.72,AB002315_at,D00596_at,"[0.3765836077360225, -0.7077232627924226]"
0.72,AB002559_at,AC002115_cds1_at,"[1.890099118901553, -1.3713192519243793]"
0.72,AB002559_at,AF015913_at,"[1.008242269033901, -1.9771596916238814]"
0.72,AB002559_at,D00596_at,"[0.7686639769614901, -0.9718990555389984]"
0.72,AC002073_cds1_at,AF000231_at,"[1.5436627243019263, -0.5139868096259749]"
0.72,AC002073_cds1_at,AF006087_at,"[0.975770093237722, -0.4220997900591157]"
0.72,AC002073_cds1_at,AF008937_at,"[0.7904182825412894, 1.2628796401266293]"
0.72,AC002073_cds1_at,D00632_at,"[0.7740986624379285, 0.818874339426592]"
0.72,AC002115_cds1_at,D00596_at,"[-0.05265457259413596, -0.8350079681521232]"
0.72,AF000560_at,AF014958_at,"[0.7036352858022223, 0.7035563838620298]"
0.72,AF000560_at,D00596_at,"[0.5241027936128526, -0.704992504716259]"
0.72,AF002700_at,D00596_at,"[0.5166991969316207, -0.8575402013043177]"
0.72,AF003743_at,D00596_at,"[-0.3394304248701224, -1.0679859685476447]"
0.72,AF006087_at,D00596_at,"[-0.5770016456629606, -0.8741353646576727]"
0.72,AF010193_at,D00596_at,"[0.0, -0.9129937392340876]"
0.72,D00017_at,D00596_at,"[0.0, -0.9133952438802555]"
0.71,AFFX-HUMISGF3A/M97935_MB_at,AFFX-M27830_M_at,"[0.6280803817456954, -0.13279573065898143]"
0.71,AFFX-HUMISGF3A/M97935_MB_at,AB002315_at,"[0.41959791959199805, 0.6553729951678893]"
0.71,AFFX-HUMISGF3A/M97935_MB_at,AB003177_at,"[0.6609893315568659, 0.0]"
0.71,AFFX-HUMISGF3A/M97935_3_at,AFFX-HSAC07/X00351_5_at,"[0.0, -0.2725050380531078]"
0.71,AFFX-HUMISGF3A/M97935_3_at,AFFX-M27830_M_at,"[0.0, -0.18858861024996992]"
0.71,AFFX-HUMISGF3A/M97935_3_at,AFFX-M27830_3_at,"[0.0, 0.0]"
0.71,AFFX-HUMISGF3A/M97935_3_at,AB001106_at,"[0.0, 0.0]"
0.71,AFFX-HUMISGF3A/M97935_3_at,AB001325_at,"[0.0, 0.0]"
0.71,AFFX-HUMISGF3A/M97935_3_at,AB002315_at,"[0.0, 1.004225311452406]"
0.71,AFFX-HUMISGF3A/M97935_3_at,AB002382_at,"[0.0, 0.0]"
0.71,AFFX-HUMISGF3A/M97935_3_at,AC000061_cds2_at,"[0.0, -0.14873603757818524]"
0.71,AFFX-HUMISGF3A/M97935_3_at,AC002115_cds1_at,"[0.0, -0.4847335550258122]"
0.71,AFFX-HUMISGF3A/M97935_3_at,AC002115_rna2_at,"[0.0, 0.0]"
0.71,AFFX-HUMISGF3A/M97935_3_at,AF000231_at,"[0.0, 0.0]"
0.71,AFFX-HUMISGF3A/M97935_3_at,AF000562_at,"[0.0, 0.0]"
0.71,AFFX-HUMISGF3A/M97935_3_at,AF003743_at,"[0.0, -0.09519433310586457]"
0.71,AFFX-HUMISGF3A/M97935_3_at,AF006041_at,"[0.0, 0.0]"
0.71,AFFX-HUMISGF3A/M97935_3_at,AF006084_at,"[0.0, 0.1054552853374667]"
0.71,AFFX-HUMISGF3A/M97935_3_at,AF007875_at,"[0.0, -0.29747091766644485]"
0.71,AFFX-HUMISGF3A/M97935_3_at,AF010193_at,"[0.0, 0.0]"
0.71,AFFX-HUMRGE/M10098_5_at,AFFX-HSAC07/X00351_5_at,"[-0.0029891309629986908, -0.27140389664525677]"
0.71,AFFX-HUMRGE/M10098_5_at,AFFX-M27830_3_at,"[-0.05574796092902969, 0.0]"
0.71,AFFX-HUMRGE/M10098_5_at,AFFX-HUMGAPDH/M33197_M_st,"[-0.16225462495053955, 1.3032264023270872]"
0.71,AFFX-HUMRGE/M10098_5_at,AB001106_at,"[-0.054951800911630544, 0.0]"
0.71,AFFX-HUMRGE/M10098_5_at,AC002115_cds1_at,"[-0.02488529840562071, -0.4702452610851452]"
0.71,AFFX-HUMRGE/M10098_5_at,AC002115_rna2_at,"[-0.05357630466822798, 0.0]"
0.71,AFFX-HUMRGE/M10098_5_at,AF000562_at,"[-0.053951970312226656, 0.0]"
0.71,AFFX-HUMRGE/M10098_5_at,AF015913_at,"[-0.1171392546061238, -1.9093159985353276]"
0.71,AFFX-HUMRGE/M10098_M_at,AFFX-HSAC07/X00351_M_st,"[-0.44535969717125845, 1.454646379002874]"
0.71,AFFX-HUMRGE/M10098_M_at,AB000468_at,"[-0.33130242696791984, -0.9386831834136485]"
0.71,AFFX-HUMRGE/M10098_3_at,AC002073_cds1_at,"[-0.17869153763509366, 0.9574873158658975]"
0.71,AFFX-HUMRGE/M10098_3_at,D00632_at,"[-0.40492920206930133, 1.5397943779515224]"
0.71,AFFX-HUMGAPDH/M33197_5_at,AFFX-HSAC07/X00351_5_at,"[0.0, -0.27241319435194916]"
0.71,AFFX-HUMGAPDH/M33197_5_at,AB002315_at,"[-0.0036425978412348227, 0.9887475158583842]"
0.71,AFFX-HUMGAPDH/M33197_5_at,AC002115_cds1_at,"[0.0, -0.4839619542035516]"
0.71,AFFX-HUMGAPDH/M33197_M_at,AFFX-HSAC07/X00351_5_at,"[0.0, -0.27225453567209695]"
0.71,AFFX-HUMGAPDH/M33197_M_at,AB000449_at,"[-0.632667397322465, -1.8401004047337737]"
0.71,AFFX-HUMGAPDH/M33197_M_at,AB000468_at,"[-0.3490532087153095, -0.8393549327210987]"
0.71,AFFX-HUMGAPDH/M33197_M_at,AB002315_at,"[-0.008050946074192768, 0.9794948857300928]"
0.71,AFFX-HUMGAPDH/M33197_M_at,AC002115_cds1_at,"[0.0, -0.48235403760610507]"
0.71,AFFX-HSAC07/X00351_5_at,AFFX-M27830_5_at,"[-0.26701364684003526, -0.017371332210550497]"
0.71,AFFX-HSAC07/X00351_5_at,AFFX-M27830_M_at,"[-0.2726908086472436, 0.0]"
0.71,AFFX-HSAC07/X00351_5_at,AFFX-M27830_3_at,"[-0.27266983171706743, 0.0]"
0.71,AFFX-HSAC07/X00351_5_at,AFFX-HUMGAPDH/M33197_3_st,"[-0.2726931071612744, 0.0]"
0.71,AFFX-HSAC07/X00351_5_at,AB001106_at,"[-0.2725968882731474, 0.0]"
0.71,AFFX-HSAC07/X00351_5_at,AB001325_at,"[-0.27238074863987655, 0.0]"
0.71,AFFX-HSAC07/X00351_5_at,AB002315_at,"[-0.04109155340757388, 0.8898986647117223]"
0.71,AFFX-HSAC07/X00351_5_at,AB002318_at,"[-0.257709520846589, -0.0708963062823368]"
0.71,AFFX-HSAC07/X00351_5_at,AB002382_at,"[-0.2725779395939689, 0.0]"
0.71,AFFX-HSAC07/X00351_5_at,AB002559_at,"[-0.8363923756688332, 2.0270915363257536]"
0.71,AFFX-HSAC07/X00351_5_at,AB003177_at,"[-0.27266983171706743, 0.0]"
0.71,AFFX-HSAC07/X00351_5_at,AC002115_cds1_at,"[0.0, -0.4846606687472076]"
0.71,AFFX-HSAC07/X00351_5_at,AC002115_rna2_at,"[-0.2725354333728441, 0.0]"
0.71,AFFX-HSAC07/X00351_5_at,AF000562_at,"[-0.2725354333728441, 0.0]"
0.71,AFFX-HSAC07/X00351_5_at,AF002224_at,"[-0.25696665152503234, 0.25957935504777063]"
0.71,AFFX-HSAC07/X00351_5_at,AF003743_at,"[-0.2946532878112312, -0.13257703907586324]"
0.71,AFFX-HSAC07/X00351_5_at,AF006041_at,"[-0.27177122099219797, 0.0]"
0.71,AFFX-HSAC07/X00351_5_at,AF010193_at,"[-0.2725581703461228, 0.0]"
0.71,AFFX-HSAC07/X00351_5_at,AJ001421_at,"[-0.2725354333728441, 0.0]"
0.71,AFFX-HSAC07/X00351_M_at,AB002559_at,"[-0.8100620362264104, 2.038787643178818]"
0.71,AFFX-M27830_5_at,AFFX-M27830_M_at,"[0.0, -0.18156699773898075]"
0.71,AFFX-M27830_5_at,AC002115_cds1_at,"[-0.031299818021321237, -0.46689639934951144]"
0.71,AFFX-M27830_5_at,AF006041_at,"[-0.08731293871850068, 0.0]"
0.71,AFFX-M27830_5_at,AJ001421_at,"[-0.08452914551993106, 0.0]"
0.71,AFFX-M27830_M_at,AFFX-M27830_3_at,"[-0.19195197753998575, 0.0]"
0.71,AFFX-M27830_M_at,AFFX-HUMGAPDH/M33197_M_st,"[-0.18002783475293055, 1.1493212969436706]"
0.71,AFFX-M27830_M_at,AFFX-HUMGAPDH/M33197_3_st,"[-0.3394330048915158, 0.26532422589308685]"
0.71,AFFX-M27830_M_at,AFFX-HSAC07/X00351_M_st,"[-0.44095521028673695, 1.1647953478621385]"
0.71,AFFX-M27830_M_at,AB000468_at,"[-0.4152502794506097, -0.879467407880533]"
0.71,AFFX-M27830_M_at,AB001106_at,"[-0.18672669150756735, 0.0]"
0.71,AFFX-M27830_M_at,AB001325_at,"[-0.20659901593572477, 0.0]"
0.71,AFFX-M27830_M_at,AB002382_at,"[-0.2067312828918027, 0.0]"
0.71,AFFX-M27830_M_at,AB003177_at,"[-0.2041243745249812, 0.0]"
0.71,AFFX-M27830_M_at,AC002115_cds1_at,"[0.0, -0.48473704785787614]"
0.71,AFFX-M27830_M_at,AC002115_rna2_at,"[-0.20297961305928017, 0.0]"
0.71,AFFX-M27830_M_at,AF000231_at,"[-0.1963683169351868, -0.056707159060197694]"
0.71,AFFX-M27830_M_at,AF000562_at,"[-0.18850374073133605, 0.0]"
0.71,AFFX-M27830_M_at,AF006041_at,"[-0.19280640622123224, 0.0]"
0.71,AFFX-M27830_M_at,AF010193_at,"[-0.20767441338685386, 0.0]"
0.71,AFFX-M27830_M_at,AJ001421_at,"[-0.2063897945304262, 0.0]"
0.71,AFFX-M27830_3_at,AFFX-HUMGAPDH/M33197_3_st,"[0.0, 0.0]"
0.71,AFFX-M27830_3_at,AB001106_at,"[0.0, 0.0]"
0.71,AFFX-M27830_3_at,AB001325_at,"[0.0, 0.0]"
0.71,AFFX-M27830_3_at,AB002318_at,"[0.0, -0.19013527810178713]"
0.71,AFFX-M27830_3_at,AB002382_at,"[0.0, 0.0]"
0.71,AFFX-M27830_3_at,AB003177_at,"[0.0, 0.0]"
0.71,AFFX-M27830_3_at,AC000061_cds2_at,"[0.0, -0.14868079491167138]"
0.71,AFFX-M27830_3_at,AC002115_cds1_at,"[0.0, -0.48377739321242375]"
0.71,AFFX-M27830_3_at,AC002115_rna2_at,"[0.0, 0.0]"
0.71,AFFX-M27830_3_at,AF000231_at,"[0.0, 0.0]"
0.71,AFFX-M27830_3_at,AF000562_at,"[0.0, 0.0]"
0.71,AFFX-M27830_3_at,AF002224_at,"[0.0, 0.26041108711808]"
0.71,AFFX-M27830_3_at,AF003743_at,"[0.0, -0.09422988438261487]"
0.71,AFFX-M27830_3_at,AF006041_at,"[0.0, 0.0]"
0.71,AFFX-M27830_3_at,AF006084_at,"[0.0, 0.10493138529620749]"
0.71,AFFX-M27830_3_at,AF007875_at,"[0.0, -0.2890440322321376]"
0.71,AFFX-M27830_3_at,AF009301_at,"[0.0, -0.4175903827821846]"
0.71,AFFX-M27830_3_at,AF010193_at,"[0.0, 0.0]"
0.71,AFFX-M27830_3_at,AJ001421_at,"[0.0, 0.0]"
0.71,AFFX-HSAC07/X00351_3_st,AB000468_at,"[-1.0368363749972085, -1.0342689881325042]"
0.71,AFFX-HSAC07/X00351_3_st,AC002073_cds1_at,"[-0.07744219466449681, 0.945522421140005]"
0.71,AFFX-HSAC07/X00351_3_st,AF015913_at,"[-0.6581967280012447, -1.8305723379176007]"
0.71,AFFX-HUMGAPDH/M33197_M_st,A28102_at,"[1.1692331864464705, 0.6023191804323744]"
0.71,AFFX-HUMGAPDH/M33197_M_st,AB000468_at,"[1.3868135178887098, -0.7744567781524805]"
0.71,AFFX-HUMGAPDH/M33197_3_st,AB000464_at,"[0.0, -0.17770443851286583]"
0.71,AFFX-HUMGAPDH/M33197_3_st,AB001106_at,"[0.0, 0.0]"
0.71,AFFX-HUMGAPDH/M33197_3_st,AB001325_at,"[0.0, 0.0]"
0.71,AFFX-HUMGAPDH/M33197_3_st,AB002382_at,"[0.0, 0.0]"
0.71,AFFX-HUMGAPDH/M33197_3_st,AB003177_at,"[0.0, 0.0]"
0.71,AFFX-HUMGAPDH/M33197_3_st,AC002115_cds1_at,"[0.0, -0.48437643520757123]"
0.71,AFFX-HUMGAPDH/M33197_3_st,AC002115_rna2_at,"[0.0, 0.0]"
0.71,AFFX-HUMGAPDH/M33197_3_st,AF000231_at,"[0.0, 0.0]"
0.71,AFFX-HUMGAPDH/M33197_3_st,AF000562_at,"[0.0, 0.0]"
0.71,AFFX-HUMGAPDH/M33197_3_st,AF003743_at,"[0.0, -0.09267501783679508]"
0.71,AFFX-HUMGAPDH/M33197_3_st,AF006041_at,"[0.0, 0.0]"
0.71,AFFX-HUMGAPDH/M33197_3_st,AF006084_at,"[0.0, 0.10242875926951465]"
0.71,AFFX-HUMGAPDH/M33197_3_st,AF007875_at,"[0.0, -0.29852161859185117]"
0.71,AFFX-HUMGAPDH/M33197_3_st,AF009301_at,"[0.0, -0.4173034659349106]"
0.71,AFFX-HUMGAPDH/M33197_3_st,AF010193_at,"[0.0, 0.0]"
0.71,AFFX-HUMGAPDH/M33197_3_st,AJ001421_at,"[0.0, 0.0]"
0.71,AFFX-HUMGAPDH/M33197_3_st,D00017_at,"[0.0, -0.0003237198045866268]"
0.71,AB000115_at,AB002315_at,"[0.10568220544458913, 0.9468237531441838]"
0.71,AB000115_at,AC002115_cds1_at,"[0.0, -0.484117836692453]"
0.71,AB000449_at,AB001325_at,"[-1.612287006008846, -0.3067661406225752]"
0.71,AB000449_at,AF015913_at,"[-1.2273254415225574, -1.6693399778977325]"
0.71,AB000464_at,AB001106_at,"[-0.18781562077274172, 0.0]"
0.71,AB000464_at,AB003177_at,"[-0.1588929205704108, 0.0]"
0.71,AB000464_at,AC002115_cds1_at,"[0.0, -0.48473332562024696]"
0.71,AB000464_at,AC002115_rna2_at,"[-0.16017198784447365, 0.0]"
0.71,AB000464_at,AJ001421_at,"[-0.1962192851084781, 0.0]"
0.71,AB000468_at,AC002115_cds1_at,"[-0.8482243902403974, -0.6233401270879216]"
0.71,AB000584_at,AF015913_at,"[0.6158108176246222, -1.459660721419863]"
0.71,AB001106_at,AB001325_at,"[0.0, 0.0]"
0.71,AB001106_at,AB002382_at,"[0.0, 0.0]"
0.71,AB001106_at,AB003177_at,"[0.0, 0.0]"
0.71,AB001106_at,AC000061_cds2_at,"[0.0, -0.1519595333513608]"
0.71,AB001106_at,AC002115_cds1_at,"[0.0, -0.48437643520757123]"
0.71,AB001106_at,AC002115_rna2_at,"[0.0, 0.0]"
0.71,AB001106_at,AF000231_at,"[0.0, 0.0]"
0.71,AB001106_at,AF000562_at,"[0.0, 0.0]"
0.71,AB001106_at,AF002224_at,"[0.0, 0.2710087600151711]"
0.71,AB001106_at,AF003743_at,"[0.0, -0.09169234166805558]"
0.71,AB001106_at,AF006041_at,"[0.0, 0.0]"
0.71,AB001106_at,AF006084_at,"[0.0, 0.10549223477654605]"
0.71,AB001106_at,AF007875_at,"[0.0, -0.2994987479365923]"
0.71,AB001106_at,AF009301_at,"[0.0, -0.41204942330663835]"
0.71,AB001106_at,AF010193_at,"[0.0, 0.0]"
0.71,AB001106_at,AJ001421_at,"[0.0, 0.0]"
0.71,AB001325_at,AB002382_at,"[0.0, 0.0]"
0.71,AB001325_at,AC000061_cds2_at,"[0.0, -0.14504478785456995]"
0.71,AB001325_at,AC002115_cds1_at,"[0.0, -0.48437643520757123]"
0.71,AB001325_at,AC002115_rna2_at,"[0.0, 0.0]"
0.71,AB001325_at,AF000231_at,"[0.0, 0.0]"
0.71,AB001325_at,AF000562_at,"[0.0, 0.0]"
0.71,AB001325_at,AF003743_at,"[0.0, -0.09004636437089342]"
0.71,AB001325_at,AF006041_at,"[0.0, 0.0]"
0.71,AB001325_at,AF006084_at,"[0.0, 0.10265369889245683]"
0.71,AB001325_at,AF007875_at,"[0.0, -0.29434576058531847]"
0.71,AB001325_at,AF009301_at,"[0.0, -0.4170965650397789]"
0.71,AB001325_at,AF010193_at,"[0.0, 0.0]"
0.71,AB001325_at,AJ001421_at,"[0.0, 0.0]"
0.71,AB002315_at,AC000061_cds2_at,"[1.008424907553569, -0.021059199743553463]"
0.71,AB002315_at,AC002115_cds1_at,"[0.5744698616489544, -0.234558780850348]"
0.71,AB002315_at,AF000231_at,"[1.0089649000323233, -0.004204956064264607]"
0.71,AB002315_at,AF000560_at,"[0.6309567191899229, 0.6209555309727228]"
0.71,AB002315_at,AF006087_at,"[0.9541277694673203, -0.7606230761150782]"
0.71,AB002315_at,AF007875_at,"[1.3044653848138075, -0.6645693851039047]"
0.71,AB002315_at,AF008937_at,"[0.673063202546903, 1.787801710976855]"
0.71,AB002315_at,AF015910_at,"[0.8369522855632566, -0.3126061019036307]"
0.71,AB002315_at,D00017_at,"[0.9510926188722192, -0.061204360234535495]"
0.71,AB002318_at,AC002115_cds1_at,"[0.0, -0.4847133523203548]"
0.71,AB002382_at,AB002559_at,"[0.0, 1.1057815690923964]"
0.71,AB002382_at,AB003177_at,"[0.0, 0.0]"
0.71,AB002382_at,AC000061_cds2_at,"[0.0, -0.1480754010111237]"
0.71,AB002382_at,AC002115_cds1_at,"[0.0, -0.4834196262367794]"
0.71,AB002382_at,AC002115_rna2_at,"[0.0, 0.0]"
0.71,AB002382_at,AF000231_at,"[0.0, 0.0]"
0.71,AB002382_at,AF000562_at,"[0.0, 0.0]"
0.71,AB002382_at,AF003743_at,"[0.0, -0.09395386333512012]"
0.71,AB002382_at,AF006041_at,"[0.0, 0.0]"
0.71,AB002382_at,AF006084_at,"[0.0, 0.10313514391767852]"
0.71,AB002382_at,AF007875_at,"[0.0, -0.2866072626608817]"
0.71,AB002382_at,AF009301_at,"[0.0, -0.4147504589415066]"
0.71,AB002382_at,AF010193_at,"[0.0, 0.0]"
0.71,AB002382_at,AJ001421_at,"[0.0, 0.0]"
0.71,AB002382_at,D00017_at,"[0.0, -0.0031080134228093454]"
0.71,AB002559_at,AF000231_at,"[1.0834138735101102, 0.0]"
0.71,AB002559_at,AF000562_at,"[1.0862800223182227, 0.0]"
0.71,AB002559_at,AF006084_at,"[1.1029819665780227, 0.0]"
0.71,AB002559_at,AF008445_at,"[1.4584573668400642, 0.8734671411635397]"
0.71,AB002559_at,AF010193_at,"[1.120279965832963, 0.0]"
0.71,AB002559_at,AJ001421_at,"[1.0911219575325146, 0.0]"
0.71,AB003177_at,AC000061_cds2_at,"[0.0, -0.14510968274842306]"
0.71,AB003177_at,AC002115_cds1_at,"[0.0, -0.4838045132169899]"
0.71,AB003177_at,AF000562_at,"[0.0, 0.0]"
0.71,AB003177_at,AF003743_at,"[0.0, -0.09388922939106954]"
0.71,AB003177_at,AF006041_at,"[0.0, 0.0]"
0.71,AB003177_at,AF006084_at,"[0.0, 0.10316628563045534]"
0.71,AB003177_at,AF007875_at,"[0.0, -0.2935017115439856]"
0.71,AB003177_at,AF009301_at,"[0.0, -0.4150310895208657]"
0.71,AB003177_at,AF010193_at,"[0.0, 0.0]"
0.71,AB003177_at,AJ001421_at,"[0.0, 0.0]"
0.71,AC000061_cds2_at,AC002115_rna2_at,"[-0.14844797007857485, 0.0]"
0.71,AC000061_cds2_at,AF000231_at,"[-0.15089521599886266, 0.0]"
0.71,AC000061_cds2_at,AF000562_at,"[-0.1497360279758713, 0.0]"
0.71,AC000061_cds2_at,AF006041_at,"[-0.15035950222093086, 0.0]"
0.71,AC000061_cds2_at,AF006084_at,"[-0.156746644128504, 0.11312173669019451]"
0.71,AC000061_cds2_at,AF007875_at,"[-0.20172975788358108, -0.34154504537014313]"
0.71,AC000061_cds2_at,AF009301_at,"[-0.24458929455257908, -0.4700558544292478]"
0.71,AC000061_cds2_at,AF010193_at,"[-0.14773368052175126, 0.0]"
0.71,AC000061_cds2_at,AJ001421_at,"[-0.14620885820272433, 0.0]"
0.71,AC000064_cds1_at,AC002073_cds1_at,"[1.1958803586093327, 0.9743504989503071]"
0.71,AC002073_cds1_at,AF000562_at,"[1.3893556718561317, 0.5053781140341804]"
0.71,AC002073_cds1_at,AF008445_at,"[0.8932805879481593, 0.14986083180148882]"
0.71,AC002073_cds1_at,AF014958_at,"[0.8724951220902744, 0.2332787499029384]"
0.71,AC002115_cds1_at,AC002115_rna2_at,"[-0.48437643520757123, 0.0]"
0.71,AC002115_cds1_at,AF000231_at,"[-0.9577632472268686, -0.7544510369546029]"
0.71,AC002115_cds1_at,AF000562_at,"[-0.5276165247153318, 0.102617838841145]"
0.71,AC002115_cds1_at,AF002224_at,"[-0.46170086972683827, 0.207150728426227]"
0.71,AC002115_cds1_at,AF003743_at,"[-0.5397357178924814, -0.18377197714093688]"
0.71,AC002115_cds1_at,AF006041_at,"[-0.48280433281939183, 0.0]"
0.71,AC002115_cds1_at,AF006084_at,"[-0.6020230463540457, 0.36700628577875133]"
0.71,AC002115_cds1_at,AF007875_at,"[-0.5939494053533036, -0.501836376940608]"
0.71,AC002115_cds1_at,AF009301_at,"[-0.9864372945790454, -0.9191173666072581]"
0.71,AC002115_cds1_at,AF010193_at,"[-0.48437643520757123, 0.0]"
0.71,AC002115_cds1_at,AJ001421_at,"[-0.48437643520757123, 0.0]"
0.71,AC002115_cds1_at,D00017_at,"[-0.48307676234729213, 0.0]"
0.71,AC002115_rna2_at,AF000231_at,"[0.0, 0.0]"
0.71,AC002115_rna2_at,AF000562_at,"[0.0, 0.0]"
0.71,AC002115_rna2_at,AF002224_at,"[0.0, 0.2778626936780387]"
0.71,AC002115_rna2_at,AF003743_at,"[0.0, -0.09342963351186573]"
0.71,AC002115_rna2_at,AF006041_at,"[0.0, 0.0]"
0.71,AC002115_rna2_at,AF006084_at,"[0.0, 0.10401758946238192]"
0.71,AC002115_rna2_at,AF007875_at,"[0.0, -0.2841436291052164]"
0.71,AC002115_rna2_at,AF009301_at,"[0.0, -0.425138183432307]"
0.71,AC002115_rna2_at,AF010193_at,"[0.0, 0.0]"
0.71,AC002115_rna2_at,AJ001421_at,"[0.0, 0.0]"
0.71,AF000231_at,AF000562_at,"[0.0, 0.0]"
0.71,AF000231_at,AF002224_at,"[0.0, 0.26979776608623945]"
0.71,AF000231_at,AF003743_at,"[0.0, -0.0914747788607253]"
0.71,AF000231_at,AF006041_at,"[0.0, 0.0]"
0.71,AF000231_at,AF006084_at,"[0.0, 0.1018498209687113]"
0.71,AF000231_at,AF007875_at,"[0.0, -0.27963801656165166]"
0.71,AF000231_at,AF009301_at,"[0.0, -0.4224416105313194]"
0.71,AF000231_at,AF010193_at,"[0.0, 0.0]"
0.71,AF000231_at,AJ001421_at,"[0.0, 0.0]"
0.71,AF000562_at,AF002224_at,"[0.0, 0.2690897818983988]"
0.71,AF000562_at,AF003743_at,"[0.0, -0.091430110678163]"
0.71,AF000562_at,AF006041_at,"[0.0, 0.0]"
0.71,AF000562_at,AF006084_at,"[0.0, 0.10593615104813298]"
0.71,AF000562_at,AF007875_at,"[0.0, -0.2937618833433271]"
0.71,AF000562_at,AF009301_at,"[0.0, -0.4111924155484634]"
0.71,AF000562_at,AF010193_at,"[0.0, 0.0]"
0.71,AF000562_at,AJ001421_at,"[0.0, 0.0]"
0.71,AF000562_at,D00017_at,"[0.0, -0.0031080134228093454]"
0.71,AF002224_at,AF003743_at,"[0.3062634163448865, -0.14086217121896594]"
0.71,AF002224_at,AF006041_at,"[0.26301358886570814, 0.0]"
0.71,AF002224_at,AF006084_at,"[0.2734633698800521, 0.10893073976706791]"
0.71,AF002224_at,AF009301_at,"[0.18933908209503789, -0.35514339716745963]"
0.71,AF002224_at,AF010193_at,"[0.26862491354909673, 0.0]"
0.71,AF002224_at,AJ001421_at,"[0.26041108711808, 0.0]"
0.71,AF003743_at,AF006041_at,"[-0.09400864841579837, 0.0]"
0.71,AF003743_at,AF006084_at,"[-0.12235666396819946, 0.15425047643692097]"
0.71,AF003743_at,AF007875_at,"[-0.1048232023233658, -0.3130389391915935]"
0.71,AF003743_at,AF010193_at,"[-0.09406824563615795, 0.0]"
0.71,AF003743_at,AJ001421_at,"[-0.0923246910166301, 0.0]"
0.71,AF006041_at,AF006084_at,"[0.0, 0.1061841873456996]"
0.71,AF006041_at,AF007875_at,"[0.0, -0.29483699750780223]"
0.71,AF006041_at,AF009301_at,"[0.0, -0.41454853585991813]"
0.71,AF006041_at,AF010193_at,"[0.0, 0.0]"
0.71,AF006041_at,AJ001421_at,"[0.0, 0.0]"
0.71,AF006084_at,AF007875_at,"[0.09942190409826254, -0.29612212861370607]"
0.71,AF006084_at,AF009301_at,"[0.05385017486622704, -0.4093750103338112]"
0.71,AF006084_at,AF010193_at,"[0.09689661993753015, 0.0]"
0.71,AF006084_at,AJ001421_at,"[0.10360963195294812, 0.0]"
0.71,AF007875_at,AF009301_at,"[-0.17645465546408298, -0.3793921526829912]"
0.71,AF007875_at,AF010193_at,"[-0.28285357386910304, 0.0]"
0.71,AF007875_at,AJ001421_at,"[-0.29766123650981297, 0.0]"
0.71,AF008445_at,D00596_at,"[0.2963147255280676, -0.6942896907600923]"
0.71,AF009301_at,AF010193_at,"[-0.419118500461075, 0.0]"
0.71,AF009301_at,AF015913_at,"[0.0, -1.8650401661745863]"
0.71,AF009301_at,AJ001421_at,"[-0.4112100561749983, 0.0]"
0.71,AF010193_at,AF015913_at,"[-0.005175046938127859, -1.8703396157560186]"
0.71,AF010193_at,AJ001421_at,"[0.0, 0.0]"
0.71,AF014958_at,AF015913_at,"[0.534312442842182, -1.7213700652309243]"
0.71,AF014958_at,D00632_at,"[0.6296802523894894, 1.02980123414542]"
0.71,AF015910_at,D00596_at,"[-0.2986943761123769, -0.8122683024030392]"
0.71,AJ000480_at,D00632_at,"[1.8481690120054726, 0.9546309257003113]"
0.7,AFFX-HUMISGF3A/M97935_MB_at,AFFX-HUMISGF3A/M97935_3_at,"[0.8482477117336075, -0.3771593265065612]"
0.7,AFFX-HUMISGF3A/M97935_MB_at,AFFX-HUMRGE/M10098_5_at,"[0.650275255639369, -0.05793251203178647]"
0.7,AFFX-HUMISGF3A/M97935_MB_at,AFFX-HUMGAPDH/M33197_5_at,"[0.6051290898766496, -0.09879313972719304]"
0.7,AFFX-HUMISGF3A/M97935_MB_at,AFFX-HSAC07/X00351_5_at,"[0.4704932715891998, -0.14664774831692168]"
0.7,AFFX-HUMISGF3A/M97935_MB_at,AFFX-M27830_5_at,"[0.6561831257275513, -0.078324605576876]"
0.7,AFFX-HUMISGF3A/M97935_MB_at,AFFX-M27830_3_at,"[0.6672438023976865, 0.0]"
0.7,AFFX-HUMISGF3A/M97935_MB_at,AFFX-HUMGAPDH/M33197_3_st,"[0.6626391196846648, 0.0]"
0.7,AFFX-HUMISGF3A/M97935_MB_at,AB000464_at,"[0.6633544192249834, -0.16120484794036197]"
0.7,AFFX-HUMISGF3A/M97935_MB_at,AB001106_at,"[0.641308754443837, 0.0]"
0.7,AFFX-HUMISGF3A/M97935_MB_at,AB002382_at,"[0.6421083635802737, 0.0]"
0.7,AFFX-HUMISGF3A/M97935_MB_at,AB002559_at,"[0.6699385720270654, 1.1363613307741547]"
0.7,AFFX-HUMISGF3A/M97935_MB_at,AC002115_cds1_at,"[0.3765180859237574, -0.3116385840415291]"
0.7,AFFX-HUMISGF3A/M97935_MB_at,AC002115_rna2_at,"[0.6447681479793164, 0.0]"
0.7,AFFX-HUMISGF3A/M97935_MB_at,AF000231_at,"[0.6325132189624815, 0.0]"
0.7,AFFX-HUMISGF3A/M97935_MB_at,AF000562_at,"[0.6588670802039298, 0.0]"
0.7,AFFX-HUMISGF3A/M97935_MB_at,AF003743_at,"[0.6535931519136118, -0.05202712928278603]"
0.7,AFFX-HUMISGF3A/M97935_MB_at,AF006041_at,"[0.6373373030036544, 0.0]"
0.7,AFFX-HUMISGF3A/M97935_MB_at,AF006084_at,"[0.662566167547047, 0.09953212622126471]"
0.7,AFFX-HUMISGF3A/M97935_MB_at,AF009301_at,"[0.686829611986703, -0.4581659806751349]"
0.7,AFFX-HUMISGF3A/M97935_MB_at,AF014958_at,"[0.48932603302916383, 0.6429782142543297]"
0.7,AFFX-HUMISGF3A/M97935_MB_at,AJ001421_at,"[0.6670369717144955, 0.0]"
0.7,AFFX-HUMISGF3A/M97935_3_at,AFFX-HUMRGE/M10098_5_at,"[0.0, -0.05374270414571735]"
0.7,AFFX-HUMISGF3A/M97935_3_at,AFFX-M27830_5_at,"[0.0, -0.08452914551993106]"
0.7,AFFX-HUMISGF3A/M97935_3_at,AFFX-HUMGAPDH/M33197_3_st,"[0.0, 0.0]"
0.7,AFFX-HUMISGF3A/M97935_3_at,AB002318_at,"[0.0, -0.19510699458581898]"
0.7,AFFX-HUMISGF3A/M97935_3_at,AB002559_at,"[0.0, 1.0958458723883266]"
0.7,AFFX-HUMISGF3A/M97935_3_at,AB003177_at,"[0.0, 0.0]"
0.7,AFFX-HUMISGF3A/M97935_3_at,AF009301_at,"[0.0, -0.4108827804211457]"
0.7,AFFX-HUMISGF3A/M97935_3_at,AJ001421_at,"[0.0, 0.0]"
0.7,AFFX-HUMISGF3A/M97935_3_at,D00017_at,"[0.0, -0.0007260992300635008]"
0.7,AFFX-HUMRGE/M10098_5_at,AFFX-M27830_5_at,"[0.0, -0.08175307850595336]"
0.7,AFFX-HUMRGE/M10098_5_at,AFFX-M27830_M_at,"[0.0, -0.19886931797632768]"
0.7,AFFX-HUMRGE/M10098_5_at,AB000468_at,"[-0.14519971072864502, -0.8341748078247708]"
0.7,AFFX-HUMRGE/M10098_5_at,AB001325_at,"[-0.05424054142341289, 0.0]"
0.7,AFFX-HUMRGE/M10098_5_at,AC000061_cds2_at,"[-0.047910096148535405, -0.11403588179040823]"
0.7,AFFX-HUMRGE/M10098_5_at,AF006041_at,"[-0.05407869302946033, 0.0]"
0.7,AFFX-HUMRGE/M10098_5_at,AF006084_at,"[-0.05536285372062359, 0.1069518939073129]"
0.7,AFFX-HUMRGE/M10098_5_at,AF007875_at,"[-0.09367172014069433, -0.4420202001530904]"
0.7,AFFX-HUMRGE/M10098_5_at,AJ001421_at,"[-0.05341860316650782, 0.0]"
0.7,AFFX-HUMRGE/M10098_M_at,AB002382_at,"[-0.22560723363518156, 0.0]"
0.7,AFFX-HUMRGE/M10098_M_at,AC002115_cds1_at,"[-0.21733925900421583, -0.44312602897367154]"
0.7,AFFX-HUMRGE/M10098_M_at,AF006041_at,"[-0.22529776551994118, 0.0]"
0.7,AFFX-HUMRGE/M10098_M_at,AF010193_at,"[-0.22624408421475586, 0.0]"
0.7,AFFX-HUMRGE/M10098_3_at,AFFX-HSAC07/X00351_M_st,"[-0.4941959844417852, 1.5127901978014722]"
0.7,AFFX-HUMRGE/M10098_3_at,AB001325_at,"[-0.219409785537048, 0.0]"
0.7,AFFX-HUMRGE/M10098_3_at,AB002559_at,"[-0.25312552006817035, 1.1745751981282684]"
0.7,AFFX-HUMRGE/M10098_3_at,AF002700_at,"[-0.37077786415704, 1.420710683548898]"
0.7,AFFX-HUMRGE/M10098_3_at,AF010193_at,"[-0.219409785537048, 0.0]"
0.7,AFFX-HUMGAPDH/M33197_5_at,AB000468_at,"[-0.3438253747905948, -0.8526327671736615]"
0.7,AFFX-HUMGAPDH/M33197_5_at,AF015913_at,"[0.0, -1.8678721913608414]"
0.7,AFFX-HUMGAPDH/M33197_M_at,AF015913_at,"[0.0, -1.8569786643364843]"
0.7,AFFX-HSAC07/X00351_5_at,A28102_at,"[-0.19002889376203128, 0.5253465562121385]"
0.7,AFFX-HSAC07/X00351_5_at,AB000464_at,"[-0.27209696956277346, 0.0]"
0.7,AFFX-HSAC07/X00351_5_at,AB000468_at,"[-0.3614143262736677, -0.866986955993678]"
0.7,AFFX-HSAC07/X00351_5_at,AF000231_at,"[-0.5341221551601268, -0.7055037370146722]"
0.7,AFFX-HSAC07/X00351_5_at,AF007875_at,"[-0.36344327772588314, -0.6610202347624551]"
0.7,AFFX-HSAC07/X00351_5_at,AF015913_at,"[-0.20916286876777765, -1.775558751173721]"
0.7,AFFX-HSAC07/X00351_5_at,D00017_at,"[-0.27197926665817246, 0.0]"
0.7,AFFX-HSAC07/X00351_M_at,AB000468_at,"[-0.35024685222440044, -0.8993825162638253]"
0.7,AFFX-HSAC07/X00351_M_at,AB002315_at,"[-0.041224835227513384, 0.8636446382041827]"
0.7,AFFX-HSAC07/X00351_M_at,AC002115_cds1_at,"[0.0, -0.48437643520757123]"
0.7,AFFX-M27830_5_at,AFFX-M27830_3_at,"[-0.08451787789057781, 0.0]"
0.7,AFFX-M27830_5_at,AFFX-HSAC07/X00351_3_st,"[0.0, -0.7366847484847439]"
0.7,AFFX-M27830_5_at,AFFX-HUMGAPDH/M33197_3_st,"[-0.11795182840976702, 0.12087535216996012]"
0.7,AFFX-M27830_5_at,AB000449_at,"[-0.33704580510353793, -1.8606588210436212]"
0.7,AFFX-M27830_5_at,AB001325_at,"[-0.08725862127247905, 0.0]"
0.7,AFFX-M27830_5_at,AB002318_at,"[-0.08276992651249421, -0.20395558421942753]"
0.7,AFFX-M27830_5_at,AB002382_at,"[-0.08547631849934674, 0.0]"
0.7,AFFX-M27830_5_at,AC000061_cds2_at,"[-0.07672767703162187, -0.10121273499792799]"
0.7,AFFX-M27830_5_at,AF000231_at,"[-0.08619054555900696, -0.017727119384884103]"
0.7,AFFX-M27830_5_at,AF003743_at,"[-0.07460481815911295, -0.043966827107509904]"
0.7,AFFX-M27830_5_at,AF010193_at,"[-0.08756987649852546, 0.0]"
0.7,AFFX-M27830_M_at,AB002318_at,"[-0.20169398885269077, -0.20178079449496428]"
0.7,AFFX-M27830_M_at,AC000061_cds2_at,"[-0.1779423128513837, -0.11742975725656712]"
0.7,AFFX-M27830_M_at,AF000560_at,"[-0.21219888165598125, 0.7904448925664999]"
0.7,AFFX-M27830_M_at,AF002224_at,"[-0.3192802317338044, 0.4254467441317808]"
0.7,AFFX-M27830_M_at,AF003743_at,"[-0.20393678636038573, -0.002328633085904809]"
0.7,AFFX-M27830_M_at,AF006084_at,"[-0.20368699861413986, 0.06464568246160032]"
0.7,AFFX-M27830_M_at,AF006087_at,"[-0.35575439716908175, -0.9114996015563993]"
0.7,AFFX-M27830_M_at,D00017_at,"[-0.19279750759443287, -0.018421249723034883]"
0.7,AFFX-M27830_3_at,AB000464_at,"[0.0, -0.16015156743474337]"
0.7,AFFX-M27830_3_at,AB002559_at,"[0.0, 1.101234464339038]"
0.7,AFFX-M27830_3_at,D00017_at,"[0.0, -0.003601423713886405]"
0.7,AFFX-HSAC07/X00351_3_st,AFFX-HUMGAPDH/M33197_M_st,"[-0.4923396256341133, 1.0554261547098391]"
0.7,AFFX-HSAC07/X00351_3_st,AB000464_at,"[-0.7342758691815172, 0.0]"
0.7,AFFX-HSAC07/X00351_3_st,AF000562_at,"[-0.7342236019390387, 0.0]"
0.7,AFFX-HSAC07/X00351_3_st,AF006041_at,"[-0.7366755904893527, 0.0]"
0.7,AFFX-HSAC07/X00351_3_st,D00017_at,"[-0.736618751248911, 0.0]"
0.7,AFFX-HSAC07/X00351_3_st,D00596_at,"[-0.32171594854774116, -0.652141649777786]"
0.7,AFFX-HUMGAPDH/M33197_M_st,AF015913_at,"[0.7806762114727404, -1.3042504905545085]"
0.7,AFFX-HUMGAPDH/M33197_3_st,AB002318_at,"[0.0, -0.2137730790425771]"
0.7,AFFX-HUMGAPDH/M33197_3_st,AB002559_at,"[0.0, 1.1164848833465193]"
0.7,AFFX-HUMGAPDH/M33197_3_st,AC000061_cds2_at,"[0.0, -0.14504478785456995]"
0.7,AFFX-HUMGAPDH/M33197_3_st,AF002224_at,"[0.0, 0.2685709328395049]"
0.7,AFFX-HUMGAPDH/M33197_3_st,AF006087_at,"[0.0, -0.7022645791774125]"
0.7,AFFX-HUMGAPDH/M33197_3_st,AF015913_at,"[0.0, -1.8673863181649615]"
0.7,A28102_at,AC002115_cds1_at,"[0.4791990252170227, -0.35039627787785665]"
0.7,A28102_at,AF000560_at,"[0.5964649739859909, 0.7864726045945523]"
0.7,AB000115_at,AF008445_at,"[0.0, 0.6129697469703719]"
0.7,AB000449_at,AC000061_cds2_at,"[-1.6110997579986472, -0.44814132914854377]"
0.7,AB000449_at,AF003743_at,"[-1.7207330429597278, -0.36389876662986]"
0.7,AB000449_at,AF006084_at,"[-1.570034858696994, 0.0]"
0.7,AB000449_at,AF015910_at,"[-1.6674001379740202, -0.514044455530956]"
0.7,AB000464_at,AB001325_at,"[-0.1589346080649717, 0.0]"
0.7,AB000464_at,AB002382_at,"[-0.15886473669610013, 0.0]"
0.7,AB000464_at,AF000231_at,"[-0.18587803118209179, 0.0]"
0.7,AB000464_at,AF000560_at,"[-0.4458941074720013, 0.8647582409918751]"
0.7,AB000464_at,AF000562_at,"[-0.15886829969057512, 0.0]"
0.7,AB000464_at,AF003743_at,"[-0.14585012107526615, -0.08834276789138697]"
0.7,AB000464_at,AF006041_at,"[-0.16481542343683975, 0.0]"
0.7,AB000464_at,AF006084_at,"[-0.20269941034932323, 0.13311243974025397]"
0.7,AB000464_at,AF007875_at,"[-0.2650020040987245, -0.35726753284405854]"
0.7,AB000464_at,AF009301_at,"[-0.16729910644089407, -0.4133209019491746]"
0.7,AB000464_at,AF015913_at,"[0.0, -1.874411994119766]"
0.7,AB000468_at,AC000061_cds2_at,"[-0.7759849893359214, -0.35938186339659584]"
0.7,AB000468_at,AF000560_at,"[-0.7860471472117089, 0.8507111841203826]"
0.7,AB000468_at,AF003743_at,"[-1.0027026660296323, -0.5286751491930572]"
0.7,AB001106_at,AB002318_at,"[0.0, -0.21050473849426404]"
0.7,AB001106_at,AB002559_at,"[0.0, 1.1171803068067643]"
0.7,AB001106_at,AF015913_at,"[0.0, -1.870347890292069]"
0.7,AB001106_at,D00017_at,"[0.0, -0.0006900088057929924]"
0.7,AB001325_at,AB002318_at,"[0.0, -0.22412959352011658]"
0.7,AB001325_at,AB002559_at,"[0.0, 1.0903311554779909]"
0.7,AB001325_at,AB003177_at,"[0.0, 0.0]"
0.7,AB001325_at,AF002224_at,"[0.0, 0.269453354003956]"
0.7,AB002315_at,AB002559_at,"[1.1619010859187977, 1.0533699387634692]"
0.7,AB002315_at,AC000064_cds1_at,"[1.0068228484159165, 1.596017548309477]"
0.7,AB002315_at,AF002700_at,"[0.9886036025431911, 1.0539580730792308]"
0.7,AB002315_at,AF008445_at,"[0.5790244406809463, 0.43882538965234336]"
0.7,AB002318_at,AB002382_at,"[-0.1949491312531539, 0.0]"
0.7,AB002318_at,AB002559_at,"[-0.23344038533704534, 1.1155357127347585]"
0.7,AB002318_at,AB003177_at,"[-0.2157402411088447, 0.0]"
0.7,AB002318_at,AC000061_cds2_at,"[-0.1742702184247162, -0.0892532290839679]"
0.7,AB002318_at,AC002115_rna2_at,"[-0.19093499883850176, 0.0]"
0.7,AB002318_at,AF000231_at,"[-0.21927417428867668, 0.0]"
0.7,AB002318_at,AF000562_at,"[-0.2087588309129495, 0.0]"
0.7,AB002318_at,AF002224_at,"[-0.3045582516444735, 0.328796753457273]"
0.7,AB002318_at,AF003743_at,"[-0.1763160859637766, -0.08457699810474589]"
0.7,AB002318_at,AF006041_at,"[-0.22405263929911065, 0.0]"
0.7,AB002318_at,AF006084_at,"[-0.19829741677002774, 0.12187431927844652]"
0.7,AB002318_at,AF009301_at,"[-0.23619927928589465, -0.4362329853254816]"
0.7,AB002318_at,AF010193_at,"[-0.20945390984826895, 0.0]"
0.7,AB002318_at,AJ001421_at,"[-0.1901358988200491, 0.0]"
0.7,AB002382_at,AF002224_at,"[0.0, 0.2700479868746018]"
0.7,AB002382_at,AF015913_at,"[0.0, -1.8552574690956392]"
0.7,AB002559_at,AB003177_at,"[1.1024843574264314, 0.0]"
0.7,AB002559_at,AC000061_cds2_at,"[1.1468171278911095, -0.2779855218430084]"
0.7,AB002559_at,AC002115_rna2_at,"[1.1011328872268074, 0.0]"
0.7,AB002559_at,AF003743_at,"[1.1207817124959765, -0.11175798223214728]"
0.7,AB002559_at,AF006041_at,"[1.1030914800339977, 0.0]"
0.7,AB002559_at,AF007875_at,"[1.097496475950021, 0.0]"
0.7,AB002559_at,AF009301_at,"[1.0265375569816986, -0.22121044902428147]"
0.7,AB003177_at,AC002115_rna2_at,"[0.0, 0.0]"
0.7,AB003177_at,AF000231_at,"[0.0, 0.0]"
0.7,AB003177_at,AF002224_at,"[0.0, 0.2673491625238993]"
0.7,AB003177_at,AF015913_at,"[0.0, -1.8716109701607304]"
0.7,AC000061_cds2_at,AC002115_cds1_at,"[-0.2542478129115576, -0.5317945791605002]"
0.7,AC000061_cds2_at,AF002224_at,"[-0.2583637917500275, 0.33588004329569116]"
0.7,AC000061_cds2_at,AF003743_at,"[-0.1342931832474118, -0.08219699258019737]"
0.7,AC000061_cds2_at,AF015913_at,"[-0.055844020891003404, -1.8613579384829646]"
0.7,AC000061_cds2_at,D00017_at,"[-0.1524509732546115, -0.007954516224665076]"
0.7,AC002115_cds1_at,AF000560_at,"[-0.29211501079708835, 0.5847179416619086]"
0.7,AC002115_cds1_at,AF006087_at,"[-0.45340544426636314, -0.6331442012096311]"
0.7,AC002115_cds1_at,AF015910_at,"[-0.4440078198989936, -0.13235161155760666]"
0.7,AC002115_rna2_at,AF015913_at,"[0.15979036261849247, -1.8953213991373583]"
0.7,AC002115_rna2_at,D00017_at,"[0.0, -0.002354581940895467]"
0.7,AF000231_at,AF000560_at,"[0.0, 0.7637852056981346]"
0.7,AF000231_at,AF015913_at,"[0.0, -1.8520829916183377]"
0.7,AF000231_at,D00017_at,"[0.0, -0.005227890568945146]"
0.7,AF000560_at,AF008445_at,"[0.7094780303421481, 0.529907870123822]"
0.7,AF000560_at,AF008937_at,"[0.6720373954711817, 1.8784783013849637]"
0.7,AF002224_at,AF007875_at,"[0.24058291085757166, -0.22823959868071425]"
0.7,AF002224_at,D00017_at,"[0.2751034069903286, -0.022739588739526802]"
0.7,AF003743_at,AF009301_at,"[-0.13595184934005494, -0.44267999063618246]"
0.7,AF003743_at,D00017_at,"[-0.09296666048226743, 0.0]"
0.7,AF006041_at,AF015913_at,"[0.033897071263132614, -1.8745082977249792]"
0.7,AF006041_at,D00017_at,"[0.0, 0.0]"
0.7,AF008445_at,AF008937_at,"[0.6022578265997675, 2.066485377877713]"
0.7,AF008445_at,AF015913_at,"[0.3571424226144659, -1.6234951222650789]"
0.7,AF008445_at,D00632_at,"[0.4830739002579756, 1.0092804441135228]"
0.7,AF008937_at,D00632_at,"[1.792657694562845, 1.009941874017242]"
0.7,AF009301_at,D00017_at,"[-0.42441433101572484, -0.029536640421349087]"
0.7,AF015913_at,D00596_at,"[-1.5389103551663514, -0.7509473457585266]"
0.7,AF015913_at,D00632_at,"[-1.54032767111527, 0.7739745023826435]"
0.7,D00596_at,D00632_at,"[-0.6205873657695868, 0.7412805661335297]"
0.69,AFFX-HUMISGF3A/M97935_MB_at,AFFX-HUMGAPDH/M33197_M_at,"[0.6117755125011171, -0.09917212772853262]"
0.69,AFFX-HUMISGF3A/M97935_MB_at,AFFX-HSAC07/X00351_M_at,"[0.47956995347025744, -0.1360037838028345]"
0.69,AFFX-HUMISGF3A/M97935_MB_at,AFFX-HSAC07/X00351_3_st,"[0.32354787461795487, -0.5493087643462661]"
0.69,AFFX-HUMISGF3A/M97935_MB_at,AFFX-HUMGAPDH/M33197_M_st,"[0.22989835184103646, 1.1622352449227547]"
0.69,AFFX-HUMISGF3A/M97935_MB_at,A28102_at,"[0.6189177490280822, 0.6222372113063875]"
0.69,AFFX-HUMISGF3A/M97935_MB_at,AB000115_at,"[0.6668787765416511, 0.0]"
0.69,AFFX-HUMISGF3A/M97935_MB_at,AB001325_at,"[0.6737694362637839, 0.0]"
0.69,AFFX-HUMISGF3A/M97935_MB_at,AB002318_at,"[0.6348185220464063, -0.1723954631114401]"
0.69,AFFX-HUMISGF3A/M97935_MB_at,AC000061_cds2_at,"[0.6368581101763324, -0.06756385560330562]"
0.69,AFFX-HUMISGF3A/M97935_MB_at,AC000064_cds1_at,"[0.7677426988133165, 1.4415013485411003]"
0.69,AFFX-HUMISGF3A/M97935_MB_at,AF000560_at,"[0.5405213730782474, 0.711782815230218]"
0.69,AFFX-HUMISGF3A/M97935_MB_at,AF002224_at,"[0.6784546720046518, 0.30487232301201433]"
0.69,AFFX-HUMISGF3A/M97935_MB_at,AF006087_at,"[0.6333574989825478, -0.6644717966593984]"
0.69,AFFX-HUMISGF3A/M97935_MB_at,AF007875_at,"[0.6571610969417531, -0.29217864856743786]"
0.69,AFFX-HUMISGF3A/M97935_MB_at,AF010193_at,"[0.6625734336430944, 0.0]"
0.69,AFFX-HUMISGF3A/M97935_MB_at,D00017_at,"[0.6642321967845545, -0.0035710010566603863]"
0.69,AFFX-HUMISGF3A/M97935_3_at,AFFX-HSAC07/X00351_3_st,"[0.0, -0.7345887047595641]"
0.69,AFFX-HUMISGF3A/M97935_3_at,AB000115_at,"[0.0, 0.1472249425080527]"
0.69,AFFX-HUMISGF3A/M97935_3_at,AF002224_at,"[0.0, 0.26041108711808]"
0.69,AFFX-HUMISGF3A/M97935_3_at,AF006087_at,"[0.0, -0.7023236209656013]"
0.69,AFFX-HUMISGF3A/M97935_3_at,AF015913_at,"[0.0, -1.87111746955517]"
0.69,AFFX-HUMRGE/M10098_5_at,AFFX-HUMRGE/M10098_3_at,"[0.3248821975946494, -0.5379402703361126]"
0.69,AFFX-HUMRGE/M10098_5_at,AFFX-HSAC07/X00351_3_st,"[0.029564094576128776, -0.7649548426705006]"
0.69,AFFX-HUMRGE/M10098_5_at,AFFX-HUMGAPDH/M33197_3_st,"[-0.05328177360300882, 0.0003530842500914293]"
0.69,AFFX-HUMRGE/M10098_5_at,AB000464_at,"[-0.04578589953503543, -0.12622087043140595]"
0.69,AFFX-HUMRGE/M10098_5_at,AB002318_at,"[-0.055468924131605174, -0.21738602355556821]"
0.69,AFFX-HUMRGE/M10098_5_at,AB002382_at,"[-0.05322879833034726, 0.0]"
0.69,AFFX-HUMRGE/M10098_5_at,AF000231_at,"[-0.056182177474488434, -0.02990065988010509]"
0.69,AFFX-HUMRGE/M10098_5_at,AF003743_at,"[-0.04660166220049548, -0.046827827384545356]"
0.69,AFFX-HUMRGE/M10098_5_at,AF008445_at,"[0.0, 0.5944007225469322]"
0.69,AFFX-HUMRGE/M10098_5_at,AF010193_at,"[-0.053388235405966204, 0.0]"
0.69,AFFX-HUMRGE/M10098_M_at,AFFX-M27830_3_at,"[-0.2253680170614367, 0.0]"
0.69,AFFX-HUMRGE/M10098_M_at,AB002318_at,"[-0.232256540117313, -0.29028580007357624]"
0.69,AFFX-HUMRGE/M10098_M_at,AB003177_at,"[-0.2247442889076723, 0.0]"
0.69,AFFX-HUMRGE/M10098_M_at,AC002115_rna2_at,"[-0.2253879949819486, 0.0]"
0.69,AFFX-HUMRGE/M10098_M_at,AF002700_at,"[-0.3630105730061242, 1.4192343882669436]"
0.69,AFFX-HUMRGE/M10098_M_at,AF006084_at,"[-0.22675311613450577, 0.1170918748260458]"
0.69,AFFX-HUMRGE/M10098_M_at,AF008937_at,"[-0.24571656264795608, 1.953730702759419]"
0.69,AFFX-HUMRGE/M10098_M_at,AJ001421_at,"[-0.22527679962988253, 0.0]"
0.69,AFFX-HUMRGE/M10098_M_at,D00632_at,"[-0.335287213094436, 1.387248786762217]"
0.69,AFFX-HUMRGE/M10098_3_at,AFFX-HSAC07/X00351_3_st,"[-0.04476437892539197, -0.7108870040873861]"
