0.87,AFFX-HUMTFRR/M11507_M_at,AF000560_at,"[1.4858860265417908, 0.3687731936611057]"
0.87,AFFX-HUMTFRR/M11507_M_at,AF006041_at,"[1.6936826688853721, 0.4846444815955565]"
0.87,AFFX-HUMTFRR/M11507_3_at,AB000449_at,"[1.742349741554352, -1.900497355466793]"
0.86,AFFX-HUMTFRR/M11507_M_at,D00632_at,"[1.5506547853608297, 0.3619680274754512]"
0.85,AFFX-HUMRGE/M10098_5_at,AFFX-HUMTFRR/M11507_M_at,"[-0.011523724843714847, 1.4539478368354077]"
0.85,AFFX-HUMTFRR/M11507_5_at,AFFX-HUMTFRR/M11507_M_at,"[0.42155236332377477, 1.2828359242203737]"
0.85,AFFX-HUMTFRR/M11507_M_at,AFFX-M27830_M_at,"[1.4412834404610868, -0.08408459943803304]"
0.85,AFFX-HUMTFRR/M11507_M_at,AFFX-HSAC07/X00351_3_st,"[1.333139782432115, -0.16121474292036564]"
0.85,AFFX-HUMTFRR/M11507_M_at,AFFX-HUMGAPDH/M33197_3_st,"[1.351945431204035, -0.19030400316670645]"
0.85,AFFX-HUMTFRR/M11507_M_at,AB001325_at,"[1.4890198828351642, 0.025891471856012482]"
0.85,AFFX-HUMTFRR/M11507_M_at,AB002382_at,"[1.4560851451411347, -0.06366670610254765]"
0.85,AFFX-HUMTFRR/M11507_M_at,AC000064_cds1_at,"[1.414217782311017, 0.5191886742987426]"
0.85,AFFX-HUMTFRR/M11507_M_at,AC002115_cds1_at,"[1.4671605024537018, -0.543544525237289]"
0.85,AFFX-HUMTFRR/M11507_M_at,AF002700_at,"[1.5523460354668794, 0.4590301571210183]"
0.85,AFFX-HUMTFRR/M11507_M_at,AF003743_at,"[1.460923551655805, -0.17447942115271708]"
0.85,AFFX-HUMTFRR/M11507_M_at,AF010193_at,"[1.4665378572372687, -0.25411905384295447]"
0.85,AFFX-HUMTFRR/M11507_M_at,AJ001421_at,"[1.469749015990111, 0.02902497609240262]"
0.84,AFFX-HUMRGE/M10098_M_at,AFFX-HUMTFRR/M11507_M_at,"[-0.04408516464106427, 1.4152974749315368]"
0.84,AFFX-HUMTFRR/M11507_M_at,AFFX-M27830_5_at,"[1.4518116262726173, -0.02012005189041366]"
0.84,AFFX-HUMTFRR/M11507_M_at,AFFX-M27830_3_at,"[1.4804093467400004, 0.014016137045022692]"
0.84,AFFX-HUMTFRR/M11507_M_at,A28102_at,"[1.4510424598640201, 0.09362242261508213]"
0.84,AFFX-HUMTFRR/M11507_M_at,AB001106_at,"[1.4747762143764958, -0.011450944731924984]"
0.84,AFFX-HUMTFRR/M11507_M_at,AB002559_at,"[1.458318268642998, 0.5917103483805772]"
0.84,AFFX-HUMTFRR/M11507_M_at,AC000061_cds2_at,"[1.4370265707703889, -0.06243383608233141]"
0.84,AFFX-HUMTFRR/M11507_M_at,AF000231_at,"[1.5275677333992042, -0.6043147994411373]"
0.84,AFFX-HUMTFRR/M11507_M_at,AF007875_at,"[1.5350990066541341, -0.1746240262834189]"
0.84,AFFX-HUMTFRR/M11507_M_at,AF008937_at,"[1.555489667180135, 0.7127023683043812]"
0.84,AFFX-HUMTFRR/M11507_M_at,AF009301_at,"[1.476525108327744, -0.09247006500544597]"
0.84,AFFX-HUMTFRR/M11507_M_at,AF014958_at,"[1.4785387146544215, -0.020000466194406125]"
0.84,AFFX-HUMTFRR/M11507_M_at,AF015913_at,"[1.467428663036163, -0.04386799328784008]"
0.84,AB000449_at,AJ000480_at,"[-1.3464739177900007, 1.8892491396139666]"
0.84,AC000061_cds2_at,AJ000480_at,"[-0.7916053676836462, 2.1363091380080332]"
0.83,AFFX-HUMISGF3A/M97935_MB_at,AFFX-HUMTFRR/M11507_M_at,"[0.1735615713997808, 1.4764221151629642]"
0.83,AFFX-HUMISGF3A/M97935_3_at,AFFX-HUMTFRR/M11507_M_at,"[0.14119452082491812, 1.5431100554873558]"
0.83,AFFX-HUMRGE/M10098_3_at,AFFX-HUMTFRR/M11507_M_at,"[-0.08393188078413916, 1.4220416896072943]"
0.83,AFFX-HUMGAPDH/M33197_M_at,AFFX-HUMTFRR/M11507_M_at,"[0.049998660337757794, 1.4652176673401327]"
0.83,AFFX-HSAC07/X00351_5_at,AFFX-HUMTFRR/M11507_M_at,"[0.07854191744919259, 1.4965281339370426]"
0.83,AFFX-HUMTFRR/M11507_M_at,AFFX-HSAC07/X00351_M_st,"[1.5903402747651578, 0.21255231181822334]"
0.83,AFFX-HUMTFRR/M11507_M_at,AB000449_at,"[1.7865704863143608, -1.1105467552923232]"
0.83,AFFX-HUMTFRR/M11507_M_at,AB000464_at,"[1.5410908604236637, 0.12941889460370143]"
0.83,AFFX-HUMTFRR/M11507_M_at,AB000468_at,"[1.5787097415699576, -0.30954557931075477]"
0.83,AFFX-HUMTFRR/M11507_M_at,AB000584_at,"[1.6874168021122646, -0.34722955506712927]"
0.83,AFFX-HUMTFRR/M11507_M_at,AB002315_at,"[1.4094950778896644, 0.0938037683350097]"
0.83,AFFX-HUMTFRR/M11507_M_at,AB002318_at,"[1.5118906039453732, 0.028655318292269527]"
0.83,AFFX-HUMTFRR/M11507_M_at,AB003177_at,"[1.4432652726125765, 0.10208579480384256]"
0.83,AFFX-HUMTFRR/M11507_M_at,AC002073_cds1_at,"[1.4545219461910543, 0.2768702923001184]"
0.83,AFFX-HUMTFRR/M11507_M_at,AF000562_at,"[1.54172222026366, -0.373243405305155]"
0.83,AFFX-HUMTFRR/M11507_M_at,AF006084_at,"[1.6798842533389202, 1.0324332195265713]"
0.83,AFFX-HUMTFRR/M11507_M_at,AF006087_at,"[1.475761227752889, -0.014559678573256973]"
0.83,AFFX-HUMTFRR/M11507_M_at,AF008445_at,"[1.6048284627348652, -0.11163572684794776]"
0.83,AFFX-HUMTFRR/M11507_M_at,AF015910_at,"[1.4756098133083209, -0.01780767597536248]"
0.83,AFFX-HUMTFRR/M11507_M_at,D00596_at,"[1.5189772322616009, -0.22115180765592357]"
0.83,AFFX-HSAC07/X00351_3_st,AJ000480_at,"[-0.6674278698457194, 1.9755714433062186]"
0.82,AFFX-HUMGAPDH/M33197_5_at,AFFX-HUMTFRR/M11507_M_at,"[0.057336996895996695, 1.467296608183258]"
0.82,AFFX-HSAC07/X00351_M_at,AFFX-HUMTFRR/M11507_M_at,"[0.05012702290224169, 1.4736471006554963]"
0.82,AFFX-HUMTFRR/M11507_5_at,AC002073_cds1_at,"[1.651476704144234, 0.9930015391968379]"
0.82,AFFX-HUMTFRR/M11507_5_at,AJ000480_at,"[1.3435640411050862, 1.4886381418733772]"
0.82,AFFX-HUMTFRR/M11507_M_at,AFFX-HUMGAPDH/M33197_M_st,"[1.5215387266373404, 0.10306837044749788]"
0.82,AFFX-HUMTFRR/M11507_M_at,AB000115_at,"[1.4708927826088785, 0.03873455486341437]"
0.82,AFFX-HUMTFRR/M11507_M_at,AF002224_at,"[1.4658309698436318, -0.02045296974753706]"
0.82,AFFX-HUMTFRR/M11507_M_at,AJ000480_at,"[1.0110565640482305, 1.0373889580385844]"
0.82,AFFX-HUMTFRR/M11507_M_at,D00017_at,"[1.4743677816381633, 0.011639471845647176]"
0.82,AFFX-HUMTFRR/M11507_3_at,D00596_at,"[1.5865266289788145, -0.8376029243339291]"
0.81,AFFX-HUMISGF3A/M97935_MA_at,AFFX-HUMTFRR/M11507_M_at,"[0.18179506048519878, 1.4151034956533384]"
0.81,AFFX-HUMTFRR/M11507_5_at,AFFX-M27830_5_at,"[1.8940744639438754, -0.3119853731769582]"
0.81,AFFX-HUMTFRR/M11507_5_at,AF008445_at,"[1.3810851168175418, 0.48259591232694976]"
0.81,AFFX-HUMTFRR/M11507_M_at,AFFX-HUMTFRR/M11507_3_at,"[0.9881444846723177, 0.6818182295879878]"
0.81,AFFX-HUMTFRR/M11507_M_at,AC002115_rna2_at,"[1.3341511486899569, 0.2657210450224877]"
0.81,AFFX-HUMTFRR/M11507_3_at,AF006041_at,"[1.38367663742581, 0.7596949079134785]"
0.81,AFFX-HUMTFRR/M11507_3_at,AF008937_at,"[1.4859974773291336, 1.2396104783686739]"
0.81,AFFX-HUMGAPDH/M33197_3_st,AJ000480_at,"[-0.38262359866130485, 2.0869436865155615]"
0.8,AFFX-HUMRGE/M10098_5_at,AJ000480_at,"[-0.14053797655095668, 2.07478996205514]"
0.8,AFFX-HUMRGE/M10098_M_at,AFFX-HUMTFRR/M11507_5_at,"[-0.2260497703597868, 1.7004901421778642]"
0.8,AFFX-HUMTFRR/M11507_3_at,AFFX-M27830_M_at,"[1.3873930924045632, -0.19355413112292363]"
0.8,AFFX-HUMTFRR/M11507_3_at,AFFX-HSAC07/X00351_3_st,"[1.3528696155540316, -0.5621055969370998]"
0.8,AFFX-HUMTFRR/M11507_3_at,AB000468_at,"[1.5667596369744357, -0.7338772183030539]"
0.8,AFFX-HUMTFRR/M11507_3_at,AC002073_cds1_at,"[1.1876233231292295, 0.8662679845265598]"
0.8,AFFX-HUMTFRR/M11507_3_at,AC002115_cds1_at,"[1.418275373769988, -0.22969160399877686]"
0.8,AB002559_at,AJ000480_at,"[0.883164291200293, 2.1032669140321265]"
0.8,AF008937_at,AJ000480_at,"[1.0448624796489794, 1.85573296762635]"
0.8,AF015913_at,AJ000480_at,"[-0.8972740467333283, 2.0146860146196444]"
0.79,AFFX-HUMISGF3A/M97935_MA_at,AFFX-HUMTFRR/M11507_5_at,"[0.6367341842427985, 1.2055537045710913]"
0.79,AFFX-HUMISGF3A/M97935_3_at,AFFX-HUMTFRR/M11507_3_at,"[-0.24017667804219986, 1.392927703235571]"
0.79,AFFX-HUMRGE/M10098_5_at,AFFX-HUMTFRR/M11507_3_at,"[-0.01829315606410871, 1.483372044054226]"
0.79,AFFX-HUMRGE/M10098_M_at,AFFX-HUMTFRR/M11507_3_at,"[-0.09297566541920843, 1.3304757420163609]"
0.79,AFFX-HUMRGE/M10098_M_at,AJ000480_at,"[-0.1854495334307081, 1.9825928477899637]"
0.79,AFFX-HUMRGE/M10098_3_at,AFFX-HUMTFRR/M11507_5_at,"[-0.27647872104709403, 1.8521006388225427]"
0.79,AFFX-HUMRGE/M10098_3_at,AJ000480_at,"[-0.17403108145517976, 2.141617852405756]"
0.79,AFFX-HUMTFRR/M11507_5_at,AFFX-HUMTFRR/M11507_3_at,"[0.775541651479849, 1.134897480910929]"
0.79,AFFX-HUMTFRR/M11507_5_at,AFFX-HUMGAPDH/M33197_3_st,"[1.8506437222732368, -0.34877731929292666]"
0.79,AFFX-HUMTFRR/M11507_5_at,AC000061_cds2_at,"[1.6266248518747353, -0.686538601609687]"
0.79,AFFX-HUMTFRR/M11507_5_at,AF006084_at,"[2.2630704390432763, 1.1281221319594814]"
0.79,AFFX-HUMTFRR/M11507_5_at,AF015913_at,"[1.7021148263052899, -1.001745947748484]"
0.79,AFFX-HUMTFRR/M11507_3_at,AFFX-HUMGAPDH/M33197_M_st,"[1.5061770346438306, 0.03285562949757041]"
0.79,AFFX-HUMTFRR/M11507_3_at,AFFX-HUMGAPDH/M33197_3_st,"[1.3855081532163969, -0.14367549213823413]"
0.79,AFFX-HUMTFRR/M11507_3_at,AB001106_at,"[1.4944639083924964, 0.03492055096610691]"
0.79,AFFX-HUMTFRR/M11507_3_at,AB001325_at,"[1.509410806039729, 0.022846296925192244]"
0.79,AFFX-HUMTFRR/M11507_3_at,AB002315_at,"[1.3720854302285022, 0.30683682901274745]"
0.79,AFFX-HUMTFRR/M11507_3_at,AB002382_at,"[1.4736540730979393, -0.09742070258698032]"
0.79,AFFX-HUMTFRR/M11507_3_at,AB003177_at,"[1.49054598612439, 0.08705494359233251]"
0.79,AFFX-HUMTFRR/M11507_3_at,AC002115_rna2_at,"[1.5281323069345358, -0.07695706281890155]"
0.79,AFFX-HUMTFRR/M11507_3_at,AF000231_at,"[1.4774044706704237, -0.22425114874469143]"
0.79,AFFX-HUMTFRR/M11507_3_at,AF000562_at,"[1.4364261716587772, 0.2338217460208344]"
0.79,AFFX-HUMTFRR/M11507_3_at,AF002224_at,"[1.511460246731561, 0.39025156765797575]"
0.79,AFFX-HUMTFRR/M11507_3_at,AF003743_at,"[1.3767275132902344, -0.17680582380201326]"
0.79,AFFX-HUMTFRR/M11507_3_at,AF006084_at,"[1.5771513405169753, 0.9550801389621895]"
0.79,AFFX-HUMTFRR/M11507_3_at,AF006087_at,"[1.497333951748641, -0.01005817106507052]"
0.79,AFFX-HUMTFRR/M11507_3_at,AF007875_at,"[1.4730238359326424, -0.23820198857022468]"
0.79,AFFX-HUMTFRR/M11507_3_at,AF009301_at,"[1.460677052417395, -0.624652129952425]"
0.79,AFFX-HUMTFRR/M11507_3_at,AJ000480_at,"[1.0829180245555357, 1.2359791577872599]"
0.79,AFFX-HUMTFRR/M11507_3_at,AJ001421_at,"[1.4925152408128177, 0.013402333383463194]"
0.79,AFFX-M27830_5_at,AJ000480_at,"[-0.17550935117234845, 2.089661817066677]"
0.79,AB000468_at,AJ000480_at,"[-0.6521062723219769, 2.092639479529071]"
0.79,AB001325_at,AJ000480_at,"[-0.6755237555530642, 2.0901170411579253]"
0.79,AB002315_at,AJ000480_at,"[0.6727349754374463, 2.1834159842291525]"
0.79,AB002382_at,AJ000480_at,"[-0.4968750703241166, 2.2423171749807116]"
0.79,AF014958_at,AJ000480_at,"[0.31258147820350857, 2.030036691581195]"
0.79,AJ000480_at,D00596_at,"[2.1835036283630638, -0.5367863512382122]"
0.78,AFFX-HUMGAPDH/M33197_5_at,AJ000480_at,"[-0.2336733220851186, 2.066088058713695]"
0.78,AFFX-HUMTFRR/M11507_5_at,AFFX-M27830_M_at,"[1.852677000874907, -0.3950128022730064]"
0.78,AFFX-HUMTFRR/M11507_5_at,AC002115_cds1_at,"[1.7874102949759962, -1.1086684865603096]"
0.78,AFFX-HUMTFRR/M11507_5_at,AF010193_at,"[2.0604443702402397, -0.44486936455129905]"
0.78,AFFX-HUMTFRR/M11507_5_at,D00596_at,"[1.347778554048772, -0.9046450868521386]"
0.78,AFFX-HUMTFRR/M11507_3_at,AFFX-M27830_5_at,"[1.3844639140304469, -0.09904374734957377]"
0.78,AFFX-HUMTFRR/M11507_3_at,AFFX-M27830_3_at,"[1.4998902450379497, 0.03269631165303366]"
0.78,AFFX-HUMTFRR/M11507_3_at,AFFX-HSAC07/X00351_M_st,"[1.4280725399394492, 0.18664295870268569]"
0.78,AFFX-HUMTFRR/M11507_3_at,A28102_at,"[1.4608283560929183, 0.07633026678335564]"
0.78,AFFX-HUMTFRR/M11507_3_at,AB000115_at,"[1.4950064009128523, 0.020086740207860165]"
0.78,AFFX-HUMTFRR/M11507_3_at,AB000464_at,"[1.5221690276276196, 0.10786586564048767]"
0.78,AFFX-HUMTFRR/M11507_3_at,AB000584_at,"[1.5187009722992566, -0.0988335584193194]"
0.78,AFFX-HUMTFRR/M11507_3_at,AB002318_at,"[1.5206848289267456, 0.034707070333539036]"
0.78,AFFX-HUMTFRR/M11507_3_at,AB002559_at,"[1.4827830074016577, 1.1481611402131056]"
0.78,AFFX-HUMTFRR/M11507_3_at,AC000061_cds2_at,"[1.479462509242256, -0.055575282562482536]"
0.78,AFFX-HUMTFRR/M11507_3_at,AF000560_at,"[1.5240889940142184, 0.6800452973336808]"
0.78,AFFX-HUMTFRR/M11507_3_at,AF002700_at,"[1.5849688217030917, 0.5857651474844827]"
0.78,AFFX-HUMTFRR/M11507_3_at,AF008445_at,"[1.4745778955890076, 0.022457230466152556]"
0.78,AFFX-HUMTFRR/M11507_3_at,AF010193_at,"[1.5133767114551997, -0.08560924126528863]"
0.78,AFFX-HUMTFRR/M11507_3_at,AF015913_at,"[1.4923943151373553, -0.11174248658463087]"
0.78,AFFX-HUMTFRR/M11507_3_at,D00632_at,"[1.3823413793565493, 0.255869908957313]"
0.78,AFFX-HSAC07/X00351_M_st,AJ000480_at,"[-0.04546182073525662, 1.94488882175587]"
0.78,AB000449_at,AC002073_cds1_at,"[-1.5831509326188205, 1.5000640959631188]"
0.78,AB000584_at,AJ000480_at,"[0.5797437854368221, 2.0701959294560903]"
0.78,AF000231_at,AJ000480_at,"[-0.6713171912260321, 1.883418116960507]"
0.78,AF000562_at,AJ000480_at,"[0.5019029224020601, 1.881181468808413]"
0.78,AF006041_at,AJ000480_at,"[0.13240651537564574, 1.9001471805803287]"
0.78,AF008445_at,AJ000480_at,"[0.45403545884444796, 2.129978210220708]"
0.78,AF009301_at,AJ000480_at,"[-0.23540744802608105, 1.930262107191434]"
0.77,AFFX-HUMISGF3A/M97935_MA_at,AFFX-HUMTFRR/M11507_3_at,"[0.01646525399626464, 1.5003791493970255]"
0.77,AFFX-HUMISGF3A/M97935_MA_at,AJ000480_at,"[0.5529033540701384, 1.7932720850883994]"
0.77,AFFX-HUMISGF3A/M97935_MB_at,AFFX-HUMTFRR/M11507_3_at,"[0.009276716658579542, 1.5025089570031493]"
0.77,AFFX-HUMRGE/M10098_5_at,AFFX-HUMTFRR/M11507_5_at,"[-0.22471033664826723, 1.9502668112460355]"
0.77,AFFX-HUMRGE/M10098_3_at,AFFX-HUMTFRR/M11507_3_at,"[-0.09367289564634351, 1.3797999102094496]"
0.77,AFFX-HUMGAPDH/M33197_M_at,AFFX-HUMTFRR/M11507_3_at,"[-0.013387231816990752, 1.510727411156426]"
0.77,AFFX-HSAC07/X00351_5_at,AFFX-HUMTFRR/M11507_3_at,"[-0.020864125009716794, 1.503295599517767]"
0.77,AFFX-HSAC07/X00351_5_at,AJ000480_at,"[-0.38972945540125004, 2.176417153212755]"
0.77,AFFX-HSAC07/X00351_M_at,AFFX-HUMTFRR/M11507_3_at,"[-0.012886447981141913, 1.5070744932703053]"
0.77,AFFX-HUMTFRR/M11507_5_at,AFFX-HSAC07/X00351_3_st,"[1.715761588962357, -0.4721378647541654]"
0.77,AFFX-HUMTFRR/M11507_5_at,AB000584_at,"[1.1816606641803848, 0.5463585019847024]"
0.77,AFFX-HUMTFRR/M11507_5_at,AB001325_at,"[1.494928166013387, -0.31916522117873036]"
0.77,AFFX-HUMTFRR/M11507_5_at,AB003177_at,"[1.5372043716536694, 0.24249646392094754]"
0.77,AFFX-HUMTFRR/M11507_3_at,AC000064_cds1_at,"[1.4347536553244267, 0.5684234171584507]"
0.77,AFFX-HUMTFRR/M11507_3_at,AF014958_at,"[1.4349719902247722, 0.20352469211189259]"
0.77,AFFX-HUMTFRR/M11507_3_at,AF015910_at,"[1.4726165915186968, 0.13138708616942552]"
0.77,AFFX-HUMTFRR/M11507_3_at,D00017_at,"[1.5018203872732867, 0.011758217086718314]"
0.77,AFFX-M27830_M_at,AJ000480_at,"[-0.1732641906916066, 1.9247475214546055]"
0.77,AFFX-HUMGAPDH/M33197_M_st,AJ000480_at,"[0.34320573499447327, 1.8646903107184982]"
0.77,AB000464_at,AJ000480_at,"[-0.5319514047921603, 2.1562545402555395]"
0.77,AB002318_at,AJ000480_at,"[-0.6867240426699791, 2.341814354544709]"
0.77,AC000064_cds1_at,AJ000480_at,"[0.5287611490488641, 1.96454042641486]"
0.77,AC002073_cds1_at,AJ000480_at,"[0.7205005526862065, 1.638836957885603]"
0.77,AC002115_cds1_at,AJ000480_at,"[-0.37506954532623915, 1.788845495775752]"
0.77,AC002115_rna2_at,AJ000480_at,"[0.36541721813724604, 1.9120360400726468]"
0.77,AF007875_at,AJ000480_at,"[-0.37353610424099526, 2.053614473863983]"
0.77,AF010193_at,AJ000480_at,"[-0.028240886806772947, 1.9400968063638568]"
0.77,AF015910_at,AJ000480_at,"[-0.3628904616027978, 2.000501275995746]"
0.76,AFFX-HUMISGF3A/M97935_3_at,AB000584_at,"[0.13949156131905624, 0.7624329698672629]"
0.76,AFFX-HUMISGF3A/M97935_3_at,AJ000480_at,"[0.05746412151439101, 1.9192652587798384]"
0.76,AFFX-HUMRGE/M10098_5_at,AB000584_at,"[-0.031059195888133065, 0.7634224703910069]"
0.76,AFFX-HUMGAPDH/M33197_5_at,AFFX-HUMTFRR/M11507_3_at,"[-0.014752919720277813, 1.5092901055422177]"
0.76,AFFX-HUMGAPDH/M33197_M_at,AJ000480_at,"[-0.1998974352031775, 2.027666884447462]"
0.76,AFFX-HSAC07/X00351_5_at,AFFX-HUMTFRR/M11507_5_at,"[-0.47202945377048344, 1.6609774990490649]"
0.76,AFFX-HUMTFRR/M11507_5_at,AB000464_at,"[1.5824110155652023, -0.9456298972211118]"
0.76,AFFX-HUMTFRR/M11507_5_at,AC002115_rna2_at,"[1.580471897250048, 0.6551039904750369]"
0.76,AFFX-HUMTFRR/M11507_5_at,AF002224_at,"[1.5139376501411925, -0.4042596149629913]"
0.76,AFFX-HUMTFRR/M11507_5_at,AJ001421_at,"[1.4273341851034969, 0.4335192900002615]"
0.76,AFFX-M27830_M_at,AB000584_at,"[-0.10564834645366897, 0.7896091671100023]"
0.76,AFFX-M27830_3_at,AJ000480_at,"[-0.21297581331524085, 2.07795230661693]"
0.76,AB000449_at,AF015913_at,"[-1.7291018949226258, -1.6360632831635116]"
0.76,AB000584_at,AB001106_at,"[0.7820841222324602, -0.0553033543111272]"
0.76,AB000584_at,AB002315_at,"[0.727368688015382, 0.21839821610932364]"
0.76,AB000584_at,AC000061_cds2_at,"[0.8143832848052142, -0.3080054851672987]"
0.76,AF002700_at,AJ000480_at,"[0.01937103580956702, 1.9512657411845307]"
0.76,AF003743_at,AJ000480_at,"[-0.3780092478863638, 1.9788279310794652]"
0.76,AF006084_at,AJ000480_at,"[0.1105683000939004, 2.0154132412761188]"
0.76,AJ000480_at,AJ001421_at,"[1.9590457717421408, 0.14075790620679438]"
0.76,AJ000480_at,D00017_at,"[2.0559732369143138, 0.07865794124713077]"
0.75,AFFX-HUMISGF3A/M97935_MB_at,AB000584_at,"[0.17569857304411216, 0.7359414122502663]"
0.75,AFFX-HUMISGF3A/M97935_MB_at,AJ000480_at,"[0.40087390430895214, 1.7986617392005806]"
0.75,AFFX-HUMRGE/M10098_3_at,AB000584_at,"[-0.0641347478553127, 0.7735772244772888]"
0.75,AFFX-HUMTFRR/M11507_5_at,AB000449_at,"[1.5424339978353991, -1.7922929990572078]"
0.75,AFFX-HUMTFRR/M11507_5_at,AB002315_at,"[1.4869711902501221, 0.3498953502187099]"
0.75,AFFX-HUMTFRR/M11507_5_at,AB002559_at,"[1.4431901278903012, 1.491969490271002]"
0.75,AFFX-HUMTFRR/M11507_5_at,AC000064_cds1_at,"[1.883882372669394, 0.8918327521549139]"
0.75,AFFX-HUMTFRR/M11507_5_at,AF006041_at,"[2.0792561551522564, 0.6021401644554889]"
0.75,AFFX-HUMTFRR/M11507_5_at,D00017_at,"[1.5191025090901003, 0.18429590203876667]"
0.75,AFFX-M27830_5_at,AB000584_at,"[-0.04219475397921141, 0.7797464646189263]"
0.75,AFFX-HSAC07/X00351_3_st,AB000584_at,"[-0.1317352154778575, 0.7502559221363115]"
0.75,AFFX-HUMGAPDH/M33197_M_st,AB000584_at,"[0.12576767859384042, 0.7189150949181362]"
0.75,AFFX-HSAC07/X00351_M_st,AB000584_at,"[0.07838284070521116, 0.7449634069441142]"
0.75,AB000115_at,AJ000480_at,"[0.057080632002057374, 1.970023133676656]"
0.75,AB000464_at,AB000584_at,"[0.019978997382084057, 0.7833608476824139]"
0.75,AB000584_at,AB001325_at,"[0.7789624157666037, -0.09917804658497226]"
0.75,AB000584_at,AB002382_at,"[0.8215156695203036, -0.16211990961909759]"
0.75,AB000584_at,AB003177_at,"[0.779017789283936, 0.06209808695684561]"
0.75,AB000584_at,AC000064_cds1_at,"[0.7266833754894069, 0.22303322098664596]"
0.75,AB000584_at,AC002115_cds1_at,"[0.7654545526542382, -0.3311651570927908]"
0.75,AB000584_at,AF000231_at,"[0.7743894453301261, -0.7743892596524995]"
0.75,AB000584_at,AF000562_at,"[0.7809637389462708, -0.051648041586374815]"
0.75,AB000584_at,AF002224_at,"[0.775726238365755, -0.03411772616927411]"
0.75,AB000584_at,AF002700_at,"[0.7683289325592131, 0.11415187558679675]"
0.75,AB000584_at,AF003743_at,"[0.7402823753650478, -0.07267163399097717]"
0.75,AB000584_at,AF006041_at,"[0.7756317667899277, 0.07816007489562511]"
0.75,AB000584_at,AF007875_at,"[0.7685790355843067, -0.12424184444762616]"
0.75,AB000584_at,AF008937_at,"[0.9744961862135535, 0.6544762262668944]"
0.75,AB000584_at,AF009301_at,"[0.7724253650740005, -0.08577675483489738]"
0.75,AB000584_at,AF010193_at,"[0.7707540322094284, -0.1272645909829837]"
0.75,AB000584_at,AF014958_at,"[0.7754963619537567, -0.02753030414047431]"
0.75,AB000584_at,AJ001421_at,"[0.7906557382830721, 0.24508621039687897]"
0.75,AB000584_at,D00017_at,"[0.768529814220646, 0.009726456396778008]"
0.75,AB000584_at,D00632_at,"[0.7274661631724473, 0.12791907321468288]"
0.75,AB001106_at,AJ000480_at,"[0.4462213552881113, 1.910154123674009]"
0.75,AB002559_at,AF015913_at,"[1.516022193281993, -1.7664941600813289]"
0.75,AB003177_at,AJ000480_at,"[-0.32457101014525314, 2.092885872965824]"
0.75,AF000560_at,AJ000480_at,"[-0.08505718068586132, 2.083729805868333]"
0.75,AF002224_at,AJ000480_at,"[-0.2269726397884514, 2.124468428423918]"
0.75,AJ000480_at,D00632_at,"[1.9016913244134341, 0.5611691569083224]"
0.74,AFFX-HUMISGF3A/M97935_MA_at,AF002700_at,"[0.9756366734536305, 0.25190801773592636]"
0.74,AFFX-HUMRGE/M10098_M_at,AB000584_at,"[-0.05153134238567551, 0.7599144090570893]"
0.74,AFFX-HUMRGE/M10098_3_at,AB000449_at,"[-0.34575620429110465, -1.8820612877258145]"
0.74,AFFX-HSAC07/X00351_M_at,AJ000480_at,"[-0.21781086949236927, 2.1152784217743372]"
0.74,AFFX-HUMTFRR/M11507_5_at,AFFX-HUMGAPDH/M33197_M_st,"[1.495531651260306, 0.16701603192681486]"
0.74,AFFX-HUMTFRR/M11507_5_at,AFFX-HSAC07/X00351_M_st,"[1.4232728963154917, -0.07444318000014769]"
0.74,AFFX-HUMTFRR/M11507_5_at,A28102_at,"[1.599351074078757, 0.562417218662811]"
0.74,AFFX-HUMTFRR/M11507_5_at,AB001106_at,"[1.4190107201949662, 0.10851335976864307]"
0.74,AFFX-HUMTFRR/M11507_5_at,AF000231_at,"[1.4190107201949662, -0.2152972123574326]"
0.74,AFFX-HUMTFRR/M11507_5_at,AF000560_at,"[1.8175128967626153, 0.6156471750612205]"
0.74,AFFX-HUMTFRR/M11507_5_at,AF000562_at,"[1.4190107201949662, 0.011978925058073076]"
0.74,AFFX-HUMTFRR/M11507_5_at,AF007875_at,"[1.436475864696604, -0.11960415500034666]"
0.74,AFFX-HUMTFRR/M11507_5_at,AF008937_at,"[1.746041385616577, 0.9332115719910219]"
0.74,AFFX-HUMTFRR/M11507_5_at,AF009301_at,"[1.580471897250048, -0.3487302109953161]"
0.74,AFFX-M27830_3_at,AB000584_at,"[0.021020123260102958, 0.7797159716848499]"
0.74,AFFX-HUMGAPDH/M33197_3_st,AB000584_at,"[-0.0983129536366473, 0.7984696605438976]"
0.74,A28102_at,AB000584_at,"[-0.020247205836261495, 0.7723454321511232]"
0.74,A28102_at,AJ000480_at,"[0.43850980333280615, 2.00982934017013]"
0.74,AB000115_at,AB000584_at,"[0.12133315450486531, 0.7879917668710134]"
0.74,AB000468_at,AB000584_at,"[-0.2504564628853445, 0.8231140276684334]"
0.74,AB000584_at,AB002318_at,"[0.7718550600801177, -0.09758185506882616]"
0.74,AB000584_at,AB002559_at,"[0.8369147276267539, 0.6280234186246227]"
0.74,AB000584_at,AC002073_cds1_at,"[0.8220983169608413, 0.7112792338161086]"
0.74,AB000584_at,AC002115_rna2_at,"[0.8028813785224459, 0.22686369588522884]"
0.74,AB000584_at,AF000560_at,"[0.7689468263300406, 0.11741768291648357]"
0.74,AB000584_at,AF006084_at,"[0.9770059657207483, 0.4031035586509786]"
0.74,AB000584_at,AF006087_at,"[0.7667058256555559, -0.01676895492742897]"
0.74,AB000584_at,AF008445_at,"[0.7872323172215473, 0.22540039317847263]"
0.74,AB000584_at,AF015910_at,"[0.7598395071414221, -0.06144026970082095]"
0.74,AF000231_at,AF008445_at,"[-1.298224008121375, 0.7923682975215915]"
0.74,AF006087_at,AJ000480_at,"[-0.416682463164749, 1.8505546604193295]"
0.73,AFFX-HUMISGF3A/M97935_MA_at,AFFX-HUMRGE/M10098_M_at,"[0.9465905474166915, -0.051751128456032774]"
0.73,AFFX-HUMISGF3A/M97935_MA_at,AFFX-HUMRGE/M10098_3_at,"[0.9354247862628268, -0.05471722889115016]"
0.73,AFFX-HUMISGF3A/M97935_MA_at,AFFX-HSAC07/X00351_3_st,"[0.931569497141212, -0.09008119861977149]"
0.73,AFFX-HUMISGF3A/M97935_MA_at,AFFX-HUMGAPDH/M33197_3_st,"[0.8502009342836524, -0.04688862121391707]"
0.73,AFFX-HUMISGF3A/M97935_MA_at,AB000449_at,"[0.8764695339382665, -1.6116665121682394]"
0.73,AFFX-HUMISGF3A/M97935_MA_at,AB001106_at,"[0.8627498405729438, -0.06094449529245298]"
0.73,AFFX-HUMISGF3A/M97935_MA_at,AB002318_at,"[0.8518999841426586, -0.017073223730412423]"
0.73,AFFX-HUMISGF3A/M97935_MA_at,AB002382_at,"[0.8662043930348792, -0.13808519776733108]"
0.73,AFFX-HUMISGF3A/M97935_MA_at,AB002559_at,"[0.864695017484966, 0.647636748869111]"
0.73,AFFX-HUMISGF3A/M97935_MA_at,AC002073_cds1_at,"[0.8064476078551112, 0.49102820307860395]"
0.73,AFFX-HUMISGF3A/M97935_MA_at,AC002115_cds1_at,"[0.908142255248327, -0.39104143948210224]"
0.73,AFFX-HUMISGF3A/M97935_MA_at,AC002115_rna2_at,"[0.8413741273603536, 0.14429535148701877]"
0.73,AFFX-HUMISGF3A/M97935_MA_at,AF002224_at,"[0.8595177381810918, -0.03792589563228821]"
0.73,AFFX-HUMISGF3A/M97935_MA_at,AF006041_at,"[0.8672205783356742, 0.08754023268948297]"
0.73,AFFX-HUMISGF3A/M97935_MA_at,AF006084_at,"[0.8954118896383002, 0.3001880470932061]"
0.73,AFFX-HUMISGF3A/M97935_MA_at,AF006087_at,"[0.8609149199579093, -0.1774023226749908]"
0.73,AFFX-HUMISGF3A/M97935_MA_at,AF008937_at,"[0.9701486775734921, 0.5654559142608413]"
0.73,AFFX-HUMISGF3A/M97935_MA_at,AF009301_at,"[0.9172427677046607, -0.7633306920844014]"
0.73,AFFX-HUMISGF3A/M97935_MA_at,AF014958_at,"[0.8232145341417715, 0.08097543767788459]"
0.73,AFFX-HUMISGF3A/M97935_MB_at,AB000449_at,"[0.8314798917685111, -1.7536057851904978]"
0.73,AFFX-HUMRGE/M10098_M_at,AB000449_at,"[-0.3296119150039879, -1.8426851757422027]"
0.73,AFFX-HUMGAPDH/M33197_5_at,AFFX-HUMTFRR/M11507_5_at,"[-0.31959553634681637, 1.6123455519193677]"
0.73,AFFX-HUMGAPDH/M33197_5_at,AB000584_at,"[0.036704199335149124, 0.7759230903754158]"
0.73,AFFX-HSAC07/X00351_5_at,AB000584_at,"[-0.04702156214669817, 0.7758020113812356]"
0.73,AFFX-HSAC07/X00351_M_at,AFFX-HUMTFRR/M11507_5_at,"[-0.28447817526960506, 1.6250198474387234]"
0.73,AFFX-HUMTFRR/M11507_5_at,AFFX-M27830_3_at,"[1.4190107201949662, 0.08878923007743844]"
0.73,AFFX-HUMTFRR/M11507_5_at,AB002318_at,"[1.4190107201949662, -0.048982531400461826]"
0.73,AFFX-HUMTFRR/M11507_5_at,AF002700_at,"[1.4409168287196625, 0.11595063884162068]"
0.73,AFFX-HUMTFRR/M11507_5_at,AF003743_at,"[1.5934681237125237, -0.1823914109456347]"
0.73,AFFX-HUMTFRR/M11507_5_at,AF014958_at,"[1.683398658839175, 0.9015173929551731]"
0.73,AFFX-HUMTFRR/M11507_5_at,AF015910_at,"[1.631917482638663, -0.5878288026860052]"
0.73,AFFX-HUMGAPDH/M33197_M_st,AB000449_at,"[1.5252929341265515, -1.935629583543391]"
0.73,AB000468_at,AC002073_cds1_at,"[-0.5234869392796698, 1.4544484761976428]"
0.73,AB000584_at,D00596_at,"[0.7456360475508331, -0.11386798126802397]"
0.73,AB002559_at,AF006084_at,"[1.2663424101015652, 0.7558908181103894]"
0.73,AC002073_cds1_at,D00596_at,"[1.173369640248176, -0.6812740236202856]"
0.72,AFFX-HUMISGF3A/M97935_MA_at,AFFX-HUMISGF3A/M97935_MB_at,"[0.8029964188108677, 0.05769424460192213]"
0.72,AFFX-HUMISGF3A/M97935_MA_at,AFFX-HUMISGF3A/M97935_3_at,"[0.8966492771403348, -0.06490837182564263]"
0.72,AFFX-HUMISGF3A/M97935_MA_at,AFFX-HUMRGE/M10098_5_at,"[0.8400520747758918, -0.019331954054184752]"
0.72,AFFX-HUMISGF3A/M97935_MA_at,AFFX-HUMGAPDH/M33197_5_at,"[0.859174354123372, 0.04157574510667894]"
0.72,AFFX-HUMISGF3A/M97935_MA_at,AFFX-M27830_5_at,"[0.8327898939943102, -0.029270263979403577]"
0.72,AFFX-HUMISGF3A/M97935_MA_at,AFFX-M27830_M_at,"[0.9236426482295902, -0.11592637708082387]"
0.72,AFFX-HUMISGF3A/M97935_MA_at,AFFX-M27830_3_at,"[0.8501606742846116, 0.02319168229236658]"
0.72,AFFX-HUMISGF3A/M97935_MA_at,AFFX-HUMGAPDH/M33197_M_st,"[0.7755871323857858, 0.13588211191841174]"
0.72,AFFX-HUMISGF3A/M97935_MA_at,AFFX-HSAC07/X00351_M_st,"[0.8830932096054537, 0.20543948248341737]"
0.72,AFFX-HUMISGF3A/M97935_MA_at,A28102_at,"[0.8652098781997425, 0.10858275534524015]"
0.72,AFFX-HUMISGF3A/M97935_MA_at,AB000115_at,"[0.8504392463079086, 0.0036824383963831586]"
0.72,AFFX-HUMISGF3A/M97935_MA_at,AB000464_at,"[0.8467414806845183, -0.11601332660076591]"
0.72,AFFX-HUMISGF3A/M97935_MA_at,AB001325_at,"[0.8567648684209984, -0.058052055615794185]"
0.72,AFFX-HUMISGF3A/M97935_MA_at,AB002315_at,"[0.9688050849262667, 0.3803388131483243]"
0.72,AFFX-HUMISGF3A/M97935_MA_at,AC000061_cds2_at,"[0.8923341635118379, -0.14739747352794105]"
0.72,AFFX-HUMISGF3A/M97935_MA_at,AC000064_cds1_at,"[0.921819991869676, 0.3636729505566297]"
0.72,AFFX-HUMISGF3A/M97935_MA_at,AF000231_at,"[0.9126109120314593, -0.6684864961132182]"
0.72,AFFX-HUMISGF3A/M97935_MA_at,AF000560_at,"[1.0544436741743337, 0.2629567892291562]"
0.72,AFFX-HUMISGF3A/M97935_MA_at,AF000562_at,"[0.9140461422848248, 0.35174246445822566]"
0.72,AFFX-HUMISGF3A/M97935_MA_at,AF003743_at,"[0.8739284723939386, -0.07771440522198825]"
0.72,AFFX-HUMISGF3A/M97935_MA_at,AF007875_at,"[0.90039456990408, -0.14454859767664607]"
0.72,AFFX-HUMISGF3A/M97935_MA_at,AF008445_at,"[0.7516219480768865, 0.14266716573365334]"
0.72,AFFX-HUMISGF3A/M97935_MA_at,AF010193_at,"[0.8573159107428482, -0.11882151415731035]"
0.72,AFFX-HUMISGF3A/M97935_MA_at,AJ001421_at,"[0.8427403853209846, 0.17575011028042073]"
0.72,AFFX-HUMISGF3A/M97935_MA_at,D00017_at,"[0.8456728896874021, 0.005715730714792255]"
0.72,AFFX-HUMISGF3A/M97935_MA_at,D00596_at,"[0.941264745135265, -0.14402168728095088]"
0.72,AFFX-HUMISGF3A/M97935_MA_at,D00632_at,"[0.8711545284367551, 0.2483202450597734]"
0.72,AFFX-HUMISGF3A/M97935_MB_at,AFFX-HUMTFRR/M11507_5_at,"[0.6616527631519686, 1.3885229005350819]"
0.72,AFFX-HUMISGF3A/M97935_MB_at,AC002073_cds1_at,"[0.5362354243811487, 1.1833613220247003]"
0.72,AFFX-HUMISGF3A/M97935_3_at,AFFX-HUMTFRR/M11507_5_at,"[0.3901881337131785, 1.4717921526279885]"
0.72,AFFX-HUMRGE/M10098_3_at,AFFX-HUMGAPDH/M33197_M_st,"[-0.5007493367867095, 1.4159634787570419]"
0.72,AFFX-HUMGAPDH/M33197_M_at,AB000584_at,"[0.016771315095188588, 0.7762415456482135]"
0.72,AFFX-HSAC07/X00351_M_at,AB000584_at,"[0.03169480370259903, 0.7771507797459103]"
0.72,AFFX-HUMTFRR/M11507_5_at,AB000115_at,"[1.42702269524326, -0.10721634280857856]"
0.72,AFFX-HUMTFRR/M11507_5_at,AB000468_at,"[1.9363631378629311, -0.7149762290543009]"
0.72,AFFX-HUMTFRR/M11507_5_at,AF006087_at,"[1.722972840619428, -0.773057847876963]"
0.72,AFFX-HUMTFRR/M11507_5_at,D00632_at,"[1.6887176949178289, 0.5526315412179512]"
0.72,AFFX-HSAC07/X00351_M_st,AC002073_cds1_at,"[0.2999462915504818, 1.3574401698634984]"
0.72,AB000449_at,AB002315_at,"[-1.5613945679167112, 0.907083203188966]"
0.72,AB000449_at,AF003743_at,"[-2.0805928160464324, -0.7204361485978249]"
0.72,AB000449_at,AF006084_at,"[-1.7924465508294514, 0.6837818905456967]"
0.72,AB000468_at,AF003743_at,"[-1.1526505369976454, -0.839065625225956]"
0.72,AB000584_at,AF015913_at,"[0.6851999130681254, -0.28755638275200956]"
0.72,AB002315_at,D00596_at,"[0.9054187690626312, -0.760450322806495]"
0.72,AB002559_at,AF008445_at,"[0.9618471570214463, 0.7444561287784999]"
0.72,AC002073_cds1_at,AF009301_at,"[1.2426793452234475, -0.8000504079194892]"
0.71,AFFX-HUMISGF3A/M97935_MA_at,AFFX-HUMGAPDH/M33197_M_at,"[0.8585509464128541, 0.03723129854661078]"
0.71,AFFX-HUMISGF3A/M97935_MA_at,AFFX-HSAC07/X00351_5_at,"[0.849772010355384, -0.02536326044116244]"
0.71,AFFX-HUMISGF3A/M97935_MA_at,AB000584_at,"[0.8332614896570963, 0.5954331246427988]"
0.71,AFFX-HUMISGF3A/M97935_MA_at,AB003177_at,"[0.8434204808487268, 0.04076972324155437]"
0.71,AFFX-HUMISGF3A/M97935_MA_at,AF015910_at,"[0.8525786130671876, -0.007563626408742086]"
0.71,AFFX-HUMISGF3A/M97935_MA_at,AF015913_at,"[0.7785817184032039, -0.5568189277648694]"
0.71,AFFX-HUMISGF3A/M97935_MB_at,AFFX-HUMISGF3A/M97935_3_at,"[0.001852838268577739, -0.0008271246622374995]"
0.71,AFFX-HUMISGF3A/M97935_MB_at,AFFX-HUMRGE/M10098_5_at,"[0.0003760936734283904, 1.9296792209022584e-05]"
0.71,AFFX-HUMISGF3A/M97935_MB_at,AFFX-HUMRGE/M10098_M_at,"[0.0011052488297781382, 3.4215998943404324e-05]"
0.71,AFFX-HUMISGF3A/M97935_MB_at,AFFX-HUMGAPDH/M33197_M_at,"[0.000988140480084998, -5.601994130888244e-05]"
0.71,AFFX-HUMISGF3A/M97935_MB_at,AFFX-HSAC07/X00351_5_at,"[0.000638040447786925, -5.385230480925429e-05]"
0.71,AFFX-HUMISGF3A/M97935_MB_at,AFFX-HSAC07/X00351_M_at,"[0.0006071962213055615, -4.3569974367496656e-05]"
0.71,AFFX-HUMISGF3A/M97935_MB_at,AFFX-M27830_5_at,"[0.0007177227264093533, -6.404834864648379e-05]"
0.71,AFFX-HUMISGF3A/M97935_MB_at,AFFX-M27830_3_at,"[0.00022243343351313616, -0.00033432241449359024]"
0.71,AFFX-HUMISGF3A/M97935_MB_at,A28102_at,"[0.00014833665296898335, 2.374477912275852e-05]"
0.71,AFFX-HUMISGF3A/M97935_MB_at,AB000464_at,"[8.158452584183795e-05, 0.00045676274856609744]"
0.71,AFFX-HUMISGF3A/M97935_MB_at,AB001106_at,"[0.0004387726275797421, 0.00021588055817241356]"
0.71,AFFX-HUMISGF3A/M97935_MB_at,AB001325_at,"[0.00015950259494268426, 0.0004372844997591052]"
0.71,AFFX-HUMISGF3A/M97935_MB_at,AB002382_at,"[0.0012564341088189268, -0.00013422956929198815]"
0.71,AFFX-HUMISGF3A/M97935_MB_at,AB003177_at,"[0.0003267494702338114, 0.00021878971579758488]"
0.71,AFFX-HUMISGF3A/M97935_MB_at,AC000061_cds2_at,"[9.243961068616802e-05, -0.00028175745876444364]"
0.71,AFFX-HUMISGF3A/M97935_MB_at,AC002115_rna2_at,"[0.000330206169155578, 0.00047533467442451016]"
0.71,AFFX-HUMISGF3A/M97935_MB_at,AF002224_at,"[9.871998559174422e-06, -0.00016883163834691128]"
0.71,AFFX-HUMISGF3A/M97935_MB_at,AF006041_at,"[-3.133740756744441e-05, 2.6158052826019684e-06]"
0.71,AFFX-HUMISGF3A/M97935_3_at,AFFX-HUMRGE/M10098_5_at,"[-4.693040515701963e-06, -1.9232996178342177e-05]"
0.71,AFFX-HUMISGF3A/M97935_3_at,AFFX-HUMRGE/M10098_M_at,"[-8.544659855042047e-05, 5.723409444519101e-06]"
0.71,AFFX-HUMISGF3A/M97935_3_at,AFFX-HUMRGE/M10098_3_at,"[6.942855192410002e-05, -5.304943188733091e-06]"
0.71,AFFX-HUMISGF3A/M97935_3_at,AFFX-HUMGAPDH/M33197_5_at,"[4.6293258633645085e-05, -4.893923021054292e-06]"
0.71,AFFX-HUMISGF3A/M97935_3_at,AFFX-HUMGAPDH/M33197_M_at,"[-1.5863999667187212e-05, -7.945291166766566e-05]"
0.71,AFFX-HUMISGF3A/M97935_3_at,AFFX-HSAC07/X00351_5_at,"[-7.180637019560399e-05, 7.661286600324502e-05]"
0.71,AFFX-HUMISGF3A/M97935_3_at,AFFX-HSAC07/X00351_M_at,"[0.00013359803129692205, -6.77422350880974e-06]"
0.71,AFFX-HUMISGF3A/M97935_3_at,AFFX-M27830_5_at,"[-4.1244841123722065e-05, 0.0001296568384030472]"
0.71,AFFX-HUMISGF3A/M97935_3_at,AFFX-M27830_M_at,"[6.910634492168777e-05, -0.000241439169011759]"
0.71,AFFX-HUMISGF3A/M97935_3_at,AFFX-M27830_3_at,"[0.00035946969625261227, 0.0003399011780109845]"
0.71,AFFX-HUMISGF3A/M97935_3_at,AFFX-HSAC07/X00351_3_st,"[7.032424387359848e-05, 0.0002940253110950142]"
0.71,AFFX-HUMISGF3A/M97935_3_at,AFFX-HUMGAPDH/M33197_3_st,"[9.899211288560972e-05, -1.4789315585184148e-05]"
0.71,AFFX-HUMISGF3A/M97935_3_at,AFFX-HSAC07/X00351_M_st,"[0.0003905074046271495, 0.0006370300829834363]"
0.71,AFFX-HUMISGF3A/M97935_3_at,A28102_at,"[7.747794979190425e-05, 4.428020102348329e-05]"
0.71,AFFX-HUMISGF3A/M97935_3_at,AB000115_at,"[-0.00012783630531337797, -7.103488082504938e-05]"
0.71,AFFX-HUMISGF3A/M97935_3_at,AB000464_at,"[0.0002278476403390628, 0.000259886294019962]"
0.71,AFFX-HUMISGF3A/M97935_3_at,AB001106_at,"[-0.0004015915798216141, 6.112633339845717e-05]"
0.71,AFFX-HUMISGF3A/M97935_3_at,AB001325_at,"[0.00012943371093993017, -0.00010520238713551677]"
0.71,AFFX-HUMISGF3A/M97935_3_at,AB002315_at,"[-0.0005664296510307643, -7.404099360508454e-05]"
0.71,AFFX-HUMISGF3A/M97935_3_at,AB002318_at,"[0.00027046669788483024, -0.0002523601592155922]"
0.71,AFFX-HUMISGF3A/M97935_3_at,AB002382_at,"[-0.00023356315628036972, -1.2104381146627041e-05]"
0.71,AFFX-HUMISGF3A/M97935_3_at,AB002559_at,"[0.14238679025338646, 0.8384420144519764]"
0.71,AFFX-HUMISGF3A/M97935_3_at,AB003177_at,"[-0.00013272927842095106, -0.0002651963819449987]"
0.71,AFFX-HUMISGF3A/M97935_3_at,AC000061_cds2_at,"[5.258805730706806e-05, -0.00041818522650336615]"
0.71,AFFX-HUMISGF3A/M97935_3_at,AC002115_cds1_at,"[-0.0005935270957952432, -0.0007388080910484263]"
0.71,AFFX-HUMISGF3A/M97935_3_at,AC002115_rna2_at,"[-0.0007992387056305339, 8.323109971908327e-05]"
0.71,AFFX-HUMISGF3A/M97935_3_at,AF000231_at,"[0.0006319753737722977, -0.0005344648837206645]"
0.71,AFFX-HUMISGF3A/M97935_3_at,AF000560_at,"[5.1110274778720655e-05, 6.697872587579923e-05]"
0.71,AFFX-HUMISGF3A/M97935_3_at,AF000562_at,"[0.0007848379776183578, 0.0010891834191166794]"
0.71,AFFX-HUMISGF3A/M97935_3_at,AF002224_at,"[8.108837228265608e-05, -1.0599526340526744e-05]"
0.71,AFFX-HUMISGF3A/M97935_3_at,AF002700_at,"[0.00012508616851253374, 0.00015288574641160457]"
0.71,AFFX-HUMISGF3A/M97935_3_at,AF003743_at,"[2.9813375391152253e-05, -5.139856163127732e-05]"
0.71,AFFX-HUMISGF3A/M97935_3_at,AF006041_at,"[-9.790704844053755e-05, 4.754558256792052e-05]"
0.71,AFFX-HUMISGF3A/M97935_3_at,AF006084_at,"[-0.0004581023636895387, 0.00031166024181994434]"
0.71,AFFX-HUMISGF3A/M97935_3_at,AF006087_at,"[8.197025136708058e-05, 4.823163774503314e-05]"
0.71,AFFX-HUMISGF3A/M97935_3_at,AF007875_at,"[6.8848149706313144e-06, -0.0005440725712990702]"
0.71,AFFX-HUMISGF3A/M97935_3_at,AF008937_at,"[-0.0005417116529917165, 0.006936899238286803]"
0.71,AFFX-HUMISGF3A/M97935_3_at,AF009301_at,"[0.00021808654678695527, -0.00043429689116658565]"
0.71,AFFX-HUMISGF3A/M97935_3_at,AF010193_at,"[0.000351666549600671, 0.00011559493980262125]"
0.71,AFFX-HUMISGF3A/M97935_3_at,AJ001421_at,"[5.028850478816516e-07, 8.699462880609743e-05]"
0.71,AFFX-HUMISGF3A/M97935_3_at,D00017_at,"[-9.618795670573999e-06, 3.46654828683457e-05]"
0.71,AFFX-HUMRGE/M10098_5_at,AFFX-HUMRGE/M10098_3_at,"[0.5306195130759144, -0.6360756435618686]"
0.71,AFFX-HUMRGE/M10098_5_at,AFFX-HUMGAPDH/M33197_5_at,"[-7.574717315161905e-06, 6.278915083024472e-05]"
0.71,AFFX-HUMRGE/M10098_5_at,AFFX-HUMGAPDH/M33197_M_at,"[1.7357981474397377e-06, 0.00017185562833343937]"
0.71,AFFX-HUMRGE/M10098_5_at,AFFX-HSAC07/X00351_5_at,"[-5.012983252949965e-06, 0.0002981042460348249]"
0.71,AFFX-HUMRGE/M10098_5_at,AFFX-HSAC07/X00351_M_at,"[-0.00013406251946923575, 5.363593549256862e-05]"
0.71,AFFX-HUMRGE/M10098_5_at,AFFX-M27830_5_at,"[-0.00016862893454350214, 0.0002457608200407968]"
0.71,AFFX-HUMRGE/M10098_5_at,AFFX-M27830_M_at,"[-0.00018287266170480265, 0.0002454543510963525]"
0.71,AFFX-HUMRGE/M10098_5_at,AFFX-M27830_3_at,"[-2.448179876912704e-05, 0.00042205471987190324]"
0.71,AFFX-HUMRGE/M10098_5_at,AFFX-HSAC07/X00351_3_st,"[1.942029348933616e-05, -4.842667710280857e-05]"
0.71,AFFX-HUMRGE/M10098_5_at,AFFX-HUMGAPDH/M33197_3_st,"[-0.00018966634111583502, 0.0005502282692818605]"
0.71,AFFX-HUMRGE/M10098_5_at,A28102_at,"[-2.0634523190121712e-05, 0.00016977305659110487]"
0.71,AFFX-HUMRGE/M10098_5_at,AB000115_at,"[-1.8978461393537316e-06, 7.058677029680993e-05]"
0.71,AFFX-HUMRGE/M10098_5_at,AB000464_at,"[-3.3348485755535506e-05, -1.1526425481855895e-05]"
0.71,AFFX-HUMRGE/M10098_5_at,AB001106_at,"[-3.4769154075853237e-06, -0.0006652806718401702]"
0.71,AFFX-HUMRGE/M10098_5_at,AB001325_at,"[2.1935655171834156e-05, -0.0003725919369998998]"
0.71,AFFX-HUMRGE/M10098_5_at,AB002315_at,"[3.760198123226033e-05, 0.0002795387424092688]"
0.71,AFFX-HUMRGE/M10098_5_at,AB002318_at,"[2.274998666340622e-06, 6.82556873898843e-06]"
0.71,AFFX-HUMRGE/M10098_5_at,AB002382_at,"[1.1836900748463108e-07, -4.57172502854597e-07]"
0.71,AFFX-HUMRGE/M10098_5_at,AB003177_at,"[-4.013022264270916e-06, 2.3170682956430433e-05]"
0.71,AFFX-HUMRGE/M10098_5_at,AC000061_cds2_at,"[-3.312934674815082e-05, 0.00013985883696845253]"
0.71,AFFX-HUMRGE/M10098_5_at,AC002115_cds1_at,"[-3.542795468858273e-05, -0.0012437717576094798]"
0.71,AFFX-HUMRGE/M10098_5_at,AC002115_rna2_at,"[-1.419636612265407e-06, 0.00020986191682503819]"
0.71,AFFX-HUMRGE/M10098_5_at,AF000231_at,"[-0.00021448919554911683, -0.0030872446860710223]"
0.71,AFFX-HUMRGE/M10098_5_at,AF000562_at,"[1.5754246129873195e-07, 0.00017652341577978348]"
0.71,AFFX-HUMRGE/M10098_5_at,AF002224_at,"[-2.132563161216794e-05, 0.00016425353915983099]"
0.71,AFFX-HUMRGE/M10098_5_at,AF002700_at,"[-2.0243487726556708e-05, 0.001158291287845517]"
0.71,AFFX-HUMRGE/M10098_5_at,AF003743_at,"[1.5233315059592911e-05, 4.5431506012771905e-05]"
0.71,AFFX-HUMRGE/M10098_5_at,AF006041_at,"[-0.00013182915942300255, 7.838140786642356e-05]"
0.71,AFFX-HUMRGE/M10098_5_at,AF006084_at,"[-4.9658173684630214e-05, 0.001052571691123938]"
0.71,AFFX-HUMRGE/M10098_5_at,AF006087_at,"[-1.3930166008702116e-05, -0.0004869533758085076]"
0.71,AFFX-HUMRGE/M10098_5_at,AF007875_at,"[-0.00032597626504005106, -0.0012115697285726146]"
0.71,AFFX-HUMRGE/M10098_5_at,AF008937_at,"[-0.00025993987662564777, 0.0072236382696229395]"
0.71,AFFX-HUMRGE/M10098_5_at,AF010193_at,"[-1.0381219284649745e-05, -0.00034807314897622454]"
0.71,AFFX-HUMRGE/M10098_5_at,AF015910_at,"[5.305423205204107e-06, -2.928947659708303e-05]"
0.71,AFFX-HUMRGE/M10098_5_at,AJ001421_at,"[-1.2439157499155584e-05, -1.7269800292596393e-07]"
0.71,AFFX-HUMRGE/M10098_5_at,D00017_at,"[4.837759954279264e-05, 7.973125704563433e-05]"
0.71,AFFX-HUMRGE/M10098_M_at,AFFX-HUMRGE/M10098_3_at,"[3.896774772940703e-05, -2.149489357261558e-05]"
0.71,AFFX-HUMRGE/M10098_M_at,AFFX-HUMGAPDH/M33197_5_at,"[-0.00013440456447141869, 6.499634721857106e-05]"
0.71,AFFX-HUMRGE/M10098_M_at,AFFX-HUMGAPDH/M33197_M_at,"[-0.0002003475967607693, 6.527821460178274e-05]"
0.71,AFFX-HUMRGE/M10098_M_at,AFFX-HSAC07/X00351_5_at,"[-2.8478597754177937e-06, 3.6185475785543986e-05]"
0.71,AFFX-HUMRGE/M10098_M_at,AFFX-HSAC07/X00351_M_at,"[-0.00014780954187418316, 0.00010968765906804734]"
0.71,AFFX-HUMRGE/M10098_M_at,AFFX-M27830_M_at,"[-1.6374345273850732e-06, 2.5072302398676527e-06]"
0.71,AFFX-HUMRGE/M10098_M_at,AFFX-M27830_3_at,"[-1.385482886559486e-05, 0.00023927879893671788]"
0.71,AFFX-HUMRGE/M10098_M_at,AFFX-HUMGAPDH/M33197_3_st,"[-0.00013097388733082638, 0.0006570217232965136]"
0.71,AFFX-HUMRGE/M10098_M_at,A28102_at,"[-8.96756519733477e-05, 0.0004744753578196925]"
0.71,AFFX-HUMRGE/M10098_M_at,AB000115_at,"[1.3564449891229069e-05, -0.00011303665821005282]"
0.71,AFFX-HUMRGE/M10098_M_at,AB000464_at,"[-1.0176394064392857e-05, -5.138512067159873e-05]"
0.71,AFFX-HUMRGE/M10098_M_at,AB001106_at,"[-7.504855547488254e-05, -0.0009617669035040652]"
0.71,AFFX-HUMRGE/M10098_M_at,AB001325_at,"[-8.474187601956173e-05, 0.000641794288619213]"
0.71,AFFX-HUMRGE/M10098_M_at,AB002315_at,"[-7.433968025302717e-05, 0.0009183734120976617]"
0.71,AFFX-HUMRGE/M10098_M_at,AB002318_at,"[8.472416461416388e-05, 6.381614208073039e-06]"
0.71,AFFX-HUMRGE/M10098_M_at,AB002382_at,"[0.00010525730813784606, -0.00025571214974406953]"
0.71,AFFX-HUMRGE/M10098_M_at,AB003177_at,"[-5.5128273554000407e-05, 0.00029702481171611783]"
0.71,AFFX-HUMRGE/M10098_M_at,AC000061_cds2_at,"[2.3791686093455056e-08, -4.563101069541414e-05]"
0.71,AFFX-HUMRGE/M10098_M_at,AC002115_cds1_at,"[-2.288050743434744e-05, -0.0029706337701025376]"
0.71,AFFX-HUMRGE/M10098_M_at,AC002115_rna2_at,"[5.3648740197559386e-05, 0.0008069216586809036]"
0.71,AFFX-HUMRGE/M10098_M_at,AF000562_at,"[-2.178793362803133e-05, 0.0005683213171501222]"
0.71,AFFX-HUMRGE/M10098_M_at,AF003743_at,"[-0.00011167318301116835, -2.4457350863205107e-05]"
0.71,AFFX-HUMRGE/M10098_M_at,AF006041_at,"[-1.818596143907114e-05, -0.0003242914522596507]"
0.71,AFFX-HUMRGE/M10098_M_at,AF006084_at,"[3.0054241667493153e-05, 0.0012386327805625763]"
0.71,AFFX-HUMRGE/M10098_M_at,AF006087_at,"[1.741190853268848e-05, -0.0005970274846980317]"
0.71,AFFX-HUMRGE/M10098_M_at,AF010193_at,"[-1.937952090189099e-05, -8.375268005589298e-05]"
0.71,AFFX-HUMRGE/M10098_M_at,AF015910_at,"[1.6655203539939212e-06, -5.468174274192439e-05]"
0.71,AFFX-HUMRGE/M10098_M_at,AJ001421_at,"[1.7983337690458123e-05, 0.0002312633067061698]"
0.71,AFFX-HUMRGE/M10098_M_at,D00017_at,"[2.348664127485578e-05, -6.254462926580384e-05]"
0.71,AFFX-HUMRGE/M10098_3_at,AFFX-HUMGAPDH/M33197_5_at,"[1.9044027492309823e-05, -2.215749748435414e-05]"
0.71,AFFX-HUMRGE/M10098_3_at,AFFX-HSAC07/X00351_5_at,"[-6.568925874361753e-06, 7.26770086245665e-05]"
0.71,AFFX-HUMRGE/M10098_3_at,AFFX-HSAC07/X00351_M_at,"[2.330795141780584e-06, -1.2825704339913813e-05]"
0.71,AFFX-HUMRGE/M10098_3_at,AFFX-M27830_5_at,"[-0.0006687471892528052, 0.0006336500052301908]"
0.71,AFFX-HUMRGE/M10098_3_at,AFFX-M27830_M_at,"[1.3075315826505118e-05, 4.138302512668446e-06]"
0.71,AFFX-HUMRGE/M10098_3_at,AFFX-M27830_3_at,"[-9.36340375901068e-06, -2.781858278287641e-05]"
0.71,AFFX-HUMRGE/M10098_3_at,AFFX-HUMGAPDH/M33197_3_st,"[-0.0001531231105378339, 0.00075181820557646]"
0.71,AFFX-HUMRGE/M10098_3_at,AB000115_at,"[8.365741329718901e-05, 1.8531852428171902e-05]"
0.71,AFFX-HUMRGE/M10098_3_at,AB000464_at,"[-1.0341676855318838e-05, 6.121419995497313e-05]"
0.71,AFFX-HUMRGE/M10098_3_at,AB001106_at,"[-1.3793344843193722e-05, 5.5639609732386665e-05]"
0.71,AFFX-HUMRGE/M10098_3_at,AB001325_at,"[0.00013005897255791155, 0.00033333461665430164]"
0.71,AFFX-HUMRGE/M10098_3_at,AB002315_at,"[0.00013694713772194334, 0.000675814911749395]"
0.71,AFFX-HUMRGE/M10098_3_at,AB002318_at,"[0.00020900505048215834, 0.00013788979713724725]"
0.71,AFFX-HUMRGE/M10098_3_at,AB002382_at,"[3.282001231674769e-05, -0.0005324395166560469]"
0.71,AFFX-HUMRGE/M10098_3_at,AB003177_at,"[1.2164969304784279e-05, 2.198835715838676e-06]"
0.71,AFFX-HUMRGE/M10098_3_at,AC000061_cds2_at,"[1.285867010647479e-06, -0.0003853690258167411]"
0.71,AFFX-HUMRGE/M10098_3_at,AC002115_cds1_at,"[5.8362273287926314e-05, -0.0005596332292707729]"
0.71,AFFX-HUMRGE/M10098_3_at,AF000562_at,"[3.796021719182363e-08, 0.0001622526694404769]"
0.71,AFFX-HUMRGE/M10098_3_at,AF002224_at,"[1.5504253093823195e-05, 6.01489779078479e-05]"
0.71,AFFX-HUMRGE/M10098_3_at,AF003743_at,"[-3.868140176166435e-06, 0.0001363404067116214]"
0.71,AFFX-HUMRGE/M10098_3_at,AF006041_at,"[6.728514481313397e-05, -5.940413060212535e-05]"
0.71,AFFX-HUMRGE/M10098_3_at,AF006087_at,"[-8.761926730826985e-05, -0.0018848221811276211]"
0.71,AFFX-HUMRGE/M10098_3_at,AF010193_at,"[0.00012338238656006695, -8.434571456161777e-06]"
0.71,AFFX-HUMRGE/M10098_3_at,AF014958_at,"[2.1967941193246077e-05, -0.00026371227807511777]"
0.71,AFFX-HUMRGE/M10098_3_at,AF015910_at,"[-3.0265857127176332e-06, -8.060086071381978e-05]"
0.71,AFFX-HUMRGE/M10098_3_at,AJ001421_at,"[6.944860299729072e-05, 0.000345444585429705]"
0.71,AFFX-HUMRGE/M10098_3_at,D00017_at,"[-1.3442165496257985e-06, -7.074431234488365e-06]"
0.71,AFFX-HUMGAPDH/M33197_5_at,AFFX-HUMGAPDH/M33197_M_at,"[0.0014738207386231217, -0.0012477637979175782]"
0.71,AFFX-HUMGAPDH/M33197_5_at,AFFX-HSAC07/X00351_5_at,"[0.0007931402307392865, -0.0013604583495165912]"
0.71,AFFX-HUMGAPDH/M33197_5_at,AFFX-HSAC07/X00351_M_at,"[-0.0003653703309125511, 0.00031217378047765365]"
0.71,AFFX-HUMGAPDH/M33197_5_at,AFFX-M27830_5_at,"[-5.531627083055213e-06, -0.00014160259535822561]"
0.71,AFFX-HUMGAPDH/M33197_5_at,AFFX-M27830_M_at,"[0.00024819708015977326, -4.6327421282743586e-05]"
0.71,AFFX-HUMGAPDH/M33197_5_at,AFFX-M27830_3_at,"[5.590947564915183e-06, 0.00010319509289959117]"
0.71,AFFX-HUMGAPDH/M33197_5_at,AFFX-HUMGAPDH/M33197_3_st,"[4.063217192262769e-05, -0.0002531860364783922]"
0.71,AFFX-HUMGAPDH/M33197_5_at,AFFX-HSAC07/X00351_M_st,"[-7.276543315404282e-05, 0.00022944210420972055]"
0.71,AFFX-HUMGAPDH/M33197_5_at,A28102_at,"[6.550778679503821e-07, -1.546462383100744e-05]"
0.71,AFFX-HUMGAPDH/M33197_5_at,AB000115_at,"[-2.248948541128115e-05, -0.00011001028056822904]"
0.71,AFFX-HUMGAPDH/M33197_5_at,AB000464_at,"[1.785615704941179e-05, -7.959209604302409e-05]"
0.71,AFFX-HUMGAPDH/M33197_5_at,AB001106_at,"[7.804641174269378e-05, 0.000160099581454313]"
0.71,AFFX-HUMGAPDH/M33197_5_at,AB001325_at,"[3.961511592942557e-05, -0.0005751921897005907]"
0.71,AFFX-HUMGAPDH/M33197_5_at,AB002315_at,"[9.677779993078062e-05, 0.0011406827442104195]"
0.71,AFFX-HUMGAPDH/M33197_5_at,AB002318_at,"[2.2550963896694753e-05, 0.00026896178724855613]"
0.71,AFFX-HUMGAPDH/M33197_5_at,AB002382_at,"[1.0400663795540055e-05, -1.5758006571053862e-05]"
0.71,AFFX-HUMGAPDH/M33197_5_at,AB003177_at,"[1.0468350937209436e-06, -6.945661266910541e-06]"
0.71,AFFX-HUMGAPDH/M33197_5_at,AC000061_cds2_at,"[0.00010426450946576793, -0.0005651942969643123]"
0.71,AFFX-HUMGAPDH/M33197_5_at,AC000064_cds1_at,"[7.050675952857688e-06, 0.0005902829909616436]"
0.71,AFFX-HUMGAPDH/M33197_5_at,AC002115_cds1_at,"[0.00025159530593166224, -0.0018655023659821524]"
0.71,AFFX-HUMGAPDH/M33197_5_at,AC002115_rna2_at,"[-3.5533894562345125e-05, 0.00016626876412006997]"
0.71,AFFX-HUMGAPDH/M33197_5_at,AF000231_at,"[-0.00035742320588516563, -0.0016741480252056018]"
0.71,AFFX-HUMGAPDH/M33197_5_at,AF000560_at,"[1.0456350983734097e-05, -6.400086144253692e-05]"
0.71,AFFX-HUMGAPDH/M33197_5_at,AF000562_at,"[-9.369664026870339e-07, -6.638047152485171e-05]"
0.71,AFFX-HUMGAPDH/M33197_5_at,AF002224_at,"[6.117406739836184e-06, 0.00020244973760441543]"
0.71,AFFX-HUMGAPDH/M33197_5_at,AF002700_at,"[-3.8191291225952995e-05, 0.0003760710721126964]"
0.71,AFFX-HUMGAPDH/M33197_5_at,AF003743_at,"[-9.145467303905974e-06, -2.75700049781058e-05]"
0.71,AFFX-HUMGAPDH/M33197_5_at,AF006041_at,"[0.00020559571598832704, 6.155780522387744e-05]"
0.71,AFFX-HUMGAPDH/M33197_5_at,AF006084_at,"[6.844659143334653e-05, 1.4781915918526956e-05]"
0.71,AFFX-HUMGAPDH/M33197_5_at,AF007875_at,"[-0.0003765988639172768, -0.0011243043615831727]"
0.71,AFFX-HUMGAPDH/M33197_5_at,AF008937_at,"[-0.00039493955020608595, 0.0014069271126311567]"
0.71,AFFX-HUMGAPDH/M33197_5_at,AF009301_at,"[-6.637740513237844e-06, 2.745873785192643e-05]"
0.71,AFFX-HUMGAPDH/M33197_5_at,AF010193_at,"[7.8741304307961e-06, -3.815452347377679e-05]"
0.71,AFFX-HUMGAPDH/M33197_5_at,AF015910_at,"[5.3723051137044564e-05, 4.121501241516334e-06]"
0.71,AFFX-HUMGAPDH/M33197_5_at,AJ001421_at,"[-6.008420702263706e-05, 4.6034104879660864e-05]"
0.71,AFFX-HUMGAPDH/M33197_5_at,D00017_at,"[0.00020189781940738172, -9.387634061996941e-06]"
0.71,AFFX-HUMGAPDH/M33197_M_at,AFFX-HSAC07/X00351_5_at,"[-0.0002511456653211397, 0.00023176634629606951]"
0.71,AFFX-HUMGAPDH/M33197_M_at,AFFX-HSAC07/X00351_M_at,"[-0.00039063747283041295, 0.0003281201065079564]"
0.71,AFFX-HUMGAPDH/M33197_M_at,AFFX-HUMTFRR/M11507_5_at,"[-0.28112782620446763, 1.6058842568298195]"
0.71,AFFX-HUMGAPDH/M33197_M_at,AFFX-M27830_5_at,"[-0.00014482412607907946, -7.226670351068165e-05]"
0.71,AFFX-HUMGAPDH/M33197_M_at,AFFX-M27830_M_at,"[6.40716827033927e-05, -0.00015031742791160596]"
0.71,AFFX-HUMGAPDH/M33197_M_at,AFFX-M27830_3_at,"[-1.7357975129250747e-05, -8.147801027064139e-07]"
0.71,AFFX-HUMGAPDH/M33197_M_at,AFFX-HUMGAPDH/M33197_3_st,"[4.864508231872122e-05, -0.0004900570842750751]"
0.71,AFFX-HUMGAPDH/M33197_M_at,A28102_at,"[1.5887110083490086e-05, -0.000151515519743739]"
0.71,AFFX-HUMGAPDH/M33197_M_at,AB000115_at,"[1.8740660496341377e-05, 0.00022859118851181748]"
0.71,AFFX-HUMGAPDH/M33197_M_at,AB000464_at,"[6.23229409084658e-05, -5.474067222643875e-05]"
0.71,AFFX-HUMGAPDH/M33197_M_at,AB001106_at,"[6.519986309960757e-06, -9.459291430632087e-06]"
0.71,AFFX-HUMGAPDH/M33197_M_at,AB001325_at,"[-2.7496976767515946e-05, -1.70418350498025e-06]"
0.71,AFFX-HUMGAPDH/M33197_M_at,AB002315_at,"[0.00011638017260207079, 0.0015928702929879357]"
0.71,AFFX-HUMGAPDH/M33197_M_at,AB002318_at,"[2.9896053685085633e-05, -9.163950558088718e-05]"
0.71,AFFX-HUMGAPDH/M33197_M_at,AB002382_at,"[-1.614538132521659e-06, -7.627576357494004e-05]"
0.71,AFFX-HUMGAPDH/M33197_M_at,AB003177_at,"[-8.528650316641517e-06, 0.0003893211061100077]"
0.71,AFFX-HUMGAPDH/M33197_M_at,AC000061_cds2_at,"[-1.3589903585575769e-05, 5.421301523513694e-05]"
0.71,AFFX-HUMGAPDH/M33197_M_at,AC002115_cds1_at,"[0.001115947843021381, -0.008976385769825512]"
0.71,AFFX-HUMGAPDH/M33197_M_at,AC002115_rna2_at,"[3.1545898610652046e-05, 5.370185962239038e-05]"
0.71,AFFX-HUMGAPDH/M33197_M_at,AF000231_at,"[-0.0002677009294176358, -0.0015026612765713931]"
0.71,AFFX-HUMGAPDH/M33197_M_at,AF000560_at,"[6.058547045295626e-05, -5.663970374492067e-06]"
0.71,AFFX-HUMGAPDH/M33197_M_at,AF000562_at,"[-0.00011326071078787692, 3.480756405949137e-05]"
0.71,AFFX-HUMGAPDH/M33197_M_at,AF002224_at,"[1.3633838262805398e-06, 0.0001739551336933376]"
0.71,AFFX-HUMGAPDH/M33197_M_at,AF002700_at,"[8.893957985200984e-06, 7.86587759841334e-05]"
0.71,AFFX-HUMGAPDH/M33197_M_at,AF003743_at,"[-2.5610093271843937e-05, -9.176664337262608e-05]"
0.71,AFFX-HUMGAPDH/M33197_M_at,AF006041_at,"[-5.5209514148835126e-05, -0.00016463496892260565]"
0.71,AFFX-HUMGAPDH/M33197_M_at,AF006084_at,"[3.280489933032982e-07, -3.413441618582702e-06]"
0.71,AFFX-HUMGAPDH/M33197_M_at,AF006087_at,"[0.00012793850849401878, -7.256028553115357e-06]"
0.71,AFFX-HUMGAPDH/M33197_M_at,AF007875_at,"[-0.00025631516900848084, -0.000725603328111335]"
0.71,AFFX-HUMGAPDH/M33197_M_at,AF008937_at,"[-0.00036613424305631526, 0.0015592291822143223]"
0.71,AFFX-HUMGAPDH/M33197_M_at,AF010193_at,"[-0.00018222214717855678, -1.581548896179008e-05]"
0.71,AFFX-HUMGAPDH/M33197_M_at,AF014958_at,"[-0.00012891844199902636, 3.790017754831676e-05]"
0.71,AFFX-HUMGAPDH/M33197_M_at,AF015910_at,"[-3.2896737964804856e-06, 7.0276178848471815e-06]"
0.71,AFFX-HUMGAPDH/M33197_M_at,AJ001421_at,"[1.5436021437942316e-05, 7.809832750227397e-07]"
0.71,AFFX-HUMGAPDH/M33197_M_at,D00017_at,"[0.00013551864156635673, -9.222840689193657e-05]"
0.71,AFFX-HSAC07/X00351_5_at,AFFX-HSAC07/X00351_M_at,"[-0.0009770731969140911, 0.0005274860014226057]"
0.71,AFFX-HSAC07/X00351_5_at,AFFX-M27830_5_at,"[0.00014879829401337474, -9.412725345692152e-05]"
0.71,AFFX-HSAC07/X00351_5_at,AFFX-M27830_M_at,"[-6.753856574448491e-06, -5.330978935313979e-05]"
0.71,AFFX-HSAC07/X00351_5_at,AFFX-M27830_3_at,"[-9.526584470620492e-05, -4.6562860685148144e-05]"
0.71,AFFX-HSAC07/X00351_5_at,AFFX-HUMGAPDH/M33197_3_st,"[4.451655473047822e-05, -0.00028824024332341214]"
0.71,AFFX-HSAC07/X00351_5_at,AFFX-HSAC07/X00351_M_st,"[0.0003298334423007532, -0.00020422420373122918]"
0.71,AFFX-HSAC07/X00351_5_at,A28102_at,"[-0.0003296324365607006, -0.00022921112907131613]"
0.71,AFFX-HSAC07/X00351_5_at,AB000115_at,"[-2.5912087757262725e-05, -0.00012249294088428897]"
0.71,AFFX-HSAC07/X00351_5_at,AB000464_at,"[0.00024037607524718396, -5.441767166414202e-05]"
0.71,AFFX-HSAC07/X00351_5_at,AB001106_at,"[-8.602859381312555e-06, -5.9247233616096205e-05]"
0.71,AFFX-HSAC07/X00351_5_at,AB001325_at,"[-0.00020019196458775923, -8.874915848577913e-05]"
0.71,AFFX-HSAC07/X00351_5_at,AB002315_at,"[9.500210509827411e-06, 0.0009289039786586351]"
0.71,AFFX-HSAC07/X00351_5_at,AB002318_at,"[0.00027329447122781403, -0.0004404056127557121]"
0.71,AFFX-HSAC07/X00351_5_at,AB002382_at,"[0.00031041658480290835, -6.753094555234096e-05]"
0.71,AFFX-HSAC07/X00351_5_at,AB003177_at,"[-1.3713283529170894e-05, 0.0007622050272321212]"
0.71,AFFX-HSAC07/X00351_5_at,AC000061_cds2_at,"[6.603811159067163e-05, -0.00033411821603044484]"
0.71,AFFX-HSAC07/X00351_5_at,AC002115_cds1_at,"[-0.00018563345955158184, -0.0012695950452172866]"
0.71,AFFX-HSAC07/X00351_5_at,AC002115_rna2_at,"[1.7331953365840036e-05, -7.266945208106446e-05]"
0.71,AFFX-HSAC07/X00351_5_at,AF000231_at,"[-0.0009256554715619814, -0.0036832044658934304]"
0.71,AFFX-HSAC07/X00351_5_at,AF000560_at,"[2.3243146998197517e-05, 0.00013256197897604238]"
0.71,AFFX-HSAC07/X00351_5_at,AF000562_at,"[-4.884625042222979e-07, 1.8898070745621e-05]"
0.71,AFFX-HSAC07/X00351_5_at,AF002224_at,"[-8.978894707212248e-05, -0.00020413726433099466]"
0.71,AFFX-HSAC07/X00351_5_at,AF002700_at,"[-5.156192047195418e-05, 0.00012739794452433506]"
0.71,AFFX-HSAC07/X00351_5_at,AF003743_at,"[2.1103893601548407e-06, 4.514606059213833e-06]"
0.71,AFFX-HSAC07/X00351_5_at,AF006041_at,"[1.5587712780984475e-05, 6.76798551637603e-05]"
0.71,AFFX-HSAC07/X00351_5_at,AF006084_at,"[5.0876524937848444e-05, -4.160811951314791e-06]"
0.71,AFFX-HSAC07/X00351_5_at,AF007875_at,"[-0.0004877919514925111, -0.001062481019491246]"
0.71,AFFX-HSAC07/X00351_5_at,AF008937_at,"[-0.0007267852787506968, 0.002625692278784647]"
0.71,AFFX-HSAC07/X00351_5_at,AF009301_at,"[-1.2210754761099452e-05, 3.702655237303176e-05]"
0.71,AFFX-HSAC07/X00351_5_at,AF010193_at,"[2.0293390178949267e-05, 0.00020296095686700433]"
0.71,AFFX-HSAC07/X00351_5_at,AF014958_at,"[2.2747542743672966e-05, 6.807500014180401e-05]"
0.71,AFFX-HSAC07/X00351_5_at,AF015910_at,"[-0.00016512998480067154, 3.1419374551755475e-05]"
0.71,AFFX-HSAC07/X00351_5_at,AJ001421_at,"[2.8466594521603383e-05, -0.00024233026692535575]"
0.71,AFFX-HSAC07/X00351_5_at,D00017_at,"[5.2839362368217735e-05, -2.490441711333613e-05]"
0.71,AFFX-HSAC07/X00351_M_at,AFFX-M27830_5_at,"[-3.840454621117928e-05, 5.432453618947619e-06]"
0.71,AFFX-HSAC07/X00351_M_at,AFFX-M27830_M_at,"[0.00012712127998648626, -1.1500823474452915e-05]"
0.71,AFFX-HSAC07/X00351_M_at,AFFX-M27830_3_at,"[0.00015676576966550115, -1.4655186175480117e-05]"
0.71,AFFX-HSAC07/X00351_M_at,AFFX-HUMGAPDH/M33197_3_st,"[1.0824626221594968e-05, -7.812887612657082e-05]"
0.71,AFFX-HSAC07/X00351_M_at,AB000115_at,"[5.27427546481718e-06, -1.2424754968431984e-05]"
0.71,AFFX-HSAC07/X00351_M_at,AB000464_at,"[9.53769043392505e-05, -0.0005427294125157633]"
0.71,AFFX-HSAC07/X00351_M_at,AB001106_at,"[2.616788312659324e-05, 6.231175744760096e-05]"
0.71,AFFX-HSAC07/X00351_M_at,AB001325_at,"[4.4744300979893126e-06, -0.00011923401664892808]"
0.71,AFFX-HSAC07/X00351_M_at,AB002315_at,"[9.981187085950083e-05, 0.0013827614244816822]"
0.71,AFFX-HSAC07/X00351_M_at,AB002318_at,"[2.4001528663664118e-05, 0.00046101474006776666]"
0.71,AFFX-HSAC07/X00351_M_at,AB002382_at,"[-3.0275912040078623e-05, -0.0007135712651974435]"
0.71,AFFX-HSAC07/X00351_M_at,AB003177_at,"[5.0495231845193445e-05, -0.00047408406071658415]"
0.71,AFFX-HSAC07/X00351_M_at,AC000061_cds2_at,"[5.596342378888508e-05, -0.0003456529144872725]"
0.71,AFFX-HSAC07/X00351_M_at,AC002115_cds1_at,"[0.00020412582196494, -0.0017657360845735326]"
0.71,AFFX-HSAC07/X00351_M_at,AC002115_rna2_at,"[0.00026755135767908556, -0.0008701111510983628]"
0.71,AFFX-HSAC07/X00351_M_at,AF000560_at,"[-6.237870184966354e-05, 0.00028271828418624523]"
0.71,AFFX-HSAC07/X00351_M_at,AF000562_at,"[7.347994128714674e-07, -5.2877893246261465e-06]"
0.71,AFFX-HSAC07/X00351_M_at,AF002224_at,"[-2.6932079309371915e-05, -0.00010139498646732914]"
0.71,AFFX-HSAC07/X00351_M_at,AF002700_at,"[-5.4363561781567427e-05, 0.0004124184552804083]"
0.71,AFFX-HSAC07/X00351_M_at,AF003743_at,"[5.135668911870894e-05, -1.5600022025719085e-05]"
0.71,AFFX-HSAC07/X00351_M_at,AF006041_at,"[-1.3912896568157862e-07, 2.8300692838101327e-05]"
0.71,AFFX-HSAC07/X00351_M_at,AF006084_at,"[-0.00010001238710222182, -4.216433408976705e-06]"
0.71,AFFX-HSAC07/X00351_M_at,AF010193_at,"[-1.4720394019285266e-06, -2.6751168548555526e-05]"
0.71,AFFX-HSAC07/X00351_M_at,AF015910_at,"[5.624896593392492e-06, -0.00014947569570911146]"
0.71,AFFX-HSAC07/X00351_M_at,AJ001421_at,"[-2.9384833495349483e-06, 0.0002468077638836108]"
0.71,AFFX-HSAC07/X00351_M_at,D00017_at,"[4.693682047340886e-05, -9.677123457008108e-07]"
0.71,AFFX-HUMTFRR/M11507_5_at,AB002382_at,"[1.5120134000726362, -0.5893571708706227]"
0.71,AFFX-M27830_5_at,AFFX-M27830_M_at,"[-3.955784198428347e-06, 3.8935944972617875e-05]"
0.71,AFFX-M27830_5_at,AFFX-M27830_3_at,"[5.060638025033981e-05, -0.0007471392055611176]"
0.71,AFFX-M27830_5_at,AFFX-HUMGAPDH/M33197_3_st,"[-0.0001645356669812692, 0.0005673461099192645]"
0.71,AFFX-M27830_5_at,A28102_at,"[3.7775010521823305e-05, -6.400741667245136e-07]"
0.71,AFFX-M27830_5_at,AB000115_at,"[4.4821808342643266e-05, 0.0002760482091805905]"
0.71,AFFX-M27830_5_at,AB000464_at,"[-8.32659106699829e-05, 0.00013578058475949284]"
0.71,AFFX-M27830_5_at,AB001106_at,"[-0.00016647180214457435, -0.00035467795355574507]"
0.71,AFFX-M27830_5_at,AB001325_at,"[-0.0001176916469458611, 5.132356665482618e-05]"
0.71,AFFX-M27830_5_at,AB002315_at,"[-8.852440041673404e-05, 0.0006006987027116217]"
0.71,AFFX-M27830_5_at,AB002318_at,"[8.595961818924636e-05, -0.00032013520890628033]"
0.71,AFFX-M27830_5_at,AB002382_at,"[-4.1041765528326835e-06, 3.52770913925049e-07]"
0.71,AFFX-M27830_5_at,AB003177_at,"[3.154449612585708e-05, 0.00038698410525450644]"
0.71,AFFX-M27830_5_at,AC000061_cds2_at,"[1.9220854106105634e-05, 2.0086821418539846e-05]"
0.71,AFFX-M27830_5_at,AC002115_cds1_at,"[-3.4397435304533985e-06, -0.0017856790184307414]"
0.71,AFFX-M27830_5_at,AC002115_rna2_at,"[-1.5902479586049623e-05, -1.428628138755439e-05]"
0.71,AFFX-M27830_5_at,AF000560_at,"[-0.00013371624591451692, 0.0005254987223697327]"
0.71,AFFX-M27830_5_at,AF000562_at,"[-0.00012371641567243685, 0.00042613508608901896]"
0.71,AFFX-M27830_5_at,AF003743_at,"[0.00010797050369992789, -0.00028317301621294533]"
0.71,AFFX-M27830_5_at,AF006041_at,"[0.00019413033161574944, 0.0003495924256613492]"
0.71,AFFX-M27830_5_at,AF006084_at,"[-0.00019164303330088117, 0.0005957680465119575]"
0.71,AFFX-M27830_5_at,AF006087_at,"[-7.639124157465815e-05, -0.0017260649181514154]"
0.71,AFFX-M27830_5_at,AF007875_at,"[-0.00018150561816243638, -0.0006032759207645899]"
0.71,AFFX-M27830_5_at,AF008937_at,"[-0.009235918214950178, 0.08932843230403267]"
0.71,AFFX-M27830_5_at,AF010193_at,"[-1.779782707034272e-05, 0.00018360561407360088]"
0.71,AFFX-M27830_5_at,AF014958_at,"[4.421134256471504e-06, -1.7456239382901417e-05]"
0.71,AFFX-M27830_5_at,AF015910_at,"[-5.841671336392906e-05, -0.0001587994954689309]"
0.71,AFFX-M27830_5_at,AJ001421_at,"[5.2352134536359785e-05, 0.0006669820051362352]"
0.71,AFFX-M27830_5_at,D00017_at,"[-1.609587696060899e-05, -1.843965237913192e-05]"
0.71,AFFX-M27830_M_at,AFFX-M27830_3_at,"[-2.211155605724713e-06, -3.6977024467907404e-05]"
0.71,AFFX-M27830_M_at,AFFX-HUMGAPDH/M33197_3_st,"[-0.0003790190893036005, 0.00031860033576169844]"
0.71,AFFX-M27830_M_at,AFFX-HSAC07/X00351_M_st,"[-0.0002541668060325186, 0.0007069657205525104]"
0.71,AFFX-M27830_M_at,A28102_at,"[6.440490569437074e-05, 0.00013442666229518396]"
0.71,AFFX-M27830_M_at,AB000115_at,"[-1.389482771552153e-05, -5.1688775587255265e-05]"
0.71,AFFX-M27830_M_at,AB000464_at,"[4.12413203099149e-06, -4.432312496605029e-05]"
0.71,AFFX-M27830_M_at,AB001106_at,"[-0.00019016017647155437, -4.646191161676496e-05]"
0.71,AFFX-M27830_M_at,AB001325_at,"[-0.00011071950562291377, 0.00037529148876336293]"
0.71,AFFX-M27830_M_at,AB002315_at,"[0.00023381487795637312, 0.0007325838923892825]"
0.71,AFFX-M27830_M_at,AB002318_at,"[-6.469328310965139e-05, 0.00011294834155461952]"
0.71,AFFX-M27830_M_at,AB002382_at,"[-8.296779127059395e-05, -0.0003867656921324736]"
0.71,AFFX-M27830_M_at,AB003177_at,"[-9.552766569331794e-06, 8.491765617268943e-05]"
0.71,AFFX-M27830_M_at,AC000061_cds2_at,"[-2.51002358320207e-06, -0.00011987110766940173]"
0.71,AFFX-M27830_M_at,AC002073_cds1_at,"[-0.059559796697384204, 0.8802759455933185]"
0.71,AFFX-M27830_M_at,AC002115_cds1_at,"[-0.00018146710552224832, -0.0012128415815180205]"
0.71,AFFX-M27830_M_at,AC002115_rna2_at,"[3.556322853759397e-05, 7.665211834073649e-05]"
0.71,AFFX-M27830_M_at,AF000231_at,"[8.77290354721616e-05, -0.001105742705622026]"
0.71,AFFX-M27830_M_at,AF000560_at,"[-0.0001365239048731759, 0.00021211155703504403]"
0.71,AFFX-M27830_M_at,AF000562_at,"[-1.5590672545418016e-05, 6.499074575572195e-05]"
0.71,AFFX-M27830_M_at,AF002224_at,"[-1.0827246269773383e-05, -1.6668192373781032e-05]"
0.71,AFFX-M27830_M_at,AF002700_at,"[-0.0001515817199000402, 0.0010276348880989966]"
0.71,AFFX-M27830_M_at,AF003743_at,"[-0.00027385749068509213, 0.00019992646640210054]"
0.71,AFFX-M27830_M_at,AF006041_at,"[-6.943520775459788e-05, -7.893081118215406e-05]"
0.71,AFFX-M27830_M_at,AF006084_at,"[0.0002747467112818036, 0.0002232007750567755]"
0.71,AFFX-M27830_M_at,AF006087_at,"[-0.00011879327906294535, -0.0019150559586171845]"
0.71,AFFX-M27830_M_at,AF007875_at,"[-0.0005575171333114248, -0.001283227541866383]"
0.71,AFFX-M27830_M_at,AF008937_at,"[-0.0003345806759633696, 0.0016573494981511339]"
0.71,AFFX-M27830_M_at,AF010193_at,"[-0.00027835842979451186, -0.00018291431716899176]"
0.71,AFFX-M27830_M_at,AF014958_at,"[-0.00033130056369268246, -7.286338181081153e-05]"
0.71,AFFX-M27830_M_at,AF015910_at,"[-0.00010035789089579694, 0.0003284928392631725]"
0.71,AFFX-M27830_M_at,AF015913_at,"[-0.44752784443544025, -1.5687644277282269]"
0.71,AFFX-M27830_M_at,AJ001421_at,"[-0.00013943779850089655, -6.505031136630479e-05]"
0.71,AFFX-M27830_M_at,D00017_at,"[2.0764387058669342e-06, -0.0001343506572232256]"
0.71,AFFX-M27830_3_at,AFFX-HSAC07/X00351_3_st,"[1.2090173493697898e-05, -0.00036764591627647114]"
0.71,AFFX-M27830_3_at,AFFX-HUMGAPDH/M33197_3_st,"[0.00010664570628395043, -0.0003762441815281514]"
0.71,AFFX-M27830_3_at,AFFX-HSAC07/X00351_M_st,"[0.0003747270412264442, 0.00023646976104307882]"
0.71,AFFX-M27830_3_at,A28102_at,"[-0.00012957836889858354, -0.00017849000904107681]"
0.71,AFFX-M27830_3_at,AB000115_at,"[0.0003404623394785006, 9.319668527263403e-05]"
0.71,AFFX-M27830_3_at,AB000464_at,"[-0.00014528904324938308, -2.1021119709141445e-05]"
0.71,AFFX-M27830_3_at,AB001106_at,"[-4.1029618001550694e-05, 3.36613682238732e-05]"
0.71,AFFX-M27830_3_at,AB001325_at,"[-8.717653269994796e-05, -0.00010410438976604652]"
0.71,AFFX-M27830_3_at,AB002315_at,"[9.287460170727402e-05, 5.290336721186506e-05]"
0.71,AFFX-M27830_3_at,AB002318_at,"[0.0001765974344219018, -0.00035593642255149494]"
0.71,AFFX-M27830_3_at,AB002382_at,"[0.0006167763217599515, 0.0003250651223601908]"
0.71,AFFX-M27830_3_at,AB003177_at,"[0.0002261316154348464, 0.00018372865709548325]"
0.71,AFFX-M27830_3_at,AC000061_cds2_at,"[1.974696035716983e-07, -0.0004310500972445133]"
0.71,AFFX-M27830_3_at,AC000064_cds1_at,"[-0.0003222343481945472, 0.00033950816355510227]"
0.71,AFFX-M27830_3_at,AC002115_cds1_at,"[8.81295310828506e-05, -0.0004951272735223]"
0.71,AFFX-M27830_3_at,AC002115_rna2_at,"[0.000254917627435583, 0.00042236281798324615]"
0.71,AFFX-M27830_3_at,AF000231_at,"[0.00018957573572665753, -0.0008393038374767681]"
0.71,AFFX-M27830_3_at,AF000560_at,"[0.00011948020889664124, -9.488241993160784e-05]"
0.71,AFFX-M27830_3_at,AF000562_at,"[0.00021449869213642503, 0.0001877350133288047]"
0.71,AFFX-M27830_3_at,AF002224_at,"[-0.0005277061769335262, 0.00011521137115988456]"
0.71,AFFX-M27830_3_at,AF002700_at,"[-0.00017392715183438268, -0.0003180420028360137]"
0.71,AFFX-M27830_3_at,AF003743_at,"[1.2099018116509819e-05, -0.00011745454269584954]"
0.71,AFFX-M27830_3_at,AF006041_at,"[-0.00022481772695724656, -0.0001822179519672673]"
0.71,AFFX-M27830_3_at,AF006084_at,"[-8.502316145507505e-05, -3.257164795866796e-05]"
0.71,AFFX-M27830_3_at,AF006087_at,"[-0.0007020450556909225, -0.0006085269066566923]"
0.71,AFFX-M27830_3_at,AF007875_at,"[0.0007146621290845673, -0.0003423670498350351]"
0.71,AFFX-M27830_3_at,AF009301_at,"[-0.0008957577731256577, -0.0004899971704444006]"
0.71,AFFX-M27830_3_at,AF010193_at,"[-0.0001577801201244483, -0.0003615534042491486]"
0.71,AFFX-M27830_3_at,AF014958_at,"[-2.1713777387452615e-05, 2.334832038791701e-06]"
0.71,AFFX-M27830_3_at,AF015910_at,"[-1.1400880721032514e-05, 0.00014008692438582937]"
0.71,AFFX-M27830_3_at,AJ001421_at,"[0.00026525098661013546, -0.00017890076963081314]"
0.71,AFFX-M27830_3_at,D00017_at,"[2.298509216083766e-06, -2.4051718117146237e-07]"
0.71,AFFX-HSAC07/X00351_3_st,AB000449_at,"[-0.8761921917750906, -2.018925119504194]"
0.71,AFFX-HSAC07/X00351_3_st,AB000464_at,"[-0.0003760940696213577, -0.0002514815169283313]"
0.71,AFFX-HSAC07/X00351_3_st,AB001325_at,"[1.02759119020579e-05, -8.709532139938858e-07]"
0.71,AFFX-HSAC07/X00351_3_st,AB002318_at,"[-2.4300842858648863e-05, 2.0565042869846728e-05]"
0.71,AFFX-HSAC07/X00351_3_st,AB002382_at,"[-0.00020295855251606376, 0.00011689100562828347]"
0.71,AFFX-HSAC07/X00351_3_st,AB003177_at,"[-7.507468112732951e-06, 2.6938237090434747e-05]"
0.71,AFFX-HSAC07/X00351_3_st,AC000061_cds2_at,"[-1.3819483018151502e-05, 1.9405812246818532e-05]"
0.71,AFFX-HSAC07/X00351_3_st,AC002115_cds1_at,"[-3.69406703870645e-06, -0.0010836517282282188]"
0.71,AFFX-HSAC07/X00351_3_st,AF000562_at,"[-0.0010199030939677112, 0.0027102800741651834]"
0.71,AFFX-HSAC07/X00351_3_st,AF003743_at,"[-0.00030925444164675575, -0.000323152140787375]"
0.71,AFFX-HSAC07/X00351_3_st,AJ001421_at,"[2.1752063539937083e-05, 0.00014181293569456854]"
0.71,AFFX-HUMGAPDH/M33197_M_st,AB001106_at,"[1.53886624959243e-05, -0.00018886000384336823]"
0.71,AFFX-HUMGAPDH/M33197_M_st,AB002318_at,"[0.0005008377831710875, 0.00011576483566722029]"
0.71,AFFX-HUMGAPDH/M33197_M_st,AB002559_at,"[0.7484148603038612, 1.7827071629667501]"
0.71,AFFX-HUMGAPDH/M33197_M_st,AF000562_at,"[0.012095679672389531, 0.023630965319179964]"
0.71,AFFX-HUMGAPDH/M33197_M_st,AF002224_at,"[0.0004304246009528556, 0.0004765198767110457]"
0.71,AFFX-HUMGAPDH/M33197_M_st,AF008937_at,"[0.8931573227303413, 1.5713029184566925]"
0.71,AFFX-HUMGAPDH/M33197_M_st,AJ001421_at,"[0.00011157575541495546, 0.0002761425875418]"
0.71,AFFX-HUMGAPDH/M33197_3_st,AFFX-HSAC07/X00351_M_st,"[-0.00036200809420472435, 0.00031728374723050123]"
0.71,AFFX-HUMGAPDH/M33197_3_st,A28102_at,"[4.305119105507682e-05, 2.1760725794017777e-05]"
0.71,AFFX-HUMGAPDH/M33197_3_st,AB000115_at,"[4.068742001439585e-05, -8.438072971150845e-05]"
0.71,AFFX-HUMGAPDH/M33197_3_st,AB000464_at,"[-0.00039399124470940183, 0.00024310642893232703]"
0.71,AFFX-HUMGAPDH/M33197_3_st,AB001106_at,"[-4.425718765121989e-05, 0.00027536873964924356]"
0.71,AFFX-HUMGAPDH/M33197_3_st,AB001325_at,"[8.29495579502959e-05, 0.00012756358443111182]"
0.71,AFFX-HUMGAPDH/M33197_3_st,AB002315_at,"[0.0002657228648496046, -4.3782618349030855e-05]"
0.71,AFFX-HUMGAPDH/M33197_3_st,AB002318_at,"[-4.318766654398676e-05, -0.0005211629050775324]"
0.71,AFFX-HUMGAPDH/M33197_3_st,AB002382_at,"[3.207735577281934e-05, 0.0005543067736933915]"
0.71,AFFX-HUMGAPDH/M33197_3_st,AB003177_at,"[-0.0001725595001244029, -0.00015142903841514066]"
0.71,AFFX-HUMGAPDH/M33197_3_st,AC000061_cds2_at,"[0.0005202993179659332, 2.939227698375152e-05]"
0.71,AFFX-HUMGAPDH/M33197_3_st,AC002115_cds1_at,"[-7.679340077693109e-05, -0.001297458171537258]"
0.71,AFFX-HUMGAPDH/M33197_3_st,AC002115_rna2_at,"[0.000171551454369534, -0.0001198060623573971]"
0.71,AFFX-HUMGAPDH/M33197_3_st,AF000231_at,"[-0.0004658384142034455, -0.0009120182341104677]"
0.71,AFFX-HUMGAPDH/M33197_3_st,AF000560_at,"[9.797163715663526e-05, 0.0005561892932997026]"
0.71,AFFX-HUMGAPDH/M33197_3_st,AF000562_at,"[0.00014286947015562657, 0.0007225991264778742]"
0.71,AFFX-HUMGAPDH/M33197_3_st,AF002224_at,"[0.00025639716039982385, 5.585288572096392e-05]"
0.71,AFFX-HUMGAPDH/M33197_3_st,AF002700_at,"[0.00012284734345369142, 2.0298183001435377e-05]"
0.71,AFFX-HUMGAPDH/M33197_3_st,AF003743_at,"[-4.087684437659167e-05, -4.240600801219685e-05]"
0.71,AFFX-HUMGAPDH/M33197_3_st,AF006041_at,"[4.215244489313985e-05, 3.2323861788086106e-05]"
0.71,AFFX-HUMGAPDH/M33197_3_st,AF006084_at,"[-4.401050687163899e-05, 0.00015249600856359624]"
0.71,AFFX-HUMGAPDH/M33197_3_st,AF006087_at,"[-6.384984328244858e-05, -0.0003927894973330126]"
0.71,AFFX-HUMGAPDH/M33197_3_st,AF007875_at,"[-2.309077270334914e-05, 1.6903202589402255e-05]"
0.71,AFFX-HUMGAPDH/M33197_3_st,AF008937_at,"[0.03034484269624771, 0.1726107727761476]"
0.71,AFFX-HUMGAPDH/M33197_3_st,AF009301_at,"[-0.0001819246481474801, -0.0006926199874741634]"
0.71,AFFX-HUMGAPDH/M33197_3_st,AF010193_at,"[-0.00013509577702397468, -0.00014509146223207203]"
0.71,AFFX-HUMGAPDH/M33197_3_st,AF014958_at,"[-5.9938465367559424e-05, 4.55437713018092e-05]"
0.71,AFFX-HUMGAPDH/M33197_3_st,AF015910_at,"[-0.00013128664247263888, 5.138099145785002e-05]"
0.71,AFFX-HUMGAPDH/M33197_3_st,AJ001421_at,"[0.00022811631361252527, -7.714083969503904e-05]"
0.71,AFFX-HUMGAPDH/M33197_3_st,D00017_at,"[0.00036193566783471187, 6.60941709896834e-05]"
0.71,AFFX-HSAC07/X00351_M_st,AB000464_at,"[0.17724233362935182, -0.16603120324777998]"
0.71,AFFX-HSAC07/X00351_M_st,AB001106_at,"[-0.00011865859531656753, -4.570694820275802e-05]"
0.71,AFFX-HSAC07/X00351_M_st,AB001325_at,"[0.000778343685281957, -0.0019274205503276853]"
0.71,AFFX-HSAC07/X00351_M_st,AB002315_at,"[0.0006244130347798915, 0.0014912314869106602]"
0.71,AFFX-HSAC07/X00351_M_st,AB002318_at,"[0.0012318947968790184, -0.0013332033438123725]"
0.71,AFFX-HSAC07/X00351_M_st,AB003177_at,"[-5.514110702620201e-05, 1.6867133930564826e-05]"
0.71,AFFX-HSAC07/X00351_M_st,AC002115_cds1_at,"[9.435733600238194e-06, -4.3028652969567815e-05]"
0.71,AFFX-HSAC07/X00351_M_st,AF000231_at,"[-0.0006569045922129035, -0.001209239320711708]"
0.71,AFFX-HSAC07/X00351_M_st,AF000562_at,"[6.427294416866403e-05, 0.0002626105237375498]"
0.71,AFFX-HSAC07/X00351_M_st,AF002224_at,"[0.000790123131571896, -0.00041837731410943046]"
0.71,AFFX-HSAC07/X00351_M_st,AF002700_at,"[-1.830164296112713e-05, -1.8037722398042688e-05]"
0.71,AFFX-HSAC07/X00351_M_st,AF007875_at,"[-6.283990102007309e-05, -4.3294438033969485e-05]"
0.71,AFFX-HSAC07/X00351_M_st,AF009301_at,"[4.1895841622174856e-05, -0.00037950441028700155]"
0.71,AFFX-HSAC07/X00351_M_st,AF010193_at,"[-2.597194573628059e-05, -0.0004409825893609831]"
0.71,AFFX-HSAC07/X00351_M_st,AJ001421_at,"[0.00016317219510852965, -5.550034965509654e-05]"
0.71,AFFX-HSAC07/X00351_M_st,D00017_at,"[0.00021794382492812403, -6.663977007892452e-05]"
0.71,A28102_at,AB000115_at,"[3.1202123847440255e-06, -6.8479003210164535e-06]"
0.71,A28102_at,AB000464_at,"[1.2808696922050888e-05, 3.2377467609867594e-05]"
0.71,A28102_at,AB001106_at,"[-2.759051074441299e-06, -4.788344747782766e-07]"
0.71,A28102_at,AB001325_at,"[0.00017932319433217048, -0.0003183561786150868]"
0.71,A28102_at,AB002315_at,"[0.026233357653369815, 0.054868404039213114]"
0.71,A28102_at,AB002318_at,"[0.00022262253405652688, -0.0005024503854752504]"
0.71,A28102_at,AB002382_at,"[5.1978773348893004e-05, -0.0003004105046272576]"
0.71,A28102_at,AB003177_at,"[7.987755464028412e-05, -3.8918969976431406e-05]"
0.71,A28102_at,AC002115_cds1_at,"[0.00021257968399118754, -0.0016811708895527744]"
0.71,A28102_at,AC002115_rna2_at,"[0.0002239118636409576, 0.0006699760407969935]"
0.71,A28102_at,AF000562_at,"[1.3731083652601672e-05, -4.314700773733193e-05]"
0.71,A28102_at,AF007875_at,"[-2.7137518390396576e-05, -7.015921085629095e-05]"
0.71,A28102_at,AF008937_at,"[-4.564852780725159e-05, 0.003603068740611809]"
0.71,A28102_at,AF009301_at,"[0.0005329768253539702, -0.00014985817566470772]"
0.71,A28102_at,AF010193_at,"[3.728987530610128e-05, -3.813128088370199e-05]"
0.71,A28102_at,AF014958_at,"[2.4122485437871877e-05, 1.80866268095492e-05]"
0.71,A28102_at,AF015910_at,"[-8.038958770634208e-05, -8.212018496434048e-06]"
0.71,A28102_at,AJ001421_at,"[0.00012125965596904154, -8.165699631970669e-05]"
0.71,A28102_at,D00017_at,"[-0.00023371437968194853, -0.0002705439854046032]"
0.71,AB000115_at,AB000464_at,"[-9.633340257453327e-05, 6.851956314113394e-06]"
0.71,AB000115_at,AB001106_at,"[0.00013107854465532753, 0.0002791778031343154]"
0.71,AB000115_at,AB001325_at,"[-0.00010354102840137713, -3.765446857206811e-05]"
0.71,AB000115_at,AB002315_at,"[-1.6728112348651791e-06, 9.225529179257563e-06]"
0.71,AB000115_at,AB002318_at,"[0.0005096644619464463, 0.00023169010509371812]"
0.71,AB000115_at,AB002382_at,"[3.461954408079393e-05, -0.00014849061262578456]"
0.71,AB000115_at,AB003177_at,"[0.0006980620198366871, 0.000293376782910415]"
0.71,AB000115_at,AC000064_cds1_at,"[6.834075975747922e-05, 0.0007196730529668294]"
0.71,AB000115_at,AC002115_cds1_at,"[0.00076717286913075, -0.0013267204665421417]"
0.71,AB000115_at,AC002115_rna2_at,"[-0.00012629051949586412, 6.440267055618509e-05]"
0.71,AB000115_at,AF000231_at,"[2.046404983824246e-05, -2.784246118259226e-05]"
0.71,AB000115_at,AF000560_at,"[5.102804965684271e-06, -0.00015399509376745613]"
0.71,AB000115_at,AF000562_at,"[3.809964132495125e-05, -0.00012045423741824379]"
0.71,AB000115_at,AF002224_at,"[7.67073824605724e-05, 0.00017988464313767327]"
0.71,AB000115_at,AF002700_at,"[-0.00011582456086456361, 5.153491034616542e-05]"
0.71,AB000115_at,AF006041_at,"[0.00020646715355931988, -0.00016933308303812566]"
0.71,AB000115_at,AF006084_at,"[-4.618664016353691e-05, 9.040806965077142e-05]"
0.71,AB000115_at,AF010193_at,"[-1.1012290966672111e-05, -4.2652694467459895e-06]"
0.71,AB000115_at,AF014958_at,"[-6.715122235601001e-06, 1.3588733335789804e-07]"
0.71,AB000115_at,AF015910_at,"[-8.778198405945403e-06, 3.7562214127984106e-07]"
0.71,AB000115_at,AJ001421_at,"[1.2275288361340841e-05, 6.848647659793428e-05]"
0.71,AB000115_at,D00017_at,"[0.00018080409645682138, 0.0002296147260808512]"
0.71,AB000449_at,AF008937_at,"[-1.6902475545343025, 0.8079465284999372]"
0.71,AB000464_at,AB001106_at,"[1.7306787645221533e-06, 0.00012348974011984568]"
0.71,AB000464_at,AB001325_at,"[-0.00010800736241578512, 9.360192824514613e-05]"
0.71,AB000464_at,AB002315_at,"[-0.0004811209020589846, 0.0005939561372758639]"
0.71,AB000464_at,AB002318_at,"[2.0904685735123607e-05, 3.946807866639368e-06]"
0.71,AB000464_at,AB002382_at,"[-2.620002048425718e-06, 7.499488459006276e-05]"
0.71,AB000464_at,AB003177_at,"[-0.00015838317383853884, -8.769343644565719e-05]"
0.71,AB000464_at,AC000061_cds2_at,"[-3.8571644329410404e-05, 0.00013330966134796757]"
0.71,AB000464_at,AC002115_cds1_at,"[-4.254661969693707e-05, -0.003301089497449894]"
0.71,AB000464_at,AC002115_rna2_at,"[-2.914856606772709e-05, 9.990054658814973e-05]"
0.71,AB000464_at,AF000231_at,"[-0.00047630753518146385, -0.0015556452151874733]"
0.71,AB000464_at,AF000560_at,"[-0.00022232651689635397, -3.934457889087639e-05]"
0.71,AB000464_at,AF000562_at,"[2.0718999397706384e-05, -0.0001799794248604769]"
0.71,AB000464_at,AF002224_at,"[-0.00025916238439926964, 0.0003556965206602536]"
0.71,AB000464_at,AF003743_at,"[0.00013107324924077624, -9.699028346243921e-06]"
0.71,AB000464_at,AF006041_at,"[1.1321676515185786e-05, 8.889811162759997e-07]"
0.71,AB000464_at,AF006084_at,"[5.142311280592615e-05, -8.576865743170625e-05]"
0.71,AB000464_at,AF006087_at,"[0.00029501014526522873, -0.000507661716863339]"
0.71,AB000464_at,AF007875_at,"[-0.0004084923810714347, -0.00024825597834809976]"
0.71,AB000464_at,AF008937_at,"[-0.017031137214541525, 0.09833540684056666]"
0.71,AB000464_at,AF009301_at,"[-0.00031974405042167753, 0.00028997648076645177]"
0.71,AB000464_at,AF010193_at,"[0.0003901496047225006, -6.233873406347179e-05]"
0.71,AB000464_at,AF015910_at,"[4.882484093093886e-05, -0.0001480392376330686]"
0.71,AB000464_at,AJ001421_at,"[-8.660646855074283e-05, 0.0005314264197680829]"
0.71,AB000464_at,D00017_at,"[-7.491974506401711e-05, -4.0119243710168284e-05]"
0.71,AB000468_at,AC002115_cds1_at,"[-0.37941052183784374, -0.7518028423606591]"
0.71,AB000468_at,D00596_at,"[-0.3682686749487184, -0.660928149564776]"
0.71,AB001106_at,AB001325_at,"[9.37779796550001e-05, -3.896070531483886e-05]"
0.71,AB001106_at,AB002315_at,"[-0.00032865910498940023, -6.058164483357942e-05]"
0.71,AB001106_at,AB002318_at,"[0.000248141026491803, -2.749057662632115e-05]"
0.71,AB001106_at,AB002382_at,"[0.00012185129313242813, 8.689759481983472e-07]"
0.71,AB001106_at,AB003177_at,"[8.369664377912232e-05, -0.00031397754701278924]"
0.71,AB001106_at,AC000061_cds2_at,"[-0.00021085727023754854, -0.0007080899701811041]"
0.71,AB001106_at,AC002115_cds1_at,"[-0.0007038003717779037, -0.00043242270677446015]"
0.71,AB001106_at,AC002115_rna2_at,"[-0.0002497111455986153, 0.00041291537438292725]"
0.71,AB001106_at,AF000231_at,"[2.2857931325096295e-06, -1.1224533336129383e-06]"
0.71,AB001106_at,AF000560_at,"[6.978530642239109e-05, 6.104764571635002e-05]"
0.71,AB001106_at,AF000562_at,"[6.259924421665817e-05, -3.689637591008932e-05]"
0.71,AB001106_at,AF002224_at,"[-0.0003370343633584535, 0.0004609627788295656]"
0.71,AB001106_at,AF002700_at,"[5.908432291153263e-05, 1.695807950720385e-05]"
0.71,AB001106_at,AF003743_at,"[0.0001304959375167539, -0.00038808081177110765]"
0.71,AB001106_at,AF006041_at,"[-1.957401192646726e-05, 8.698406407159354e-05]"
0.71,AB001106_at,AF006084_at,"[-0.00011707337714654455, -1.2081695061616493e-05]"
0.71,AB001106_at,AF006087_at,"[2.3486800945397325e-05, -0.000301059952797722]"
0.71,AB001106_at,AF007875_at,"[0.001042930091896336, -0.001518658050773114]"
0.71,AB001106_at,AF008937_at,"[0.024882019125450808, 0.08717335616215507]"
0.71,AB001106_at,AF009301_at,"[7.457535251949397e-05, -8.746630619826945e-05]"
0.71,AB001106_at,AF010193_at,"[-8.103252828780237e-06, -1.076070039074395e-06]"
0.71,AB001106_at,AF014958_at,"[-0.00011300555043329465, 8.085320536196927e-05]"
0.71,AB001106_at,AF015910_at,"[-1.0743179537572e-05, -4.826014027348169e-05]"
0.71,AB001106_at,AJ001421_at,"[-3.155963742699965e-05, 5.486797207918115e-05]"
0.71,AB001106_at,D00017_at,"[-0.0003879533510034302, -6.968361934400757e-05]"
0.71,AB001325_at,AB002315_at,"[0.0001392123536771983, 0.0013785335054818937]"
0.71,AB001325_at,AB002318_at,"[-0.0003188353989567183, 9.012638530714323e-05]"
0.71,AB001325_at,AB002382_at,"[2.0724487912904266e-05, -0.000683940875861988]"
0.71,AB001325_at,AB003177_at,"[0.0002641673969576708, -2.213540952922255e-05]"
0.71,AB001325_at,AC000061_cds2_at,"[0.0007162305824635062, -0.0001426744807338856]"
0.71,AB001325_at,AC000064_cds1_at,"[-4.156339901362216e-05, 0.0007538985350374894]"
0.71,AB001325_at,AC002115_cds1_at,"[3.690971303127455e-05, 8.708558827486002e-05]"
0.71,AB001325_at,AC002115_rna2_at,"[-0.0002974289360309079, 0.00018712114678776093]"
0.71,AB001325_at,AF000231_at,"[-0.0006446446385361959, -0.0006192940761982069]"
0.71,AB001325_at,AF000560_at,"[-0.00012080112871926119, -9.224436460719687e-05]"
0.71,AB001325_at,AF000562_at,"[0.00033361579197910274, 0.0006824331192376576]"
0.71,AB001325_at,AF002224_at,"[0.00030801855647810683, 0.00020743970388281685]"
0.71,AB001325_at,AF002700_at,"[-0.00855038274925457, 0.007885909061829635]"
0.71,AB001325_at,AF003743_at,"[9.6241536654329e-05, -0.00014378909763879122]"
0.71,AB001325_at,AF006041_at,"[0.0003882532077601475, 0.0004048733909938207]"
0.71,AB001325_at,AF006084_at,"[3.59239364375874e-05, 0.0003044490454368054]"
0.71,AB001325_at,AF006087_at,"[-0.0006205685197762101, -0.0002813247623127957]"
0.71,AB001325_at,AF007875_at,"[0.00011099788021029511, 0.00010036430723547873]"
0.71,AB001325_at,AF008937_at,"[0.0006497285812705478, 0.003587999082836385]"
0.71,AB001325_at,AF009301_at,"[-0.0013983949550486763, -0.0019313185282450185]"
0.71,AB001325_at,AF010193_at,"[-0.0002598477780773045, -0.0002456312163257035]"
0.71,AB001325_at,AF014958_at,"[-3.382363589699011e-05, -3.202124687631813e-05]"
0.71,AB001325_at,AF015910_at,"[1.778747147485049e-05, -0.00040309045877873206]"
0.71,AB001325_at,AJ001421_at,"[0.00016291535825940784, -3.35697437602589e-05]"
0.71,AB001325_at,D00017_at,"[-0.00015699963307769238, 0.00019384075249828658]"
0.71,AB002315_at,AB002318_at,"[-6.600875086926195e-05, -1.913192209512804e-05]"
0.71,AB002315_at,AB002382_at,"[0.0005085018339570091, 2.6804818065273572e-05]"
0.71,AB002315_at,AB003177_at,"[0.0005126852809289595, 0.0007462505198360114]"
0.71,AB002315_at,AC000061_cds2_at,"[-0.00012231320722166927, -1.688211879988938e-05]"
0.71,AB002315_at,AC002115_cds1_at,"[6.449234444749763e-05, 0.0002133805268922373]"
0.71,AB002315_at,AC002115_rna2_at,"[-0.0001463980615228344, 0.0002457347773586749]"
0.71,AB002315_at,AF000231_at,"[0.0008926632434458348, -0.00018980337833673921]"
0.71,AB002315_at,AF000560_at,"[0.0005197263986036482, 0.0003183970668789726]"
0.71,AB002315_at,AF000562_at,"[0.0008832010180443994, 0.001438979048810296]"
0.71,AB002315_at,AF002224_at,"[-8.163663741900251e-06, 0.00014051611769272387]"
0.71,AB002315_at,AF002700_at,"[0.08335406425299707, 0.06727239348162363]"
0.71,AB002315_at,AF003743_at,"[0.0004382929292652271, -5.2258596042964456e-05]"
0.71,AB002315_at,AF006041_at,"[0.0005307416038582424, -6.685710364795483e-05]"
0.71,AB002315_at,AF006084_at,"[0.050723042066935786, 0.06909875254694742]"
0.71,AB002315_at,AF007875_at,"[0.010802677053912912, -0.009793600178612083]"
0.71,AB002315_at,AF010193_at,"[0.0006049980086877405, 9.606640585713144e-05]"
0.71,AB002315_at,AF015910_at,"[0.0004350789828602153, -0.00018272747062220152]"
0.71,AB002315_at,AJ001421_at,"[0.0003970402218143043, -0.00012337987272950657]"
0.71,AB002315_at,D00017_at,"[0.0005179649848581214, -0.00012661779483014168]"
0.71,AB002318_at,AB002382_at,"[0.00038994691285887395, 0.0005058915558820987]"
0.71,AB002318_at,AB003177_at,"[-1.2866846767267681e-05, 1.687196268485014e-05]"
0.71,AB002318_at,AC000061_cds2_at,"[-0.00022306647329151108, 0.00025017108135285543]"
0.71,AB002318_at,AC002115_cds1_at,"[-7.990705809257648e-07, -5.874864846866501e-05]"
0.71,AB002318_at,AC002115_rna2_at,"[-0.0008965685213345731, -0.000653851078201817]"
0.71,AB002318_at,AF000231_at,"[0.00016692070541368675, -8.111829913337587e-06]"
0.71,AB002318_at,AF000560_at,"[-0.0003322872408390021, -0.00030484114824780306]"
0.71,AB002318_at,AF000562_at,"[-0.0007871533466895508, 0.001643393077285893]"
0.71,AB002318_at,AF002224_at,"[0.0001406819441894802, 4.183561899939736e-05]"
0.71,AB002318_at,AF002700_at,"[-0.0009893034407634227, 0.0002745764373052323]"
0.71,AB002318_at,AF003743_at,"[-0.00015215181382599585, 4.6321205191990344e-05]"
0.71,AB002318_at,AF006041_at,"[0.00013855647689753336, -8.199489432314522e-05]"
0.71,AB002318_at,AF006084_at,"[-4.636677558900182e-06, -4.0859673463677915e-05]"
0.71,AB002318_at,AF006087_at,"[-0.0002467940029250437, -0.0002558713942111268]"
0.71,AB002318_at,AF007875_at,"[-3.996901124969643e-05, -0.000302015665595734]"
0.71,AB002318_at,AF008937_at,"[-0.01708800811827038, 0.050290653114492684]"
0.71,AB002318_at,AF009301_at,"[-0.000360498830995426, 0.0004737877455176509]"
0.71,AB002318_at,AF010193_at,"[-2.641330204655734e-05, -0.00045939811716944057]"
0.71,AB002318_at,AF014958_at,"[-0.00039849723984242136, -0.00030858605407149686]"
0.71,AB002318_at,AF015910_at,"[-0.00022295114558590345, -0.0002448658975061635]"
0.71,AB002318_at,AJ001421_at,"[-9.922864621592087e-05, 0.00016578436128220075]"
0.71,AB002318_at,D00017_at,"[-0.00044744947006025715, -0.00014674987434293296]"
0.71,AB002382_at,AB003177_at,"[-3.4809341964425755e-08, -1.5627360880787755e-05]"
0.71,AB002382_at,AC000061_cds2_at,"[3.816107887433251e-05, -0.00010713538712368159]"
0.71,AB002382_at,AC002115_cds1_at,"[-0.0006522439813178016, -0.0005759231056305936]"
0.71,AB002382_at,AC002115_rna2_at,"[0.000249797231181792, -0.0002417202234038518]"
0.71,AB002382_at,AF000231_at,"[5.295100564828292e-05, -0.0009663254588792025]"
0.71,AB002382_at,AF000560_at,"[-0.00010647627896298584, -4.82441744864559e-06]"
0.71,AB002382_at,AF000562_at,"[0.00018627439633045473, 0.00012409582398831276]"
0.71,AB002382_at,AF002224_at,"[-0.0002470014360999029, 0.0003533077126186557]"
0.71,AB002382_at,AF002700_at,"[-0.00024015877477390202, 0.0004184540027906275]"
0.71,AB002382_at,AF003743_at,"[-8.834304900806611e-05, -0.00012443579576926211]"
0.71,AB002382_at,AF006041_at,"[6.487997058457484e-05, 0.00021611008084398975]"
0.71,AB002382_at,AF006084_at,"[0.0005149381089394334, 0.0007050750658518234]"
0.71,AB002382_at,AF006087_at,"[-0.0004039193887862558, -0.0008625642445605486]"
0.71,AB002382_at,AF007875_at,"[-3.1110453487803724e-06, -0.00019946697082784404]"
0.71,AB002382_at,AF008937_at,"[-0.031873694108721096, 0.08178240197402833]"
0.71,AB002382_at,AF009301_at,"[-0.00046634547951407423, 0.0001233087691629997]"
0.71,AB002382_at,AF010193_at,"[-0.00019182063941813876, 0.00022329227467854373]"
0.71,AB002382_at,AF014958_at,"[-0.00010208758331875512, -0.00018234390197949257]"
0.71,AB002382_at,AF015910_at,"[-7.575873606879835e-05, -5.652302555081423e-05]"
0.71,AB002382_at,AJ001421_at,"[-0.0002897781453777837, -0.0002697834014030731]"
0.71,AB002382_at,D00017_at,"[-1.7012636185476104e-05, -1.4021832085431285e-06]"
0.71,AB002559_at,AC002115_rna2_at,"[1.1132467855199926, 0.42620949279161213]"
0.71,AB002559_at,D00596_at,"[1.482103402029136, -0.7825033429031595]"
0.71,AB003177_at,AC000061_cds2_at,"[0.00012411699045167257, -2.254491010154208e-05]"
0.71,AB003177_at,AC002115_cds1_at,"[-0.0008462475156950644, -0.0008136970267234034]"
0.71,AB003177_at,AC002115_rna2_at,"[6.850226615784383e-05, -7.023341300083086e-05]"
0.71,AB003177_at,AF000231_at,"[-0.0010082672482977229, -0.0009530591689317358]"
0.71,AB003177_at,AF000560_at,"[1.54761881866472e-05, -1.0461249330795397e-05]"
0.71,AB003177_at,AF000562_at,"[0.0006337058528488315, 0.00034937430398507274]"
0.71,AB003177_at,AF002224_at,"[-4.2352712088855604e-05, -7.741541147410214e-05]"
0.71,AB003177_at,AF002700_at,"[3.744367669622495e-05, 9.563166395124001e-06]"
0.71,AB003177_at,AF003743_at,"[2.0354146911150117e-05, -0.00021342398650192607]"
0.71,AB003177_at,AF006041_at,"[0.00011330141447196684, 0.00043861700444658425]"
0.71,AB003177_at,AF006084_at,"[0.0002589756969487711, -2.887331700873741e-05]"
0.71,AB003177_at,AF006087_at,"[0.0009086169157789259, -0.0005561070599680029]"
0.71,AB003177_at,AF007875_at,"[-0.00036215526431104816, -0.00021502219633728892]"
0.71,AB003177_at,AF008937_at,"[-0.014663392254098961, 0.0503121255192909]"
0.71,AB003177_at,AF009301_at,"[0.00021241043280284533, -0.0003076495449545469]"
0.71,AB003177_at,AF010193_at,"[-0.00027516087761358943, -0.00023254543889161816]"
0.71,AB003177_at,AF014958_at,"[-0.0003750658066107304, -0.00015970189797623324]"
0.71,AB003177_at,AF015910_at,"[-0.00018694212050751613, 0.00015433820387389385]"
0.71,AB003177_at,AJ001421_at,"[-2.6827507033977405e-05, -5.2011045677785583e-05]"
0.71,AB003177_at,D00017_at,"[-0.00017243015089885017, 0.00010635763540645105]"
0.71,AC000061_cds2_at,AC002115_cds1_at,"[-0.00020712890355954056, -0.002815696869026496]"
0.71,AC000061_cds2_at,AC002115_rna2_at,"[-0.00021996859115178818, -4.3567366882046876e-05]"
0.71,AC000061_cds2_at,AF000231_at,"[-0.0014259776849981712, -0.001831216329140295]"
